# File produced by Open Asset Import Library (http://www.assimp.sf.net)
# (assimp v5.0.0)

mtllib result.mtl

# 1605 vertex positions
v  354.92178 87.186241 169.60518
v  339.15359 87.186249 68.660202
v  340.8082 72.501495 68.660202
v  356.181 76.010239 169.60518
v  338.57114 87.186249 63.142223
v  340.24033 72.371872 63.142223
v  338.54163 87.186249 57.70438
v  340.21155 72.365311 57.70438
v  339.04214 87.186249 52.375923
v  340.69952 72.476692 52.375923
v  340.04962 87.186249 47.186108
v  341.6817 72.700867 47.186104
v  341.54092 87.186249 42.164169
v  343.13562 73.032722 42.164169
v  343.4931 87.186249 37.339375
v  345.03888 73.467133 37.339371
v  345.88309 87.186249 32.740955
v  347.36896 73.998947 32.740952
v  348.6879 87.186249 28.398169
v  350.10339 74.62307 28.398167
v  351.88437 87.186249 24.340263
v  353.21976 75.334366 24.340261
v  355.44958 87.186249 20.596487
v  356.69559 76.127686 20.596483
v  359.36044 87.186249 17.196087
v  360.50842 76.99794 17.196085
v  363.59393 87.186249 14.168312
v  364.63574 77.939972 14.168312
v  368.12695 87.186249 11.542412
v  369.05515 78.948669 11.542412
v  372.93655 87.186249 9.3476372
v  373.74411 80.018906 9.3476372
v  377.99963 87.186249 7.6132317
v  378.68027 81.145546 7.6132317
v  383.29318 87.186249 6.368454
v  383.84109 82.323479 6.368454
v  388.79413 87.186249 5.6425362
v  389.20413 83.547554 5.6425362
v  389.82965 87.186249 5.508358
v  390.21368 83.777977 5.508358
v  390.82953 87.186249 5.2807541
v  391.18848 84.000465 5.2807541
v  391.78952 87.186249 4.9645958
v  392.12439 84.214088 4.9645958
v  392.70554 87.186249 4.5647774
v  393.01746 84.417915 4.5647774
v  393.57336 87.186249 4.086174
v  393.86353 84.611031 4.086174
v  394.38895 87.186249 3.5336418
v  394.65869 84.792519 3.5336418
v  395.14807 87.186249 2.9120941
v  395.39877 84.961433 2.9120941
v  395.84665 87.186249 2.2263756
v  396.07977 85.116867 2.2263756
v  396.48041 87.186249 1.4813805
v  396.69769 85.257912 1.4813805
v  397.04535 87.186249 0.68198395
v  397.24847 85.383606 0.68198395
v  397.5372 87.186249 -0.1669426
v  397.72797 85.493065 -0.1669426
v  397.9519 87.186249 -1.0605164
v  398.13229 85.585342 -1.0605164
v  398.28525 87.186249 -1.9938583
v  398.45724 85.659515 -1.9938583
v  398.53311 87.186249 -2.9620972
v  398.69888 85.714668 -2.9620972
v  398.69128 87.186249 -3.9603577
v  398.85318 85.749878 -3.9603577
v  398.75574 87.186249 -4.9837494
v  398.91595 85.764206 -4.9837494
v  398.72223 87.186249 -6.0274048
v  398.88333 85.75676 -6.0274086
v  398.72223 87.186249 -67.294586
v  398.88333 85.75676 -67.294586
v  335.6496 87.186256 -75.463547
v  337.39203 71.721786 -75.463547
v  405.14633 87.186249 -71.96257
v  405.1463 87.186249 10.190395
v  393.95502 87.186249 10.190395
v  394.23563 84.695953 10.190395
v  388.45926 87.186249 10.478111
v  388.87762 83.473022 10.478111
v  383.14471 87.186249 11.320755
v  383.69632 82.290421 11.320755
v  378.03766 87.186249 12.687557
v  378.71735 81.154015 12.687557
v  373.16455 87.186249 14.547749
v  373.96637 80.069633 14.547749
v  368.55164 87.186249 16.870569
v  369.46915 79.043167 16.870567
v  364.22531 87.186249 19.625225
v  365.25128 78.080467 19.625225
v  360.21182 87.186249 22.780983
v  361.33844 77.187386 22.780979
v  356.5376 87.186249 26.307043
v  357.75632 76.369797 26.307039
v  353.22894 87.186249 30.172659
v  354.53061 75.633553 30.172655
v  350.31216 87.186249 34.347054
v  351.68698 74.984512 34.34705
v  347.81369 87.186249 38.799458
v  349.2511 74.428535 38.799454
v  345.7597 87.186249 43.499107
v  347.24866 73.971481 43.499107
v  344.17664 87.186249 48.41523
v  345.70529 73.619217 48.41523
v  343.09085 87.186249 53.517063
v  344.6467 73.377602 53.517059
v  342.52859 87.186249 58.773834
v  344.09854 73.252502 58.773827
v  342.5163 87.186249 64.15477
v  344.08652 73.249748 64.15477
v  343.0802 87.186249 69.629112
v  344.63632 73.375229 69.629112
v  358.69699 87.186241 169.60518
v  359.86157 76.850296 169.60518
v  345.68896 58.553093 68.660202
v  359.89557 65.394638 169.60518
v  345.16412 58.300354 63.14222
v  345.13757 58.287567 57.70438
v  345.5885 58.50473 52.375923
v  346.49619 58.941841 47.186104
v  347.83981 59.588905 42.164169
v  349.59869 60.435928 37.339371
v  351.75201 61.472916 32.740952
v  354.27902 62.689857 28.398163
v  357.15897 64.076767 24.34026
v  360.37112 65.62365 20.596483
v  363.89465 67.320511 17.196085
v  367.70889 69.157349 14.168308
v  371.79306 71.124161 11.542408
v  376.12634 73.21096 9.3476372
v  380.68799 75.407753 7.6132317
v  385.45731 77.704536 6.368454
v  390.41351 80.091309 5.6425362
v  391.3465 80.540604 5.508358
v  392.24731 80.974426 5.2807541
v  393.11227 81.390961 4.9645958
v  393.93753 81.788399 4.5647774
v  394.71948 82.164948 4.086174
v  395.45428 82.518806 3.5336418
v  396.13821 82.848175 2.9120941
v  396.76761 83.151268 2.2263756
v  397.33859 83.426262 1.4813805
v  397.8476 83.671364 0.68198395
v  398.29074 83.884773 -0.1669426
v  398.66437 84.064697 -1.0605164
v  398.96472 84.209343 -1.9938583
v  399.18802 84.316879 -2.9620972
v  399.33054 84.385521 -3.9603577
v  399.38864 84.413483 -4.9837494
v  399.35846 84.398941 -6.0274048
v  399.35846 84.398949 -67.294586
v  342.53195 57.032761 -75.463547
v  395.06329 82.330536 10.190395
v  390.11179 79.946007 10.478111
v  385.32352 77.640106 11.320759
v  380.72226 75.424248 12.687557
v  376.33173 73.309875 14.547749
v  372.17563 71.308411 16.870567
v  368.27774 69.431282 19.625223
v  364.66177 67.689911 22.780979
v  361.35138 66.095734 26.307039
v  358.37036 64.660149 30.172653
v  355.74249 63.394615 34.34705
v  353.49139 62.310551 38.799454
v  351.64081 61.419365 43.499107
v  350.21457 60.732506 48.41523
v  349.23624 60.261387 53.517056
v  348.72968 60.017441 58.773827
v  348.71857 60.012093 64.15477
v  349.22665 60.256767 69.629112
v  363.29691 67.032639 169.60518
v  353.55115 46.04047 68.660202
v  365.87918 55.871765 169.60518
v  353.09573 45.677296 63.14222
v  353.07266 45.65892 57.704376
v  353.46402 45.970982 52.375919
v  354.25165 46.599106 47.1861
v  355.4176 47.528938 42.164165
v  356.94388 48.746105 37.339363
v  358.81247 50.236244 32.740952
v  361.00531 51.984993 28.398163
v  363.50446 53.977985 24.34026
v  366.29184 56.200855 20.596481
v  369.34949 58.639229 17.196079
v  372.65936 61.278759 14.168308
v  376.20343 64.105072 11.542408
v  379.96375 67.103798 9.3476295
v  383.92218 70.260574 7.6132278
v  388.06085 73.56105 6.368454
v  392.36169 76.990845 5.6425362
v  393.17126 77.63649 5.508358
v  393.953 78.25988 5.2807541
v  394.70355 78.858429 4.9645958
v  395.41971 79.42955 4.5647774
v  396.09824 79.97065 4.086174
v  396.73587 80.479156 3.5336418
v  397.32941 80.952454 2.9120941
v  397.87555 81.387985 2.2263756
v  398.37106 81.783157 1.4813805
v  398.81274 82.135376 0.68198395
v  399.1973 82.442047 -0.1669426
v  399.52151 82.7006 -1.0605164
v  399.7821 82.908432 -1.9938583
v  399.97592 83.062973 -2.9620972
v  400.09961 83.161621 -3.9603577
v  400.14996 83.201797 -4.9837494
v  400.12378 83.180901 -6.0274048
v  400.12378 83.180908 -67.294586
v  350.81161 43.855755 -75.463562
v  396.39664 80.208603 10.190395
v  392.09982 76.782036 10.478111
v  387.94473 73.46846 11.320759
v  383.9519 70.284286 12.687557
v  380.14194 67.245941 14.547749
v  376.53546 64.369843 16.870567
v  373.15298 61.672409 19.625219
v  370.01514 59.170067 22.780977
v  367.14249 56.879227 26.307037
v  364.55569 54.816303 30.172653
v  362.27527 52.997734 34.34705
v  360.32187 51.43993 38.799454
v  358.716 50.159306 43.4991
v  357.4783 49.172283 48.415222
v  356.62939 48.495289 53.517052
v  356.18982 48.144741 58.773819
v  356.18018 48.137051 64.154762
v  356.62103 48.488647 69.629105
v  368.83075 58.225567 169.60518
v  364.00055 35.59108 68.660202
v  373.83182 47.919132 169.60518
v  363.63733 35.135677 63.14222
v  363.61896 35.11264 57.704376
v  363.93103 35.503948 52.375919
v  364.55914 36.291588 47.1861
v  365.48898 37.457561 42.164165
v  366.70615 38.983845 37.339363
v  368.19629 40.852421 32.740948
v  369.94504 43.045273 28.398161
v  371.93808 45.544407 24.340254
v  374.16092 48.331799 20.596478
v  376.59927 51.389427 17.196079
v  379.2388 54.699287 14.168312
v  382.06516 58.24337 11.542408
v  385.06384 62.003662 9.3476295
v  388.22064 65.962143 7.6132278
v  391.52112 70.100784 6.3684464
v  394.9509 74.401611 5.6425362
v  395.59653 75.211227 5.508358
v  396.21997 75.992935 5.2807541
v  396.81851 76.743492 4.9645958
v  397.38962 77.459656 4.5647774
v  397.93073 78.138168 4.086174
v  398.43921 78.775818 3.5336418
v  398.91251 79.369324 2.9120941
v  399.34808 79.915466 2.2263756
v  399.74323 80.410988 1.4813805
v  400.09546 80.852654 0.68198395
v  400.4021 81.237213 -0.1669426
v  400.66068 81.561424 -1.0605164
v  400.8685 81.822037 -1.9938583
v  401.02307 82.015823 -2.9620972
v  401.12167 82.139526 -3.9603577
v  401.16187 82.189903 -4.9837494
v  401.14099 82.163712 -6.0274048
v  401.14099 82.163712 -67.294586
v  361.81583 32.851536 -75.463562
v  405.14636 87.186249 -71.96257
v  398.16867 78.436554 10.190395
v  394.74213 74.139786 10.478111
v  391.4285 69.984688 11.320755
v  388.24435 65.991867 12.687553
v  385.20599 62.1819 14.547745
v  382.3299 58.575378 16.870564
v  379.63251 55.192909 19.625219
v  377.13013 52.055065 22.780975
v  374.83926 49.182446 26.307035
v  372.77637 46.595627 30.172651
v  370.95779 44.315208 34.347046
v  369.39996 42.36179 38.799454
v  368.11935 40.755936 43.4991
v  367.13235 39.518257 48.415222
v  366.45535 38.669331 53.517052
v  366.1048 38.229759 58.773823
v  366.09711 38.220116 64.154762
v  366.44873 38.661003 69.629105
v  376.18561 50.870708 169.60518
v  376.51312 27.728886 68.660202
v  383.35468 41.935513 169.60518
v  376.26041 27.204082 63.14222
v  376.24765 27.177532 57.704376
v  376.46478 27.628471 52.375919
v  376.90189 28.536144 47.1861
v  377.54895 29.879784 42.164165
v  378.39597 31.638645 37.339363
v  379.43295 33.791954 32.740948
v  380.6499 36.318962 28.398161
v  382.0368 39.198917 24.340254
v  383.58374 42.411057 20.596478
v  385.28058 45.934624 17.196077
v  387.1174 49.748856 14.168308
v  389.08426 53.832993 11.542408
v  391.17102 58.166275 9.3476295
v  393.36783 62.727951 7.6132278
v  395.66458 67.497261 6.3684464
v  398.05136 72.453461 5.6425362
v  398.5007 73.386444 5.508358
v  398.93451 74.28727 5.2807541
v  399.35104 75.152199 4.9645958
v  399.74847 75.977493 4.5647774
v  400.12503 76.759407 4.086174
v  400.47885 77.494217 3.5336418
v  400.80823 78.178162 2.9120941
v  401.11136 78.807526 2.2263756
v  401.38632 79.378563 1.4813805
v  401.63141 79.887527 0.68198395
v  401.84485 80.330681 -0.1669426
v  402.02478 80.7043 -1.0605164
v  402.16943 81.004631 -1.9938583
v  402.27695 81.227943 -2.9620972
v  402.34558 81.370491 -3.9603577
v  402.37354 81.428551 -4.9837494
v  402.35904 81.398369 -6.0274048
v  402.35904 81.398369 -67.294586
v  374.9928 24.57188 -75.463562
v  400.29062 77.103256 10.190395
v  397.90607 72.151733 10.478111
v  395.60019 67.363464 11.320755
v  393.38431 62.762215 12.687557
v  391.26993 58.371677 14.547745
v  389.26849 54.215591 16.870564
v  387.39133 50.317692 19.625219
v  385.64996 46.701698 22.780972
v  384.05579 43.391335 26.307034
v  382.62021 40.410328 30.172651
v  381.35468 37.782417 34.34705
v  380.2706 35.531326 38.799454
v  379.37946 33.680775 43.4991
v  378.69257 32.254494 48.415222
v  378.22144 31.276207 53.517052
v  377.97751 30.769646 58.773819
v  377.97217 30.758537 64.154762
v  378.2168 31.266602 69.629105
v  384.99268 45.336861 169.60518
v  390.46155 22.848122 68.660202
v  393.97028 38.220955 169.60518
v  390.33194 22.280243 63.14222
v  390.32541 22.251511 57.704376
v  390.43674 22.739479 52.375919
v  390.66092 23.721653 47.1861
v  390.99277 25.175591 42.164165
v  391.42719 27.078827 37.339363
v  391.95901 29.408909 32.740948
v  392.58313 32.143353 28.398165
v  393.29443 35.259724 24.34026
v  394.08774 38.735542 20.596479
v  394.95801 42.548351 17.196079
v  395.90002 46.675678 14.168312
v  396.90875 51.095074 11.542408
v  397.979 55.784073 9.3476295
v  399.10562 60.720215 7.6132278
v  400.28354 65.881035 6.3684464
v  401.50763 71.244064 5.6425362
v  401.73804 72.253639 5.508358
v  401.96054 73.228409 5.2807541
v  402.17413 74.164337 4.9645958
v  402.37796 75.057388 4.5647774
v  402.57108 75.903488 4.086174
v  402.75259 76.698608 3.5336418
v  402.92151 77.438705 2.9120941
v  403.07693 78.119736 2.2263756
v  403.21796 78.73764 1.4813805
v  403.34369 79.288383 0.68198395
v  403.45313 79.767921 -0.1669426
v  403.54541 80.172211 -1.0605164
v  403.61957 80.497192 -1.9938583
v  403.67474 80.738831 -2.9620972
v  403.70993 80.893082 -3.9603577
v  403.7243 80.955902 -4.9837494
v  403.71686 80.923248 -6.0274048
v  403.71686 80.923256 -67.294586
v  389.68188 19.431976 -75.463562
v  402.65601 76.275558 10.190395
v  401.43307 70.917572 10.478107
v  400.25052 65.736252 11.320755
v  399.11407 60.757282 12.687553
v  398.02972 56.00634 14.547745
v  397.00323 51.50909 16.870567
v  396.04053 47.291214 19.625221
v  395.14746 43.378391 22.780977
v  394.3299 39.79628 26.307037
v  393.59363 36.570572 30.172653
v  392.94458 33.72694 34.34705
v  392.38861 31.291061 38.799454
v  391.93155 29.288597 43.4991
v  391.57928 27.745235 48.415222
v  391.33765 26.686646 53.517052
v  391.21259 26.1385 58.773823
v  391.20981 26.126476 64.154762
v  391.3353 26.67625 69.629105
v  394.8103 41.901508 169.60518
v  405.1463 21.19355 68.660202
v  405.14627 36.96172 169.60518
v  405.1463 20.611061 63.14222
v  405.1463 20.581589 57.704376
v  405.1463 21.082108 52.375919
v  405.1463 22.089531 47.1861
v  405.1463 23.580868 42.164165
v  405.1463 25.533051 37.339367
v  405.1463 27.923054 32.740948
v  405.1463 30.727821 28.398159
v  405.1463 33.924339 24.340256
v  405.1463 37.489536 20.596479
v  405.1463 41.400398 17.196079
v  405.1463 45.633877 14.168312
v  405.1463 50.166927 11.542408
v  405.1463 54.976513 9.3476295
v  405.1463 60.039589 7.6132278
v  405.1463 65.33313 6.3684464
v  405.1463 70.834076 5.6425323
v  405.1463 71.869621 5.508358
v  405.1463 72.869469 5.2807541
v  405.1463 73.829468 4.9645958
v  405.1463 74.745468 4.5647774
v  405.1463 75.613327 4.086174
v  405.1463 76.428902 3.5336418
v  405.14633 77.188019 2.9120941
v  405.14633 77.886574 2.2263756
v  405.14633 78.52037 1.4813805
v  405.14633 79.085266 0.68198395
v  405.14633 79.577148 -0.1669426
v  405.14633 79.991829 -1.0605164
v  405.14633 80.325172 -1.9938583
v  405.14633 80.573029 -2.9620972
v  405.14633 80.731247 -3.9603577
v  405.14633 80.795685 -4.9837494
v  405.14633 80.762177 -6.0274048
v  405.14636 80.762192 -67.294586
v  405.14636 17.689545 -75.463562
v  405.14636 87.186264 -71.96257
v  405.1463 75.994965 10.190395
v  405.1463 70.499191 10.478107
v  405.1463 65.184624 11.320755
v  405.1463 60.07761 12.687553
v  405.1463 55.204491 14.547745
v  405.1463 50.591583 16.870567
v  405.1463 46.26524 19.625221
v  405.1463 42.251789 22.780977
v  405.1463 38.577557 26.307037
v  405.1463 35.268894 30.172653
v  405.1463 32.352135 34.347046
v  405.1463 29.853611 38.79945
v  405.1463 27.799652 43.499104
v  405.1463 26.216599 48.415226
v  405.1463 25.130775 53.517052
v  405.1463 24.568539 58.773823
v  405.1463 24.556206 64.154762
v  405.1463 25.120117 69.629105
v  405.14627 40.736927 169.60518
v  419.83105 22.848129 68.660202
v  416.3223 38.220951 169.60518
v  419.96063 22.280243 63.142216
v  419.96722 22.251511 57.704372
v  419.8559 22.739471 52.375916
v  419.63168 23.721649 47.186096
v  419.29987 25.175594 42.164162
v  418.86545 27.078827 37.339367
v  418.33362 29.408909 32.740948
v  417.70947 32.14336 28.398163
v  416.9982 35.259731 24.340256
v  416.2049 38.735542 20.596478
v  415.33463 42.548351 17.196079
v  414.39258 46.675682 14.168312
v  413.38388 51.095081 11.542412
v  412.31366 55.784073 9.3476295
v  411.18701 60.720219 7.6132278
v  410.00909 65.881035 6.3684464
v  408.785 71.244064 5.6425362
v  408.55457 72.253639 5.508358
v  408.33209 73.228409 5.2807541
v  408.1185 74.164352 4.9645958
v  407.91464 75.057388 4.5647774
v  407.72153 75.903488 4.086174
v  407.54004 76.698608 3.5336418
v  407.37115 77.438705 2.9120941
v  407.2157 78.119728 2.2263756
v  407.07465 78.73764 1.4813805
v  406.94897 79.288383 0.68198395
v  406.83954 79.767921 -0.1669426
v  406.74722 80.172211 -1.0605164
v  406.67307 80.4972 -1.9938583
v  406.61789 80.738838 -2.9620972
v  406.58267 80.893089 -3.9603577
v  406.56836 80.955917 -4.9837494
v  406.57584 80.923256 -6.0274048
v  406.57584 80.923256 -67.294586
v  420.61084 19.431976 -75.463562
v  407.6366 76.275558 10.190395
v  408.85953 70.917572 10.478107
v  410.04218 65.736252 11.320755
v  411.17856 60.757282 12.687557
v  412.26291 56.00634 14.547745
v  413.28943 51.50909 16.870567
v  414.25208 47.291214 19.625221
v  415.1452 43.378391 22.780977
v  415.96277 39.796284 26.307035
v  416.69901 36.570572 30.172651
v  417.34808 33.726944 34.347046
v  417.90402 31.291061 38.79945
v  418.36105 29.288597 43.499104
v  418.71335 27.745232 48.415226
v  418.95496 26.686642 53.517059
v  419.08005 26.138496 58.773823
v  419.08276 26.126472 64.154762
v  418.95734 26.67625 69.629105
v  415.48221 41.901505 169.60518
v  433.77948 27.728878 68.660202
v  426.93793 41.935501 169.60518
v  434.0322 27.204075 63.142216
v  434.04498 27.177528 57.704372
v  433.82785 27.628468 52.375923
v  433.39072 28.536137 47.186104
v  432.74365 29.879784 42.164162
v  431.89664 31.638641 37.339367
v  430.85965 33.79195 32.740948
v  429.6427 36.31897 28.398165
v  428.25583 39.198929 24.34026
v  426.70889 42.411064 20.596479
v  425.01205 45.934628 17.196079
v  423.1752 49.748856 14.168312
v  421.20844 53.832993 11.542412
v  419.12161 58.166275 9.3476334
v  416.9248 62.727959 7.6132317
v  414.62805 67.497269 6.3684502
v  412.24124 72.453461 5.6425362
v  411.79199 73.386452 5.508358
v  411.35812 74.287277 5.2807541
v  410.94165 75.152199 4.9645958
v  410.54416 75.977486 4.5647774
v  410.1676 76.759407 4.086174
v  409.81375 77.494209 3.5336418
v  409.48438 78.178169 2.9120941
v  409.18134 78.807533 2.2263756
v  408.90631 79.378563 1.4813805
v  408.66122 79.887527 0.68198395
v  408.44778 80.330681 -0.1669426
v  408.26785 80.7043 -1.0605164
v  408.12326 81.004639 -1.9938583
v  408.01569 81.227951 -2.9620972
v  407.94702 81.370491 -3.9603577
v  407.91907 81.428551 -4.9837494
v  407.93362 81.398369 -6.0274048
v  407.93362 81.398376 -67.294586
v  435.29984 24.571892 -75.463562
v  410.00201 77.103256 10.190395
v  412.38657 72.151733 10.478111
v  414.69247 67.363464 11.320759
v  416.90833 62.762215 12.687561
v  419.02271 58.371677 14.547749
v  421.02414 54.215591 16.870565
v  422.90131 50.317692 19.625221
v  424.64264 46.701702 22.780973
v  426.23688 43.391338 26.307035
v  427.67242 40.410336 30.172651
v  428.93796 37.782421 34.34705
v  430.022 35.531326 38.799454
v  430.91318 33.680771 43.4991
v  431.60004 32.25449 48.415222
v  432.07117 31.276203 53.517052
v  432.31512 30.769642 58.773823
v  432.32047 30.758533 64.154762
v  432.07581 31.266605 69.629105
v  425.2999 45.336845 169.60518
v  446.29208 35.591076 68.660202
v  436.46075 47.919113 169.60518
v  446.65527 35.135666 63.14222
v  446.67365 35.112625 57.704376
v  446.3616 35.503944 52.375923
v  445.73346 36.291584 47.186104
v  444.80365 37.457558 42.164169
v  443.58646 38.983837 37.339371
v  442.09631 40.852421 32.740952
v  440.3476 43.04528 28.398167
v  438.35455 45.544415 24.340261
v  436.13171 48.331802 20.596485
v  433.69336 51.389431 17.196085
v  431.05383 54.699299 14.168312
v  428.22748 58.243378 11.542412
v  425.22879 62.003662 9.3476334
v  422.07199 65.962143 7.6132317
v  418.77151 70.1008 6.3684502
v  415.34171 74.401619 5.64254
v  414.69611 75.211235 5.5083618
v  414.07272 75.992935 5.2807579
v  413.47412 76.7435 4.9645996
v  412.90302 77.459656 4.5647774
v  412.36191 78.138168 4.086174
v  411.85342 78.775818 3.5336418
v  411.3801 79.369324 2.9120941
v  410.94461 79.915474 2.2263756
v  410.54944 80.410988 1.4813805
v  410.19717 80.852654 0.68198395
v  409.89053 81.237213 -0.1669426
v  409.63196 81.561432 -1.0605164
v  409.42416 81.822044 -1.9938583
v  409.26959 82.015831 -2.9620972
v  409.17096 82.139534 -3.9603577
v  409.13077 82.189911 -4.9837494
v  409.15164 82.163719 -6.0274048
v  409.15167 82.163734 -67.294586
v  448.47681 32.851551 -75.463562
v  405.14636 87.186272 -71.96257
v  412.12396 78.436554 10.190395
v  415.55054 74.139786 10.478115
v  418.86411 69.984695 11.320759
v  422.04831 65.991867 12.687561
v  425.08661 62.1819 14.547749
v  427.96271 58.575382 16.870565
v  430.66016 55.192909 19.625221
v  433.16248 52.055073 22.780977
v  435.45337 49.182446 26.307039
v  437.51624 46.595627 30.172653
v  439.33481 44.315212 34.34705
v  440.89261 42.361786 38.799454
v  442.17325 40.755932 43.499104
v  443.16025 39.51825 48.415226
v  443.83725 38.669323 53.517056
v  444.18781 38.229744 58.773827
v  444.1955 38.220104 64.154762
v  443.8439 38.660988 69.629105
v  434.10696 50.870693 169.60518
v  456.74149 46.04047 68.660202
v  444.41339 55.87175 169.60519
v  457.19687 45.677296 63.14222
v  457.21994 45.65892 57.70438
v  456.82861 45.970982 52.375923
v  456.04095 46.59911 47.186104
v  454.875 47.528942 42.164169
v  453.34875 48.746113 37.339371
v  451.48013 50.236252 32.740955
v  449.28729 51.984997 28.398167
v  446.78818 53.977993 24.340263
v  444.00079 56.200859 20.596481
v  440.94315 58.639244 17.196083
v  437.63327 61.27877 14.168312
v  434.0892 64.10508 11.542412
v  430.32889 67.103813 9.3476334
v  426.37045 70.26059 7.6132317
v  422.23178 73.56105 6.3684578
v  417.93094 76.990852 5.64254
v  417.12134 77.636497 5.5083618
v  416.33963 78.259888 5.2807579
v  415.58908 78.858437 4.9645996
v  414.87292 79.429558 4.5647812
v  414.1944 79.970657 4.0861778
v  413.55676 80.479164 3.5336456
v  412.96326 80.952461 2.9120941
v  412.41708 81.387993 2.2263756
v  411.92157 81.783165 1.4813805
v  411.47995 82.135384 0.68198395
v  411.09534 82.442047 -0.1669426
v  410.77118 82.700607 -1.0605164
v  410.51053 82.908447 -1.9938583
v  410.31677 83.062973 -2.9620972
v  410.19302 83.161629 -3.9603577
v  410.14267 83.201805 -4.9837494
v  410.16885 83.180923 -6.0274048
v  410.16885 83.180931 -67.294586
v  459.48108 43.855782 -75.463562
v  405.14633 87.186272 -71.96257
v  413.896 80.208611 10.190399
v  418.19281 76.782043 10.478115
v  422.3479 73.46846 11.320763
v  426.34073 70.284294 12.687561
v  430.15067 67.245949 14.547749
v  433.75717 64.369858 16.870567
v  437.13965 61.672424 19.625223
v  440.2775 59.170074 22.780979
v  443.15015 56.87923 26.307039
v  445.73694 54.816307 30.172655
v  448.01733 52.997738 34.347054
v  449.97076 51.439934 38.799454
v  451.57663 50.159309 43.499111
v  452.8143 49.172291 48.415226
v  453.66324 48.495296 53.517056
v  454.10281 48.144741 58.773827
v  454.11243 48.137054 64.15477
v  453.67157 48.488647 69.629112
v  441.46182 58.225548 169.60519
v  464.60367 58.553089 68.660217
v  450.39703 65.394615 169.60519
v  465.12848 58.300362 63.14222
v  465.15503 58.287575 57.70438
v  464.7041 58.504734 52.375923
v  463.79642 58.941849 47.186111
v  462.45282 59.588913 42.164177
v  460.69391 60.43594 37.339371
v  458.54065 61.472923 32.740955
v  456.01358 62.689865 28.398167
v  453.13364 64.076782 24.340263
v  449.92151 65.623672 20.596487
v  446.39795 67.320518 17.196089
v  442.58374 69.157364 14.168312
v  438.49957 71.124176 11.542412
v  434.16629 73.210983 9.347641
v  429.60461 75.407768 7.6132355
v  424.83533 77.704544 6.3684578
v  419.87915 80.091324 5.64254
v  418.94614 80.540627 5.5083618
v  418.04529 80.974434 5.2807579
v  417.18036 81.390968 4.9645996
v  416.3551 81.788406 4.5647812
v  415.57315 82.164948 4.0861778
v  414.83835 82.518822 3.5336456
v  414.15442 82.848198 2.9120979
v  413.52502 83.151276 2.2263794
v  412.95401 83.42627 1.4813805
v  412.44504 83.671371 0.68198395
v  412.00189 83.884796 -0.1669426
v  411.62827 84.06472 -1.0605164
v  411.32797 84.209351 -1.9938583
v  411.10461 84.316895 -2.9620972
v  410.9621 84.385544 -3.9603577
v  410.90405 84.413498 -4.9837494
v  410.9342 84.398964 -6.0274048
v  410.9342 84.398972 -67.294586
v  467.76074 57.032787 -75.463547
v  405.1463 87.186256 10.190395
v  415.22931 82.330544 10.190399
v  420.18085 79.946014 10.478115
v  424.96912 77.640106 11.320759
v  429.57034 75.424255 12.687561
v  433.96091 73.309883 14.547752
v  438.117 71.308426 16.870573
v  442.01489 69.43129 19.625227
v  445.63086 67.689926 22.780985
v  448.94122 66.095734 26.307041
v  451.92224 64.660164 30.172657
v  454.55014 63.394627 34.347054
v  456.80124 62.310555 38.799458
v  458.65179 61.419369 43.499111
v  460.07806 60.732506 48.415234
v  461.05637 60.261391 53.517067
v  461.56293 60.017445 58.773834
v  461.57407 60.012093 64.154778
v  461.06598 60.256767 69.62912
v  446.99567 67.032616 169.60519
v  469.48444 72.50148 68.660217
v  454.11157 76.010201 169.60519
v  470.05231 72.371872 63.142235
v  470.08105 72.365311 57.704384
v  469.59308 72.476677 52.375935
v  468.61093 72.700859 47.186115
v  467.15695 73.032715 42.164177
v  465.25372 73.467117 37.339371
v  462.92365 73.998947 32.740955
v  460.18921 74.62307 28.398169
v  457.07285 75.334366 24.340267
v  453.59705 76.127693 20.596489
v  449.78421 76.99794 17.196089
v  445.65689 77.939987 14.168316
v  441.23749 78.948677 11.542416
v  436.54849 80.018921 9.347641
v  431.61237 81.145554 7.6132355
v  426.45157 82.323486 6.3684578
v  421.0885 83.547562 5.64254
v  420.07892 83.777985 5.5083618
v  419.10416 84.000473 5.2807579
v  418.16824 84.214096 4.9645996
v  417.27518 84.417923 4.5647812
v  416.42908 84.611046 4.0861778
v  415.63394 84.792526 3.5336456
v  414.89386 84.961449 2.9120979
v  414.21286 85.11689 2.2263794
v  413.59494 85.257912 1.4813843
v  413.04422 85.383614 0.68198395
v  412.56467 85.493065 -0.1669426
v  412.16034 85.58535 -1.0605164
v  411.83539 85.659523 -1.9938583
v  411.59375 85.714676 -2.9620972
v  411.43948 85.749893 -3.9603577
v  411.37668 85.764229 -4.9837494
v  411.4093 85.756775 -6.0274048
v  411.4093 85.756783 -67.294586
v  472.9006 71.721794 -75.463531
v  405.14633 87.186279 -71.96257
v  416.05701 84.695969 10.190399
v  421.41501 83.47303 10.478115
v  426.59631 82.290428 11.320763
v  431.57529 81.154015 12.687561
v  436.32623 80.069641 14.547752
v  440.82349 79.043175 16.870573
v  445.04135 78.080467 19.625229
v  448.95422 77.187393 22.780985
v  452.53629 76.369797 26.307043
v  455.76202 75.633553 30.172663
v  458.60562 74.984512 34.347054
v  461.0415 74.428535 38.799458
v  463.04395 73.971474 43.499111
v  464.58734 73.619209 48.415234
v  465.6459 73.377594 53.517067
v  466.19409 73.252487 58.773834
v  466.20609 73.249748 64.154778
v  465.65631 73.375221 69.62912
v  450.43103 76.850266 169.60519
v  471.13904 87.186241 68.660217
v  455.37079 87.186211 169.60519
v  471.7215 87.186241 63.142235
v  471.75098 87.186241 57.704391
v  471.25049 87.186241 52.375935
v  470.24301 87.186241 47.186115
v  468.75168 87.186241 42.164181
v  466.7995 87.186241 37.339378
v  464.40952 87.186249 32.740959
v  461.60474 87.186256 28.398172
v  458.40823 87.186256 24.340267
v  454.84305 87.186256 20.596491
v  450.93219 87.186256 17.196091
v  446.6987 87.186256 14.168316
v  442.16565 87.186256 11.542416
v  437.35608 87.186256 9.347641
v  432.29297 87.186256 7.6132355
v  426.99945 87.186256 6.3684578
v  421.49847 87.186256 5.64254
v  420.46295 87.186256 5.5083618
v  419.4631 87.186256 5.2807579
v  418.50308 87.186256 4.9645996
v  417.5871 87.186256 4.5647812
v  416.71924 87.186256 4.0861778
v  415.90366 87.186256 3.5336456
v  415.14456 87.186256 2.9120979
v  414.44598 87.186256 2.2263794
v  413.81219 87.186256 1.4813843
v  413.24728 87.186256 0.68198395
v  412.75543 87.186256 -0.1669426
v  412.34073 87.186256 -1.0605164
v  412.00739 87.186256 -1.9938583
v  411.75952 87.186256 -2.9620972
v  411.60132 87.186256 -3.9603577
v  411.53687 87.186256 -4.9837494
v  411.57037 87.186256 -6.0274048
v  411.57037 87.186279 -67.294586
v  474.64304 87.186279 -75.463531
v  416.33762 87.186256 10.190399
v  421.83337 87.186256 10.478115
v  427.14795 87.186256 11.320763
v  432.25494 87.186256 12.687561
v  437.12808 87.186256 14.547752
v  441.741 87.186256 16.870573
v  446.06732 87.186256 19.625229
v  450.08081 87.186256 22.780987
v  453.755 87.186256 26.307047
v  457.06369 87.186249 30.172665
v  459.98047 87.186249 34.347061
v  462.47894 87.186249 38.799465
v  464.5329 87.186241 43.499115
v  466.11597 87.186241 48.415237
v  467.20178 87.186241 53.517067
v  467.76401 87.186241 58.773838
v  467.77634 87.186241 64.154778
v  467.21243 87.186241 69.62912
v  451.59561 87.186211 169.60519
v  469.48444 101.87102 68.660217
v  454.11157 98.362221 169.60518
v  470.05231 102.00063 63.142235
v  470.08105 102.00719 57.704391
v  469.59308 101.89581 52.375935
v  468.61093 101.67164 47.186115
v  467.15698 101.33978 42.164181
v  465.25372 100.90539 37.339382
v  462.92365 100.37356 32.740963
v  460.18921 99.749435 28.398172
v  457.07285 99.038147 24.340267
v  453.59705 98.24482 20.596491
v  449.78421 97.374573 17.196091
v  445.65689 96.432533 14.168316
v  441.23749 95.423843 11.542416
v  436.54849 94.3536 9.347641
v  431.61237 93.226959 7.6132355
v  426.45157 92.049042 6.3684578
v  421.0885 90.824959 5.64254
v  420.07892 90.594528 5.5083618
v  419.10416 90.37204 5.2807579
v  418.16824 90.158432 4.9645996
v  417.27518 89.95459 4.5647812
v  416.42908 89.761482 4.0861778
v  415.63394 89.580002 3.5336456
v  414.89386 89.411079 2.9120979
v  414.21286 89.255638 2.2263794
v  413.59494 89.114601 1.4813843
v  413.04422 88.988899 0.68198395
v  412.56467 88.87944 -0.1669426
v  412.16034 88.787178 -1.0605164
v  411.83539 88.71299 -1.9938583
v  411.59375 88.657837 -2.9620972
v  411.43945 88.622635 -3.9603577
v  411.37668 88.608299 -4.9837494
v  411.4093 88.615753 -6.0274048
v  411.4093 88.615768 -67.294586
v  472.9006 102.65076 -75.463531
v  416.05701 89.676559 10.190399
v  421.41501 90.899483 10.478115
v  426.59631 92.082085 11.320763
v  431.57529 93.218498 12.687561
v  436.32623 94.302879 14.547752
v  440.82349 95.329338 16.870577
v  445.04135 96.292038 19.625233
v  448.95416 97.18512 22.780987
v  452.53629 98.002716 26.307047
v  455.76202 98.738953 30.172665
v  458.60562 99.387993 34.347061
v  461.0415 99.94397 38.799465
v  463.04398 100.40102 43.499119
v  464.58737 100.75328 48.415241
v  465.64594 100.9949 53.517067
v  466.19409 101.12 58.773838
v  466.20609 101.12275 64.154778
v  465.65631 100.99726 69.62912
v  450.43103 97.522156 169.60518
v  464.60367 115.81939 68.660217
v  450.39703 108.97781 169.60518
v  465.12848 116.07213 63.142235
v  465.15503 116.08492 57.704391
v  464.7041 115.86776 52.375938
v  463.79642 115.43065 47.186119
v  462.45282 114.78358 42.164185
v  460.69391 113.93657 37.339382
v  458.54059 112.89958 32.740963
v  456.01358 111.68264 28.398178
v  453.13364 110.29573 24.340269
v  449.92151 108.74886 20.596493
v  446.39795 107.05199 17.196093
v  442.58374 105.21516 14.16832
v  438.49957 103.24834 11.542419
v  434.16629 101.16154 9.3476372
v  429.60461 98.964752 7.6132355
v  424.83533 96.667969 6.3684578
v  419.87909 94.281197 5.64254
v  418.94611 93.831902 5.5083618
v  418.04529 93.398079 5.2807579
v  417.18036 92.98156 4.9645996
v  416.3551 92.584114 4.5647812
v  415.57315 92.207558 4.0861778
v  414.83835 91.853706 3.5336456
v  414.15442 91.52433 2.9120979
v  413.52502 91.221237 2.2263794
v  412.95398 90.946243 1.4813805
v  412.44504 90.701141 0.68198395
v  412.00186 90.487732 -0.1669426
v  411.62827 90.307808 -1.0605164
v  411.32791 90.163177 -1.9938583
v  411.10461 90.055634 -2.9620972
v  410.9621 89.986984 -3.9603577
v  410.90399 89.959023 -4.9837494
v  410.93417 89.973564 -6.0274048
v  410.93417 89.973572 -67.294586
v  467.76071 117.33976 -75.463531
v  415.22931 92.041977 10.190399
v  420.18085 94.426498 10.478115
v  424.96912 96.732407 11.320759
v  429.57034 98.94825 12.687561
v  433.96088 101.06262 14.547752
v  438.117 103.06409 16.870577
v  442.01486 104.94122 19.625233
v  445.63086 106.68259 22.780991
v  448.94122 108.27678 26.307049
v  451.92224 109.71234 30.172668
v  454.55014 110.97787 34.347061
v  456.80124 112.06194 38.799465
v  458.65179 112.95313 43.499119
v  460.07806 113.63998 48.415241
v  461.05637 114.11111 53.517071
v  461.56293 114.35505 58.773838
v  461.57407 114.3604 64.154778
v  461.06598 114.11572 69.62912
v  446.9957 107.33981 169.60518
v  456.74149 128.33203 68.660217
v  444.41342 118.50069 169.60518
v  457.19687 128.69519 63.142242
v  457.21994 128.71356 57.704391
v  456.82861 128.4015 52.375938
v  456.04095 127.77339 47.186119
v  454.875 126.84357 42.164185
v  453.34875 125.6264 37.339386
v  451.48013 124.13626 32.740967
v  449.28729 122.38751 28.398178
v  446.78818 120.39452 24.340271
v  444.00079 118.17165 20.596495
v  440.94315 115.73328 17.196095
v  437.63327 113.09375 14.16832
v  434.08917 110.26744 11.542419
v  430.32889 107.26871 9.347641
v  426.37045 104.11193 7.6132431
v  422.23178 100.81145 6.3684578
v  417.93094 97.381676 5.64254
v  417.12134 96.736031 5.5083618
v  416.33963 96.112625 5.2807579
v  415.58908 95.514076 4.9645996
v  414.87292 94.94297 4.5647812
v  414.1944 94.401863 4.0861778
v  413.55676 93.893356 3.5336456
v  412.96326 93.420052 2.9120941
v  412.41708 92.98452 2.2263756
v  411.92157 92.589348 1.4813805
v  411.47992 92.237144 0.68198395
v  411.09534 91.930458 -0.1669426
v  410.77112 91.671913 -1.0605164
v  410.5105 91.464073 -1.9938583
v  410.31677 91.309532 -2.9620972
v  410.19302 91.210892 -3.9603577
v  410.14267 91.170708 -4.9837494
v  410.16885 91.191597 -6.0274048
v  410.16885 91.191612 -67.294586
v  459.48102 130.51678 -75.463531
v  413.896 94.163902 10.190399
v  418.19281 97.590469 10.478115
v  422.3479 100.90405 11.320763
v  426.34073 104.08822 12.687565
v  430.15067 107.12656 14.54776
v  433.75717 110.00267 16.870579
v  437.13965 112.7001 19.625237
v  440.2775 115.20244 22.780993
v  443.15015 117.49328 26.307051
v  445.73694 119.5562 30.172668
v  448.01733 121.37477 34.347065
v  449.97076 122.93257 38.799469
v  451.57663 124.21319 43.499119
v  452.8143 125.20021 48.415241
v  453.66324 125.87721 53.517075
v  454.10281 126.22775 58.773838
v  454.11246 126.23543 64.154778
v  453.6716 125.88384 69.62912
v  441.46182 116.14688 169.60518
v  446.29208 138.7814 68.660225
v  436.46078 126.45332 169.60519
v  446.65527 139.23682 63.142242
v  446.67365 139.25986 57.704399
v  446.3616 138.86856 52.375942
v  445.73346 138.0809 47.186123
v  444.80359 136.91495 42.164188
v  443.58643 135.38867 37.339386
v  442.09628 133.52008 32.740967
v  440.3476 131.32724 28.39818
v  438.35455 128.82809 24.340275
v  436.13168 126.04071 20.596495
v  433.6933 122.98308 17.196093
v  431.05377 119.67323 14.16832
v  428.22748 116.12914 11.542419
v  425.22876 112.36885 9.347641
v  422.07196 108.41037 7.6132431
v  418.77148 104.27172 6.3684616
v  415.34171 99.970894 5.64254
v  414.69611 99.161278 5.5083618
v  414.07266 98.379578 5.2807579
v  413.47412 97.629021 4.9645996
v  412.90302 96.912857 4.5647774
v  412.36191 96.234344 4.086174
v  411.85342 95.596695 3.5336418
v  411.3801 95.003189 2.9120941
v  410.94455 94.457047 2.2263756
v  410.54941 93.961525 1.4813805
v  410.19717 93.519852 0.68198395
v  409.89053 93.1353 -0.1669426
v  409.63196 92.811096 -1.0605164
v  409.42413 92.550468 -1.9938583
v  409.26956 92.356689 -2.9620972
v  409.17096 92.232979 -3.9603577
v  409.13074 92.18261 -4.9837494
v  409.15164 92.208801 -6.0274048
v  409.15164 92.208809 -67.294586
v  448.47681 141.521 -75.463547
v  412.12396 95.935959 10.190395
v  415.55051 100.23273 10.478115
v  418.86411 104.38783 11.320763
v  422.04828 108.38065 12.687565
v  425.08661 112.19061 14.54776
v  427.96271 115.79713 16.870579
v  430.66013 119.1796 19.625235
v  433.16248 122.31744 22.780991
v  435.45331 125.19006 26.307051
v  437.51624 127.77689 30.17267
v  439.33481 130.05728 34.347065
v  440.89261 132.01073 38.799469
v  442.17325 133.61658 43.499123
v  443.16025 134.85425 48.415245
v  443.83725 135.70317 53.517078
v  444.18781 136.14273 58.773842
v  444.1955 136.15239 64.154785
v  443.8439 135.71149 69.62912
v  434.10696 123.50175 169.60519
v  433.77948 146.64363 68.660217
v  426.93793 132.43695 169.60519
v  434.0322 147.16841 63.142242
v  434.04495 147.19498 57.704399
v  433.82785 146.74405 52.375942
v  433.39069 145.83636 47.186123
v  432.74362 144.49274 42.164188
v  431.89664 142.73386 37.339386
v  430.85962 140.58054 32.740967
v  429.6427 138.05354 28.398178
v  428.2558 135.17358 24.340275
v  426.70889 131.96146 20.596497
v  425.01202 128.4379 17.196095
v  423.1752 124.62366 14.16832
v  421.20837 120.53952 11.542419
v  419.12158 116.20624 9.347641
v  416.92477 111.64455 7.6132431
v  414.62805 106.87524 6.3684616
v  412.24124 101.91906 5.6425362
v  411.79193 100.98607 5.508358
v  411.35812 100.08524 5.2807541
v  410.94159 99.220314 4.9645958
v  410.54416 98.39502 4.5647774
v  410.1676 97.613113 4.086174
v  409.81375 96.878304 3.5336418
v  409.48438 96.194344 2.9120941
v  409.18127 95.56498 2.2263756
v  408.90628 94.99395 1.4813805
v  408.66122 94.484985 0.68198395
v  408.44775 94.041832 -0.1669426
v  408.26785 93.668221 -1.0605164
v  408.12323 93.367882 -1.9938583
v  408.01569 93.144569 -2.9620972
v  407.94702 93.002014 -3.9603577
v  407.91907 92.94397 -4.9837494
v  407.93359 92.974152 -6.0274048
v  407.93359 92.974167 -67.294586
v  435.2998 149.80066 -75.463547
v  410.00201 97.269257 10.190395
v  412.38654 102.22079 10.478111
v  414.69244 107.00905 11.320763
v  416.90833 111.6103 12.687565
v  419.02271 116.00084 14.54776
v  421.02414 120.15692 16.870579
v  422.90125 124.05482 19.625235
v  424.64264 127.67082 22.780991
v  426.23685 130.98119 26.307051
v  427.67242 133.96219 30.172668
v  428.93796 136.59009 34.347065
v  430.02203 138.84119 38.799469
v  430.91318 140.69174 43.499123
v  431.60004 142.11801 48.415245
v  432.07114 143.0963 53.517078
v  432.31509 143.60286 58.773842
v  432.32043 143.61395 64.154785
v  432.07581 143.10588 69.62912
v  425.2999 129.03561 169.60519
v  419.83109 151.52437 68.660217
v  416.32233 136.15149 169.60519
v  419.96069 152.09225 63.142239
v  419.96729 152.12099 57.704395
v  419.8559 151.63303 52.375942
v  419.63171 150.65085 47.186123
v  419.29987 149.1969 42.164188
v  418.86545 147.29367 37.339386
v  418.33365 144.96359 32.740967
v  417.70953 142.22916 28.398178
v  416.9982 139.11278 24.340273
v  416.2049 135.63696 20.596497
v  415.33463 131.82416 17.196095
v  414.39258 127.69683 14.16832
v  413.38388 123.27744 11.542419
v  412.31366 118.58843 9.3476372
v  411.18701 113.6523 7.6132393
v  410.00909 108.49148 6.3684578
v  408.785 103.12844 5.6425362
v  408.55457 102.11887 5.508358
v  408.33209 101.1441 5.2807541
v  408.1185 100.20816 4.9645958
v  407.91464 99.315125 4.5647774
v  407.72153 98.469025 4.086174
v  407.54004 97.673904 3.5336418
v  407.37115 96.933807 2.9120941
v  407.21567 96.252777 2.2263756
v  407.07465 95.634872 1.4813805
v  406.94897 95.084129 0.68198395
v  406.83951 94.604584 -0.1669426
v  406.74722 94.200302 -1.0605164
v  406.67307 93.87532 -1.9938583
v  406.61789 93.633675 -2.9620972
v  406.58267 93.479424 -3.9603577
v  406.56833 93.416603 -4.9837494
v  406.57581 93.449265 -6.0274048
v  406.57581 93.44928 -67.294586
v  420.61081 154.94055 -75.463547
v  405.14633 87.186264 -71.96257
v  407.6366 98.096954 10.190395
v  408.85953 103.45493 10.478119
v  410.04211 108.63626 11.320759
v  411.17856 113.61522 12.687561
v  412.26291 118.36617 14.547756
v  413.28943 122.86342 16.870579
v  414.25208 127.0813 19.625235
v  415.1452 130.99413 22.780993
v  415.9628 134.57623 26.307051
v  416.69901 137.80193 30.172668
v  417.34808 140.64557 34.347065
v  417.90402 143.08145 38.799469
v  418.36108 145.08389 43.499123
v  418.71335 146.62727 48.415245
v  418.95496 147.68585 53.517078
v  419.08011 148.23401 58.773842
v  419.08279 148.246 64.154785
v  418.95734 147.69624 69.62912
v  415.48227 132.47095 169.60519
v  405.14633 153.17896 68.660225
v  405.1463 137.41072 169.60522
v  405.14633 153.76143 63.142242
v  405.14633 153.79091 57.704395
v  405.14633 153.29041 52.375938
v  405.14633 152.28297 47.186123
v  405.14633 150.79163 42.164188
v  405.14633 148.83945 37.339386
v  405.14633 146.44945 32.740967
v  405.14633 143.64468 28.39818
v  405.14633 140.44815 24.340273
v  405.14633 136.88297 20.596497
v  405.14633 132.97211 17.196095
v  405.1463 128.73863 14.168316
v  405.1463 124.20559 11.542416
v  405.1463 119.396 9.3476372
v  405.1463 114.33292 7.6132393
v  405.1463 109.03938 6.3684578
v  405.1463 103.53842 5.6425438
v  405.1463 102.50289 5.508358
v  405.1463 101.50305 5.2807541
v  405.1463 100.54305 4.9645958
v  405.1463 99.627037 4.5647774
v  405.1463 98.759186 4.086174
v  405.1463 97.943604 3.5336418
v  405.14633 97.184479 2.9120941
v  405.14633 96.485939 2.2263756
v  405.14633 95.852135 1.4813805
v  405.14633 95.287239 0.68198395
v  405.14633 94.795372 -0.1669426
v  405.14633 94.380676 -1.0605164
v  405.14633 94.04734 -1.9938583
v  405.14633 93.799484 -2.9620972
v  405.14633 93.641258 -3.9603577
v  405.14633 93.57682 -4.9837494
v  405.14633 93.610329 -6.0274048
v  405.14633 93.610329 -67.294586
v  405.14633 156.68298 -75.463547
v  405.1463 98.377541 10.190395
v  405.1463 103.87332 10.478119
v  405.1463 109.18788 11.320763
v  405.1463 114.29489 12.687561
v  405.1463 119.16801 14.547756
v  405.1463 123.78093 16.870579
v  405.1463 128.10727 19.625235
v  405.14633 132.12073 22.780993
v  405.14633 135.79495 26.307051
v  405.14633 139.10361 30.172668
v  405.14633 142.02037 34.347065
v  405.14633 144.51889 38.799469
v  405.14633 146.57285 43.499123
v  405.14633 148.15588 48.415245
v  405.14633 149.24171 53.517071
v  405.14633 149.80396 58.773842
v  405.14633 149.81627 64.154785
v  405.14633 149.25235 69.62912
v  405.1463 133.63553 169.60519
v  390.46155 151.52437 68.660217
v  393.97034 136.15149 169.60522
v  390.33194 152.09225 63.142235
v  390.32541 152.12099 57.704395
v  390.43674 151.63303 52.375938
v  390.66095 150.65085 47.186119
v  390.99277 149.19691 42.164185
v  391.42715 147.29367 37.339386
v  391.95898 144.96359 32.740967
v  392.5831 142.22916 28.398176
v  393.29443 139.11278 24.340273
v  394.08774 135.63696 20.596497
v  394.95801 131.82416 17.196095
v  395.90002 127.69683 14.168316
v  396.90875 123.27744 11.542416
v  397.97897 118.58843 9.3476372
v  399.10559 113.6523 7.6132393
v  400.28354 108.49148 6.3684578
v  401.50763 103.12844 5.6425362
v  401.73804 102.11887 5.508358
v  401.96054 101.1441 5.2807541
v  402.17413 100.20816 4.9645958
v  402.37796 99.315117 4.5647774
v  402.57108 98.469025 4.086174
v  402.75259 97.673897 3.5336418
v  402.92148 96.933807 2.9120941
v  403.07693 96.252777 2.2263756
v  403.21796 95.634872 1.4813805
v  403.34369 95.084129 0.68198395
v  403.45313 94.604584 -0.1669426
v  403.54541 94.200302 -1.0605164
v  403.61957 93.87532 -1.9938583
v  403.67471 93.633675 -2.9620972
v  403.70993 93.479424 -3.9603577
v  403.7243 93.416603 -4.9837494
v  403.7168 93.449265 -6.0274048
v  403.7168 93.449265 -67.294586
v  389.68185 154.94055 -75.463547
v  402.65601 98.096939 10.190395
v  401.43307 103.45493 10.478119
v  400.25052 108.63626 11.320763
v  399.11404 113.61522 12.687561
v  398.02972 118.36617 14.547756
v  397.0032 122.86341 16.870579
v  396.04053 127.0813 19.625235
v  395.14743 130.99413 22.780993
v  394.32983 134.57622 26.307051
v  393.59363 137.80193 30.172667
v  392.94455 140.64557 34.347065
v  392.38861 143.08145 38.799469
v  391.93155 145.08389 43.499123
v  391.57928 146.62727 48.415245
v  391.33765 147.68587 53.517071
v  391.21259 148.23401 58.773842
v  391.20981 148.24603 64.154785
v  391.3353 147.69624 69.62912
v  394.81036 132.47095 169.60522
v  376.51312 146.64362 68.660217
v  383.35471 132.43695 169.60522
v  376.26041 147.16841 63.142235
v  376.24765 147.19498 57.704391
v  376.46478 146.74402 52.375938
v  376.90189 145.83636 47.186119
v  377.54898 144.49271 42.164185
v  378.39597 142.73386 37.339382
v  379.43295 140.58054 32.740967
v  380.6499 138.05353 28.398176
v  382.0368 135.17358 24.340271
v  383.58374 131.96144 20.596495
v  385.28058 128.43787 17.196093
v  387.1174 124.62366 14.168316
v  389.0842 120.53952 11.542416
v  391.17102 116.20622 9.3476372
v  393.36783 111.64455 7.6132393
v  395.66458 106.87523 6.3684578
v  398.05136 101.91905 5.6425362
v  398.5007 100.98607 5.508358
v  398.93451 100.08524 5.2807541
v  399.35104 99.220306 4.9645958
v  399.74847 98.395012 4.5647774
v  400.12503 97.613098 4.086174
v  400.47885 96.878296 3.5336418
v  400.80823 96.194344 2.9120941
v  401.11136 95.564972 2.2263756
v  401.38632 94.993942 1.4813805
v  401.63141 94.484985 0.68198395
v  401.84485 94.041824 -0.1669426
v  402.02478 93.668213 -1.0605164
v  402.16937 93.367882 -1.9938583
v  402.27692 93.144569 -2.9620972
v  402.34558 93.002014 -3.9603577
v  402.37354 92.943962 -4.9837494
v  402.35904 92.974144 -6.0274048
v  402.35904 92.974144 -67.294586
v  374.9928 149.80064 -75.463547
v  400.29062 97.269249 10.190395
v  397.90604 102.22077 10.478111
v  395.60019 107.00903 11.320763
v  393.38431 111.6103 12.687561
v  391.26996 116.00083 14.547756
v  389.26849 120.15691 16.870577
v  387.39133 124.05481 19.625233
v  385.64996 127.6708 22.780991
v  384.05576 130.98117 26.307049
v  382.62021 133.96217 30.172665
v  381.35464 136.59009 34.347065
v  380.27063 138.84117 38.799465
v  379.37946 140.69173 43.499119
v  378.69254 142.11801 48.415237
v  378.22147 143.0963 53.517071
v  377.97751 143.60286 58.773842
v  377.97217 143.61395 64.154785
v  378.2168 143.1059 69.62912
v  384.99271 129.03561 169.60522
v  364.00055 138.7814 68.660217
v  373.83185 126.45333 169.60522
v  363.63733 139.23682 63.142231
v  363.61896 139.25986 57.704388
v  363.93103 138.86855 52.375938
v  364.55914 138.0809 47.186115
v  365.48901 136.91492 42.164181
v  366.70618 135.38866 37.339382
v  368.19632 133.52008 32.740963
v  369.94504 131.32722 28.398176
v  371.93805 128.82808 24.340271
v  374.16092 126.0407 20.596491
v  376.59927 122.98307 17.196091
v  379.2388 119.6732 14.168316
v  382.06516 116.12912 11.542416
v  385.06384 112.36884 9.3476372
v  388.22061 108.41036 7.6132393
v  391.52112 104.27171 6.3684578
v  394.9509 99.970894 5.6425362
v  395.59653 99.161278 5.508358
v  396.21991 98.37957 5.2807541
v  396.81851 97.629013 4.9645958
v  397.38962 96.912849 4.5647774
v  397.93073 96.234329 4.086174
v  398.43921 95.59668 3.5336418
v  398.91251 95.003181 2.9120941
v  399.34808 94.457039 2.2263756
v  399.74319 93.961517 1.4813805
v  400.09546 93.519852 0.68198395
v  400.4021 93.135292 -0.1669426
v  400.66068 92.811073 -1.0605164
v  400.86847 92.550468 -1.9938583
v  401.02304 92.356674 -2.9620972
v  401.12167 92.232971 -3.9603577
v  401.16183 92.182594 -4.9837494
v  401.14099 92.208786 -6.0274048
v  401.14099 92.208794 -67.294586
v  361.8158 141.52097 -75.463547
v  398.16867 95.935951 10.190395
v  394.74213 100.23272 10.478111
v  391.4285 104.38781 11.320763
v  388.24432 108.38063 12.687561
v  385.20599 112.19061 14.547756
v  382.3299 115.79712 16.870577
v  379.63248 119.17958 19.625233
v  377.13013 122.31742 22.780989
v  374.83926 125.19005 26.307047
v  372.77634 127.77687 30.172665
v  370.95779 130.05728 34.347057
v  369.39996 132.01071 38.799465
v  368.11938 133.61656 43.499115
v  367.13235 134.85422 48.415237
v  366.45532 135.70317 53.517071
v  366.10477 136.14273 58.773842
v  366.09711 136.15237 64.154785
v  366.44873 135.71149 69.62912
v  376.18567 123.50175 169.60522
v  353.55115 128.332 68.660217
v  365.87918 118.5007 169.60519
v  353.09573 128.69518 63.142231
v  353.07266 128.71356 57.704388
v  353.46399 128.4015 52.375931
v  354.25165 127.77337 47.186111
v  355.4176 126.84354 42.164177
v  356.94388 125.62637 37.339382
v  358.81247 124.13623 32.740963
v  361.00531 122.38748 28.398174
v  363.50446 120.3945 24.340271
v  366.29187 118.17163 20.596491
v  369.34946 115.73325 17.196091
v  372.65936 113.09372 14.168316
v  376.20343 110.26742 11.542416
v  379.96368 107.26869 9.3476372
v  383.92218 104.11192 7.6132393
v  388.06082 100.81145 6.368454
v  392.36169 97.38166 5.6425362
v  393.17126 96.736015 5.508358
v  393.953 96.112625 5.2807541
v  394.70352 95.514076 4.9645958
v  395.41971 94.942955 4.5647774
v  396.09824 94.401855 4.086174
v  396.73587 93.893349 3.5336418
v  397.32941 93.420044 2.9120941
v  397.87555 92.984512 2.2263756
v  398.37106 92.58934 1.4813805
v  398.81268 92.237122 0.68198395
v  399.1973 91.93045 -0.1669426
v  399.52148 91.671898 -1.0605164
v  399.78207 91.464066 -1.9938583
v  399.97589 91.309525 -2.9620972
v  400.09961 91.210876 -3.9603577
v  400.14996 91.1707 -4.9837494
v  400.12375 91.191597 -6.0274048
v  400.12375 91.191589 -67.294586
v  350.81158 130.51672 -75.463547
v  396.39664 94.163902 10.190395
v  392.09982 97.590454 10.478111
v  387.94473 100.90403 11.320755
v  383.9519 104.08821 12.687561
v  380.14194 107.12655 14.547756
v  376.53546 110.00264 16.870575
v  373.15298 112.70008 19.625233
v  370.01514 115.20242 22.780989
v  367.14252 117.49326 26.307047
v  364.55569 119.55618 30.172663
v  362.27527 121.37474 34.347057
v  360.32184 122.93255 38.799461
v  358.716 124.21317 43.499115
v  357.4783 125.2002 48.415237
v  356.62939 125.87718 53.517067
v  356.18982 126.22774 58.773834
v  356.18018 126.23543 64.15477
v  356.62103 125.88383 69.62912
v  368.83075 116.1469 169.60519
v  345.68896 115.81941 68.66021
v  359.89557 108.97784 169.60519
v  345.16412 116.07215 63.142227
v  345.13757 116.08492 57.704388
v  345.5885 115.86777 52.375931
v  346.49622 115.43066 47.186111
v  347.83981 114.7836 42.164177
v  349.59872 113.93658 37.339375
v  351.75204 112.8996 32.740959
v  354.27902 111.68265 28.398174
v  357.15897 110.29573 24.340267
v  360.37112 108.74885 20.596487
v  363.89465 107.05199 17.196089
v  367.70892 105.21515 14.168316
v  371.79306 103.24834 11.542416
v  376.12634 101.16153 9.3476372
v  380.68799 98.964745 7.6132317
v  385.45731 96.667969 6.368454
v  390.41351 94.281197 5.6425362
v  391.3465 93.831894 5.508358
v  392.24731 93.398079 5.2807541
v  393.11227 92.981552 4.9645958
v  393.93753 92.584106 4.5647774
v  394.71948 92.207558 4.086174
v  395.45428 91.853691 3.5336418
v  396.13821 91.524323 2.9120941
v  396.76761 91.22123 2.2263756
v  397.33859 90.946236 1.4813805
v  397.8476 90.701134 0.68198395
v  398.29074 90.487724 -0.1669426
v  398.66437 90.3078 -1.0605164
v  398.96472 90.163162 -1.9938583
v  399.18802 90.055626 -2.9620972
v  399.33054 89.986977 -3.9603577
v  399.38861 89.959015 -4.9837494
v  399.35843 89.973557 -6.0274048
v  399.35843 89.973549 -67.294586
v  342.53195 117.33975 -75.463547
v  395.06329 92.041969 10.190395
v  390.11179 94.426498 10.478111
v  385.32352 96.732407 11.320755
v  380.72226 98.94825 12.687557
v  376.33173 101.06261 14.547749
v  372.17566 103.06409 16.870575
v  368.27774 104.94122 19.625225
v  364.66177 106.68259 22.780983
v  361.35138 108.27678 26.307045
v  358.37036 109.71236 30.172663
v  355.74249 110.97789 34.347057
v  353.49139 112.06196 38.799461
v  351.64081 112.95314 43.499115
v  350.21457 113.64 48.415234
v  349.23624 114.11111 53.517063
v  348.72968 114.35506 58.773834
v  348.71857 114.3604 64.154785
v  349.22665 114.11574 69.62912
v  363.29691 107.33984 169.60519
v  340.8082 101.87101 68.660202
v  356.18103 98.362251 169.60518
v  340.24033 102.00063 63.142227
v  340.21155 102.00718 57.704384
v  340.69952 101.8958 52.375931
v  341.6817 101.67163 47.186111
v  343.13562 101.33978 42.164177
v  345.03888 100.90538 37.339375
v  347.36896 100.37354 32.740959
v  350.10339 99.749435 28.398172
v  353.21976 99.038132 24.340265
v  356.69559 98.244812 20.596487
v  360.50842 97.374565 17.196089
v  364.63574 96.432526 14.168312
v  369.05515 95.423828 11.542412
v  373.74411 94.353592 9.3476372
v  378.68027 93.226952 7.6132317
v  383.84106 92.049019 6.368454
v  389.20413 90.824944 5.6425362
v  390.21368 90.594521 5.508358
v  391.18848 90.372032 5.2807541
v  392.12439 90.158409 4.9645958
v  393.01746 89.954582 4.5647774
v  393.86353 89.761475 4.086174
v  394.65869 89.579979 3.5336418
v  395.39877 89.411064 2.9120941
v  396.07977 89.255623 2.2263756
v  396.69769 89.114594 1.4813805
v  397.24847 88.988892 0.68198395
v  397.72797 88.87944 -0.1669426
v  398.13229 88.787155 -1.0605164
v  398.45724 88.712982 -1.9938583
v  398.69888 88.657829 -2.9620972
v  398.85318 88.62262 -3.9603577
v  398.91595 88.608284 -4.9837494
v  398.88333 88.615738 -6.0274048
v  398.88333 88.615738 -67.294586
v  337.39203 102.65072 -75.463547
v  394.23563 89.676544 10.190395
v  388.87762 90.899475 10.478111
v  383.69632 92.082077 11.320759
v  378.71735 93.218483 12.687557
v  373.96637 94.302864 14.547749
v  369.46915 95.32933 16.870573
v  365.25128 96.29203 19.625225
v  361.33844 97.185104 22.780983
v  357.75632 98.002701 26.307045
v  354.53061 98.738945 30.172661
v  351.68698 99.387993 34.347057
v  349.2511 99.943962 38.799461
v  347.24866 100.40102 43.499111
v  345.70529 100.75327 48.41523
v  344.6467 100.99489 53.517063
v  344.09854 101.12 58.773834
v  344.08652 101.12275 64.15477
v  344.63632 100.99725 69.629112
v  359.86157 97.522186 169.60518

# 1740 UV coordinates
vt 0 0 0
vt 0.14790143 0 0
vt 0.14790143 0.035714287 0
vt 0 0.035714287 0
vt 0.15593372 0 0
vt 0.15593372 0.035714287 0
vt 0.16380574 0 0
vt 0.16380574 0.035714287 0
vt 0.17155324 0 0
vt 0.17155324 0.035714287 0
vt 0.17920634 0 0
vt 0.17920634 0.035714287 0
vt 0.18678994 0 0
vt 0.18678994 0.035714287 0
vt 0.19432446 0 0
vt 0.19432446 0.035714287 0
vt 0.20182662 0 0
vt 0.20182662 0.035714287 0
vt 0.20931044 0 0
vt 0.20931044 0.035714287 0
vt 0.21678837 0 0
vt 0.21678837 0.035714287 0
vt 0.22427219 0 0
vt 0.22427219 0.035714287 0
vt 0.23177435 0 0
vt 0.23177435 0.035714287 0
vt 0.23930886 0 0
vt 0.23930886 0.035714287 0
vt 0.24689247 0 0
vt 0.24689247 0.035714287 0
vt 0.25454557 0 0
vt 0.25454557 0.035714287 0
vt 0.26229307 0 0
vt 0.26229307 0.035714287 0
vt 0.27016509 0 0
vt 0.27016509 0.035714287 0
vt 0.27819738 0 0
vt 0.27819738 0.035714287 0
vt 0.27970898 0 0
vt 0.27970898 0.035714287 0
vt 0.28119338 0 0
vt 0.28119338 0.035714287 0
vt 0.28265652 0 0
vt 0.28265652 0.035714287 0
vt 0.28410333 0 0
vt 0.28410333 0.035714287 0
vt 0.28553805 0 0
vt 0.28553805 0.035714287 0
vt 0.28696412 0 0
vt 0.28696412 0.035714287 0
vt 0.28838441 0 0
vt 0.28838441 0.035714287 0
vt 0.28980142 0 0
vt 0.28980142 0.035714287 0
vt 0.29121736 0 0
vt 0.29121736 0.035714287 0
vt 0.29263434 0 0
vt 0.29263434 0.035714287 0
vt 0.29405466 0 0
vt 0.29405466 0.035714287 0
vt 0.2954807 0 0
vt 0.2954807 0.035714287 0
vt 0.29691541 0 0
vt 0.29691541 0.035714287 0
vt 0.29836226 0 0
vt 0.29836226 0.035714287 0
vt 0.29982537 0 0
vt 0.29982537 0.035714287 0
vt 0.30130979 0 0
vt 0.30130979 0.035714287 0
vt 0.30282137 0 0
vt 0.30282137 0.035714287 0
vt 0.39151263 0 0
vt 0.39151263 0.035714287 0
vt 0.48358011 0 0
vt 0.48358011 0.035714287 0
vt 0.58431214 0 0
vt 0.58431214 0.035714287 0
vt 0.70323789 0 0
vt 0.70323789 0.035714287 0
vt 0.71943855 0 0
vt 0.71943855 0.035714287 0
vt 0.72740525 0 0
vt 0.72740525 0.035714287 0
vt 0.7351948 0 0
vt 0.7351948 0.035714287 0
vt 0.74284798 0 0
vt 0.74284798 0.035714287 0
vt 0.75039887 0 0
vt 0.75039887 0.035714287 0
vt 0.75787538 0 0
vt 0.75787538 0.035714287 0
vt 0.76530004 0 0
vt 0.76530004 0.035714287 0
vt 0.77269089 0 0
vt 0.77269089 0.035714287 0
vt 0.78006279 0 0
vt 0.78006279 0.035714287 0
vt 0.78742862 0 0
vt 0.78742862 0.035714287 0
vt 0.79480052 0 0
vt 0.79480052 0.035714287 0
vt 0.80219138 0 0
vt 0.80219138 0.035714287 0
vt 0.80961603 0 0
vt 0.80961603 0.035714287 0
vt 0.81709254 0 0
vt 0.81709254 0.035714287 0
vt 0.82464343 0 0
vt 0.82464343 0.035714287 0
vt 0.83229661 0 0
vt 0.83229661 0.035714287 0
vt 0.84008616 0 0
vt 0.84008616 0.035714287 0
vt 0.8480528 0 0
vt 0.8480528 0.035714287 0
vt 0.99453461 0 0
vt 0.99453461 0.035714287 0
vt 1 0 0
vt 1 0.035714287 0
vt 0.14790143 0.071428575 0
vt 0 0.071428575 0
vt 0.15593372 0.071428575 0
vt 0.16380574 0.071428575 0
vt 0.17155324 0.071428575 0
vt 0.17920634 0.071428575 0
vt 0.18678994 0.071428575 0
vt 0.19432446 0.071428575 0
vt 0.20182662 0.071428575 0
vt 0.20931044 0.071428575 0
vt 0.21678837 0.071428575 0
vt 0.22427219 0.071428575 0
vt 0.23177435 0.071428575 0
vt 0.23930886 0.071428575 0
vt 0.24689247 0.071428575 0
vt 0.25454557 0.071428575 0
vt 0.26229307 0.071428575 0
vt 0.27016509 0.071428575 0
vt 0.27819738 0.071428575 0
vt 0.27970898 0.071428575 0
vt 0.28119338 0.071428575 0
vt 0.28265652 0.071428575 0
vt 0.28410333 0.071428575 0
vt 0.28553805 0.071428575 0
vt 0.28696412 0.071428575 0
vt 0.28838441 0.071428575 0
vt 0.28980142 0.071428575 0
vt 0.29121736 0.071428575 0
vt 0.29263434 0.071428575 0
vt 0.29405466 0.071428575 0
vt 0.2954807 0.071428575 0
vt 0.29691541 0.071428575 0
vt 0.29836226 0.071428575 0
vt 0.29982537 0.071428575 0
vt 0.30130979 0.071428575 0
vt 0.30282137 0.071428575 0
vt 0.39151263 0.071428575 0
vt 0.48358011 0.071428575 0
vt 0.58431214 0.071428575 0
vt 0.70323789 0.071428575 0
vt 0.71943855 0.071428575 0
vt 0.72740525 0.071428575 0
vt 0.7351948 0.071428575 0
vt 0.74284798 0.071428575 0
vt 0.75039887 0.071428575 0
vt 0.75787538 0.071428575 0
vt 0.76530004 0.071428575 0
vt 0.77269089 0.071428575 0
vt 0.78006279 0.071428575 0
vt 0.78742862 0.071428575 0
vt 0.79480052 0.071428575 0
vt 0.80219138 0.071428575 0
vt 0.80961603 0.071428575 0
vt 0.81709254 0.071428575 0
vt 0.82464343 0.071428575 0
vt 0.83229661 0.071428575 0
vt 0.84008616 0.071428575 0
vt 0.8480528 0.071428575 0
vt 0.99453461 0.071428575 0
vt 1 0.071428575 0
vt 0.14790143 0.10714286 0
vt 0 0.10714286 0
vt 0.15593372 0.10714286 0
vt 0.16380574 0.10714286 0
vt 0.17155324 0.10714286 0
vt 0.17920634 0.10714286 0
vt 0.18678994 0.10714286 0
vt 0.19432446 0.10714286 0
vt 0.20182662 0.10714286 0
vt 0.20931044 0.10714286 0
vt 0.21678837 0.10714286 0
vt 0.22427219 0.10714286 0
vt 0.23177435 0.10714286 0
vt 0.23930886 0.10714286 0
vt 0.24689247 0.10714286 0
vt 0.25454557 0.10714286 0
vt 0.26229307 0.10714286 0
vt 0.27016509 0.10714286 0
vt 0.27819738 0.10714286 0
vt 0.27970898 0.10714286 0
vt 0.28119338 0.10714286 0
vt 0.28265652 0.10714286 0
vt 0.28410333 0.10714286 0
vt 0.28553805 0.10714286 0
vt 0.28696412 0.10714286 0
vt 0.28838441 0.10714286 0
vt 0.28980142 0.10714286 0
vt 0.29121736 0.10714286 0
vt 0.29263434 0.10714286 0
vt 0.29405466 0.10714286 0
vt 0.2954807 0.10714286 0
vt 0.29691541 0.10714286 0
vt 0.29836226 0.10714286 0
vt 0.29982537 0.10714286 0
vt 0.30130979 0.10714286 0
vt 0.30282137 0.10714286 0
vt 0.39151263 0.10714286 0
vt 0.48358011 0.10714286 0
vt 0.58431214 0.10714286 0
vt 0.70323789 0.10714286 0
vt 0.71943855 0.10714286 0
vt 0.72740525 0.10714286 0
vt 0.7351948 0.10714286 0
vt 0.74284798 0.10714286 0
vt 0.75039887 0.10714286 0
vt 0.75787538 0.10714286 0
vt 0.76530004 0.10714286 0
vt 0.77269089 0.10714286 0
vt 0.78006279 0.10714286 0
vt 0.78742862 0.10714286 0
vt 0.79480052 0.10714286 0
vt 0.80219138 0.10714286 0
vt 0.80961603 0.10714286 0
vt 0.81709254 0.10714286 0
vt 0.82464343 0.10714286 0
vt 0.83229661 0.10714286 0
vt 0.84008616 0.10714286 0
vt 0.8480528 0.10714286 0
vt 0.99453461 0.10714286 0
vt 1 0.10714286 0
vt 0.14790143 0.14285715 0
vt 0 0.14285715 0
vt 0.15593372 0.14285715 0
vt 0.16380574 0.14285715 0
vt 0.17155324 0.14285715 0
vt 0.17920634 0.14285715 0
vt 0.18678994 0.14285715 0
vt 0.19432446 0.14285715 0
vt 0.20182662 0.14285715 0
vt 0.20931044 0.14285715 0
vt 0.21678837 0.14285715 0
vt 0.22427219 0.14285715 0
vt 0.23177435 0.14285715 0
vt 0.23930886 0.14285715 0
vt 0.24689247 0.14285715 0
vt 0.25454557 0.14285715 0
vt 0.26229307 0.14285715 0
vt 0.27016509 0.14285715 0
vt 0.27819738 0.14285715 0
vt 0.27970898 0.14285715 0
vt 0.28119338 0.14285715 0
vt 0.28265652 0.14285715 0
vt 0.28410333 0.14285715 0
vt 0.28553805 0.14285715 0
vt 0.28696412 0.14285715 0
vt 0.28838441 0.14285715 0
vt 0.28980142 0.14285715 0
vt 0.29121736 0.14285715 0
vt 0.29263434 0.14285715 0
vt 0.29405466 0.14285715 0
vt 0.2954807 0.14285715 0
vt 0.29691541 0.14285715 0
vt 0.29836226 0.14285715 0
vt 0.29982537 0.14285715 0
vt 0.30130979 0.14285715 0
vt 0.30282137 0.14285715 0
vt 0.39151263 0.14285715 0
vt 0.48358011 0.14285715 0
vt 0.58431214 0.14285715 0
vt 0.70323789 0.14285715 0
vt 0.71943855 0.14285715 0
vt 0.72740525 0.14285715 0
vt 0.7351948 0.14285715 0
vt 0.74284798 0.14285715 0
vt 0.75039887 0.14285715 0
vt 0.75787538 0.14285715 0
vt 0.76530004 0.14285715 0
vt 0.77269089 0.14285715 0
vt 0.78006279 0.14285715 0
vt 0.78742862 0.14285715 0
vt 0.79480052 0.14285715 0
vt 0.80219138 0.14285715 0
vt 0.80961603 0.14285715 0
vt 0.81709254 0.14285715 0
vt 0.82464343 0.14285715 0
vt 0.83229661 0.14285715 0
vt 0.84008616 0.14285715 0
vt 0.8480528 0.14285715 0
vt 0.99453461 0.14285715 0
vt 1 0.14285715 0
vt 0.14790143 0.17857143 0
vt 0 0.17857143 0
vt 0.15593372 0.17857143 0
vt 0.16380574 0.17857143 0
vt 0.17155324 0.17857143 0
vt 0.17920634 0.17857143 0
vt 0.18678994 0.17857143 0
vt 0.19432446 0.17857143 0
vt 0.20182662 0.17857143 0
vt 0.20931044 0.17857143 0
vt 0.21678837 0.17857143 0
vt 0.22427219 0.17857143 0
vt 0.23177435 0.17857143 0
vt 0.23930886 0.17857143 0
vt 0.24689247 0.17857143 0
vt 0.25454557 0.17857143 0
vt 0.26229307 0.17857143 0
vt 0.27016509 0.17857143 0
vt 0.27819738 0.17857143 0
vt 0.27970898 0.17857143 0
vt 0.28119338 0.17857143 0
vt 0.28265652 0.17857143 0
vt 0.28410333 0.17857143 0
vt 0.28553805 0.17857143 0
vt 0.28696412 0.17857143 0
vt 0.28838441 0.17857143 0
vt 0.28980142 0.17857143 0
vt 0.29121736 0.17857143 0
vt 0.29263434 0.17857143 0
vt 0.29405466 0.17857143 0
vt 0.2954807 0.17857143 0
vt 0.29691541 0.17857143 0
vt 0.29836226 0.17857143 0
vt 0.29982537 0.17857143 0
vt 0.30130979 0.17857143 0
vt 0.30282137 0.17857143 0
vt 0.39151263 0.17857143 0
vt 0.48358011 0.17857143 0
vt 0.58431214 0.17857143 0
vt 0.70323789 0.17857143 0
vt 0.71943855 0.17857143 0
vt 0.72740525 0.17857143 0
vt 0.7351948 0.17857143 0
vt 0.74284798 0.17857143 0
vt 0.75039887 0.17857143 0
vt 0.75787538 0.17857143 0
vt 0.76530004 0.17857143 0
vt 0.77269089 0.17857143 0
vt 0.78006279 0.17857143 0
vt 0.78742862 0.17857143 0
vt 0.79480052 0.17857143 0
vt 0.80219138 0.17857143 0
vt 0.80961603 0.17857143 0
vt 0.81709254 0.17857143 0
vt 0.82464343 0.17857143 0
vt 0.83229661 0.17857143 0
vt 0.84008616 0.17857143 0
vt 0.8480528 0.17857143 0
vt 0.99453461 0.17857143 0
vt 1 0.17857143 0
vt 0.14790143 0.21428572 0
vt 0 0.21428572 0
vt 0.15593372 0.21428572 0
vt 0.16380574 0.21428572 0
vt 0.17155324 0.21428572 0
vt 0.17920634 0.21428572 0
vt 0.18678994 0.21428572 0
vt 0.19432446 0.21428572 0
vt 0.20182662 0.21428572 0
vt 0.20931044 0.21428572 0
vt 0.21678837 0.21428572 0
vt 0.22427219 0.21428572 0
vt 0.23177435 0.21428572 0
vt 0.23930886 0.21428572 0
vt 0.24689247 0.21428572 0
vt 0.25454557 0.21428572 0
vt 0.26229307 0.21428572 0
vt 0.27016509 0.21428572 0
vt 0.27819738 0.21428572 0
vt 0.27970898 0.21428572 0
vt 0.28119338 0.21428572 0
vt 0.28265652 0.21428572 0
vt 0.28410333 0.21428572 0
vt 0.28553805 0.21428572 0
vt 0.28696412 0.21428572 0
vt 0.28838441 0.21428572 0
vt 0.28980142 0.21428572 0
vt 0.29121736 0.21428572 0
vt 0.29263434 0.21428572 0
vt 0.29405466 0.21428572 0
vt 0.2954807 0.21428572 0
vt 0.29691541 0.21428572 0
vt 0.29836226 0.21428572 0
vt 0.29982537 0.21428572 0
vt 0.30130979 0.21428572 0
vt 0.30282137 0.21428572 0
vt 0.39151263 0.21428572 0
vt 0.48358011 0.21428572 0
vt 0.58431214 0.21428572 0
vt 0.70323789 0.21428572 0
vt 0.71943855 0.21428572 0
vt 0.72740525 0.21428572 0
vt 0.7351948 0.21428572 0
vt 0.74284798 0.21428572 0
vt 0.75039887 0.21428572 0
vt 0.75787538 0.21428572 0
vt 0.76530004 0.21428572 0
vt 0.77269089 0.21428572 0
vt 0.78006279 0.21428572 0
vt 0.78742862 0.21428572 0
vt 0.79480052 0.21428572 0
vt 0.80219138 0.21428572 0
vt 0.80961603 0.21428572 0
vt 0.81709254 0.21428572 0
vt 0.82464343 0.21428572 0
vt 0.83229661 0.21428572 0
vt 0.84008616 0.21428572 0
vt 0.8480528 0.21428572 0
vt 0.99453461 0.21428572 0
vt 1 0.21428572 0
vt 0.14790143 0.25 0
vt 0 0.25 0
vt 0.15593372 0.25 0
vt 0.16380574 0.25 0
vt 0.17155324 0.25 0
vt 0.17920634 0.25 0
vt 0.18678994 0.25 0
vt 0.19432446 0.25 0
vt 0.20182662 0.25 0
vt 0.20931044 0.25 0
vt 0.21678837 0.25 0
vt 0.22427219 0.25 0
vt 0.23177435 0.25 0
vt 0.23930886 0.25 0
vt 0.24689247 0.25 0
vt 0.25454557 0.25 0
vt 0.26229307 0.25 0
vt 0.27016509 0.25 0
vt 0.27819738 0.25 0
vt 0.27970898 0.25 0
vt 0.28119338 0.25 0
vt 0.28265652 0.25 0
vt 0.28410333 0.25 0
vt 0.28553805 0.25 0
vt 0.28696412 0.25 0
vt 0.28838441 0.25 0
vt 0.28980142 0.25 0
vt 0.29121736 0.25 0
vt 0.29263434 0.25 0
vt 0.29405466 0.25 0
vt 0.2954807 0.25 0
vt 0.29691541 0.25 0
vt 0.29836226 0.25 0
vt 0.29982537 0.25 0
vt 0.30130979 0.25 0
vt 0.30282137 0.25 0
vt 0.39151263 0.25 0
vt 0.48358011 0.25 0
vt 0.58431214 0.25 0
vt 0.70323789 0.25 0
vt 0.71943855 0.25 0
vt 0.72740525 0.25 0
vt 0.7351948 0.25 0
vt 0.74284798 0.25 0
vt 0.75039887 0.25 0
vt 0.75787538 0.25 0
vt 0.76530004 0.25 0
vt 0.77269089 0.25 0
vt 0.78006279 0.25 0
vt 0.78742862 0.25 0
vt 0.79480052 0.25 0
vt 0.80219138 0.25 0
vt 0.80961603 0.25 0
vt 0.81709254 0.25 0
vt 0.82464343 0.25 0
vt 0.83229661 0.25 0
vt 0.84008616 0.25 0
vt 0.8480528 0.25 0
vt 0.99453461 0.25 0
vt 1 0.25 0
vt 0.14790143 0.2857143 0
vt 0 0.2857143 0
vt 0.15593372 0.2857143 0
vt 0.16380574 0.2857143 0
vt 0.17155324 0.2857143 0
vt 0.17920634 0.2857143 0
vt 0.18678994 0.2857143 0
vt 0.19432446 0.2857143 0
vt 0.20182662 0.2857143 0
vt 0.20931044 0.2857143 0
vt 0.21678837 0.2857143 0
vt 0.22427219 0.2857143 0
vt 0.23177435 0.2857143 0
vt 0.23930886 0.2857143 0
vt 0.24689247 0.2857143 0
vt 0.25454557 0.2857143 0
vt 0.26229307 0.2857143 0
vt 0.27016509 0.2857143 0
vt 0.27819738 0.2857143 0
vt 0.27970898 0.2857143 0
vt 0.28119338 0.2857143 0
vt 0.28265652 0.2857143 0
vt 0.28410333 0.2857143 0
vt 0.28553805 0.2857143 0
vt 0.28696412 0.2857143 0
vt 0.28838441 0.2857143 0
vt 0.28980142 0.2857143 0
vt 0.29121736 0.2857143 0
vt 0.29263434 0.2857143 0
vt 0.29405466 0.2857143 0
vt 0.2954807 0.2857143 0
vt 0.29691541 0.2857143 0
vt 0.29836226 0.2857143 0
vt 0.29982537 0.2857143 0
vt 0.30130979 0.2857143 0
vt 0.30282137 0.2857143 0
vt 0.39151263 0.2857143 0
vt 0.48358011 0.2857143 0
vt 0.58431214 0.2857143 0
vt 0.70323789 0.2857143 0
vt 0.71943855 0.2857143 0
vt 0.72740525 0.2857143 0
vt 0.7351948 0.2857143 0
vt 0.74284798 0.2857143 0
vt 0.75039887 0.2857143 0
vt 0.75787538 0.2857143 0
vt 0.76530004 0.2857143 0
vt 0.77269089 0.2857143 0
vt 0.78006279 0.2857143 0
vt 0.78742862 0.2857143 0
vt 0.79480052 0.2857143 0
vt 0.80219138 0.2857143 0
vt 0.80961603 0.2857143 0
vt 0.81709254 0.2857143 0
vt 0.82464343 0.2857143 0
vt 0.83229661 0.2857143 0
vt 0.84008616 0.2857143 0
vt 0.8480528 0.2857143 0
vt 0.99453461 0.2857143 0
vt 1 0.2857143 0
vt 0.14790143 0.32142857 0
vt 0 0.32142857 0
vt 0.15593372 0.32142857 0
vt 0.16380574 0.32142857 0
vt 0.17155324 0.32142857 0
vt 0.17920634 0.32142857 0
vt 0.18678994 0.32142857 0
vt 0.19432446 0.32142857 0
vt 0.20182662 0.32142857 0
vt 0.20931044 0.32142857 0
vt 0.21678837 0.32142857 0
vt 0.22427219 0.32142857 0
vt 0.23177435 0.32142857 0
vt 0.23930886 0.32142857 0
vt 0.24689247 0.32142857 0
vt 0.25454557 0.32142857 0
vt 0.26229307 0.32142857 0
vt 0.27016509 0.32142857 0
vt 0.27819738 0.32142857 0
vt 0.27970898 0.32142857 0
vt 0.28119338 0.32142857 0
vt 0.28265652 0.32142857 0
vt 0.28410333 0.32142857 0
vt 0.28553805 0.32142857 0
vt 0.28696412 0.32142857 0
vt 0.28838441 0.32142857 0
vt 0.28980142 0.32142857 0
vt 0.29121736 0.32142857 0
vt 0.29263434 0.32142857 0
vt 0.29405466 0.32142857 0
vt 0.2954807 0.32142857 0
vt 0.29691541 0.32142857 0
vt 0.29836226 0.32142857 0
vt 0.29982537 0.32142857 0
vt 0.30130979 0.32142857 0
vt 0.30282137 0.32142857 0
vt 0.39151263 0.32142857 0
vt 0.48358011 0.32142857 0
vt 0.58431214 0.32142857 0
vt 0.70323789 0.32142857 0
vt 0.71943855 0.32142857 0
vt 0.72740525 0.32142857 0
vt 0.7351948 0.32142857 0
vt 0.74284798 0.32142857 0
vt 0.75039887 0.32142857 0
vt 0.75787538 0.32142857 0
vt 0.76530004 0.32142857 0
vt 0.77269089 0.32142857 0
vt 0.78006279 0.32142857 0
vt 0.78742862 0.32142857 0
vt 0.79480052 0.32142857 0
vt 0.80219138 0.32142857 0
vt 0.80961603 0.32142857 0
vt 0.81709254 0.32142857 0
vt 0.82464343 0.32142857 0
vt 0.83229661 0.32142857 0
vt 0.84008616 0.32142857 0
vt 0.8480528 0.32142857 0
vt 0.99453461 0.32142857 0
vt 1 0.32142857 0
vt 0.14790143 0.35714287 0
vt 0 0.35714287 0
vt 0.15593372 0.35714287 0
vt 0.16380574 0.35714287 0
vt 0.17155324 0.35714287 0
vt 0.17920634 0.35714287 0
vt 0.18678994 0.35714287 0
vt 0.19432446 0.35714287 0
vt 0.20182662 0.35714287 0
vt 0.20931044 0.35714287 0
vt 0.21678837 0.35714287 0
vt 0.22427219 0.35714287 0
vt 0.23177435 0.35714287 0
vt 0.23930886 0.35714287 0
vt 0.24689247 0.35714287 0
vt 0.25454557 0.35714287 0
vt 0.26229307 0.35714287 0
vt 0.27016509 0.35714287 0
vt 0.27819738 0.35714287 0
vt 0.27970898 0.35714287 0
vt 0.28119338 0.35714287 0
vt 0.28265652 0.35714287 0
vt 0.28410333 0.35714287 0
vt 0.28553805 0.35714287 0
vt 0.28696412 0.35714287 0
vt 0.28838441 0.35714287 0
vt 0.28980142 0.35714287 0
vt 0.29121736 0.35714287 0
vt 0.29263434 0.35714287 0
vt 0.29405466 0.35714287 0
vt 0.2954807 0.35714287 0
vt 0.29691541 0.35714287 0
vt 0.29836226 0.35714287 0
vt 0.29982537 0.35714287 0
vt 0.30130979 0.35714287 0
vt 0.30282137 0.35714287 0
vt 0.39151263 0.35714287 0
vt 0.48358011 0.35714287 0
vt 0.58431214 0.35714287 0
vt 0.70323789 0.35714287 0
vt 0.71943855 0.35714287 0
vt 0.72740525 0.35714287 0
vt 0.7351948 0.35714287 0
vt 0.74284798 0.35714287 0
vt 0.75039887 0.35714287 0
vt 0.75787538 0.35714287 0
vt 0.76530004 0.35714287 0
vt 0.77269089 0.35714287 0
vt 0.78006279 0.35714287 0
vt 0.78742862 0.35714287 0
vt 0.79480052 0.35714287 0
vt 0.80219138 0.35714287 0
vt 0.80961603 0.35714287 0
vt 0.81709254 0.35714287 0
vt 0.82464343 0.35714287 0
vt 0.83229661 0.35714287 0
vt 0.84008616 0.35714287 0
vt 0.8480528 0.35714287 0
vt 0.99453461 0.35714287 0
vt 1 0.35714287 0
vt 0.14790143 0.39285713 0
vt 0 0.39285713 0
vt 0.15593372 0.39285713 0
vt 0.16380574 0.39285713 0
vt 0.17155324 0.39285713 0
vt 0.17920634 0.39285713 0
vt 0.18678994 0.39285713 0
vt 0.19432446 0.39285713 0
vt 0.20182662 0.39285713 0
vt 0.20931044 0.39285713 0
vt 0.21678837 0.39285713 0
vt 0.22427219 0.39285713 0
vt 0.23177435 0.39285713 0
vt 0.23930886 0.39285713 0
vt 0.24689247 0.39285713 0
vt 0.25454557 0.39285713 0
vt 0.26229307 0.39285713 0
vt 0.27016509 0.39285713 0
vt 0.27819738 0.39285713 0
vt 0.27970898 0.39285713 0
vt 0.28119338 0.39285713 0
vt 0.28265652 0.39285713 0
vt 0.28410333 0.39285713 0
vt 0.28553805 0.39285713 0
vt 0.28696412 0.39285713 0
vt 0.28838441 0.39285713 0
vt 0.28980142 0.39285713 0
vt 0.29121736 0.39285713 0
vt 0.29263434 0.39285713 0
vt 0.29405466 0.39285713 0
vt 0.2954807 0.39285713 0
vt 0.29691541 0.39285713 0
vt 0.29836226 0.39285713 0
vt 0.29982537 0.39285713 0
vt 0.30130979 0.39285713 0
vt 0.30282137 0.39285713 0
vt 0.39151263 0.39285713 0
vt 0.48358011 0.39285713 0
vt 0.58431214 0.39285713 0
vt 0.70323789 0.39285713 0
vt 0.71943855 0.39285713 0
vt 0.72740525 0.39285713 0
vt 0.7351948 0.39285713 0
vt 0.74284798 0.39285713 0
vt 0.75039887 0.39285713 0
vt 0.75787538 0.39285713 0
vt 0.76530004 0.39285713 0
vt 0.77269089 0.39285713 0
vt 0.78006279 0.39285713 0
vt 0.78742862 0.39285713 0
vt 0.79480052 0.39285713 0
vt 0.80219138 0.39285713 0
vt 0.80961603 0.39285713 0
vt 0.81709254 0.39285713 0
vt 0.82464343 0.39285713 0
vt 0.83229661 0.39285713 0
vt 0.84008616 0.39285713 0
vt 0.8480528 0.39285713 0
vt 0.99453461 0.39285713 0
vt 1 0.39285713 0
vt 0.14790143 0.42857143 0
vt 0 0.42857143 0
vt 0.15593372 0.42857143 0
vt 0.16380574 0.42857143 0
vt 0.17155324 0.42857143 0
vt 0.17920634 0.42857143 0
vt 0.18678994 0.42857143 0
vt 0.19432446 0.42857143 0
vt 0.20182662 0.42857143 0
vt 0.20931044 0.42857143 0
vt 0.21678837 0.42857143 0
vt 0.22427219 0.42857143 0
vt 0.23177435 0.42857143 0
vt 0.23930886 0.42857143 0
vt 0.24689247 0.42857143 0
vt 0.25454557 0.42857143 0
vt 0.26229307 0.42857143 0
vt 0.27016509 0.42857143 0
vt 0.27819738 0.42857143 0
vt 0.27970898 0.42857143 0
vt 0.28119338 0.42857143 0
vt 0.28265652 0.42857143 0
vt 0.28410333 0.42857143 0
vt 0.28553805 0.42857143 0
vt 0.28696412 0.42857143 0
vt 0.28838441 0.42857143 0
vt 0.28980142 0.42857143 0
vt 0.29121736 0.42857143 0
vt 0.29263434 0.42857143 0
vt 0.29405466 0.42857143 0
vt 0.2954807 0.42857143 0
vt 0.29691541 0.42857143 0
vt 0.29836226 0.42857143 0
vt 0.29982537 0.42857143 0
vt 0.30130979 0.42857143 0
vt 0.30282137 0.42857143 0
vt 0.39151263 0.42857143 0
vt 0.48358011 0.42857143 0
vt 0.58431214 0.42857143 0
vt 0.70323789 0.42857143 0
vt 0.71943855 0.42857143 0
vt 0.72740525 0.42857143 0
vt 0.7351948 0.42857143 0
vt 0.74284798 0.42857143 0
vt 0.75039887 0.42857143 0
vt 0.75787538 0.42857143 0
vt 0.76530004 0.42857143 0
vt 0.77269089 0.42857143 0
vt 0.78006279 0.42857143 0
vt 0.78742862 0.42857143 0
vt 0.79480052 0.42857143 0
vt 0.80219138 0.42857143 0
vt 0.80961603 0.42857143 0
vt 0.81709254 0.42857143 0
vt 0.82464343 0.42857143 0
vt 0.83229661 0.42857143 0
vt 0.84008616 0.42857143 0
vt 0.8480528 0.42857143 0
vt 0.99453461 0.42857143 0
vt 1 0.42857143 0
vt 0.14790143 0.4642857 0
vt 0 0.4642857 0
vt 0.15593372 0.4642857 0
vt 0.16380574 0.4642857 0
vt 0.17155324 0.4642857 0
vt 0.17920634 0.4642857 0
vt 0.18678994 0.4642857 0
vt 0.19432446 0.4642857 0
vt 0.20182662 0.4642857 0
vt 0.20931044 0.4642857 0
vt 0.21678837 0.4642857 0
vt 0.22427219 0.4642857 0
vt 0.23177435 0.4642857 0
vt 0.23930886 0.4642857 0
vt 0.24689247 0.4642857 0
vt 0.25454557 0.4642857 0
vt 0.26229307 0.4642857 0
vt 0.27016509 0.4642857 0
vt 0.27819738 0.4642857 0
vt 0.27970898 0.4642857 0
vt 0.28119338 0.4642857 0
vt 0.28265652 0.4642857 0
vt 0.28410333 0.4642857 0
vt 0.28553805 0.4642857 0
vt 0.28696412 0.4642857 0
vt 0.28838441 0.4642857 0
vt 0.28980142 0.4642857 0
vt 0.29121736 0.4642857 0
vt 0.29263434 0.4642857 0
vt 0.29405466 0.4642857 0
vt 0.2954807 0.4642857 0
vt 0.29691541 0.4642857 0
vt 0.29836226 0.4642857 0
vt 0.29982537 0.4642857 0
vt 0.30130979 0.4642857 0
vt 0.30282137 0.4642857 0
vt 0.39151263 0.4642857 0
vt 0.48358011 0.4642857 0
vt 0.58431214 0.4642857 0
vt 0.70323789 0.4642857 0
vt 0.71943855 0.4642857 0
vt 0.72740525 0.4642857 0
vt 0.7351948 0.4642857 0
vt 0.74284798 0.4642857 0
vt 0.75039887 0.4642857 0
vt 0.75787538 0.4642857 0
vt 0.76530004 0.4642857 0
vt 0.77269089 0.4642857 0
vt 0.78006279 0.4642857 0
vt 0.78742862 0.4642857 0
vt 0.79480052 0.4642857 0
vt 0.80219138 0.4642857 0
vt 0.80961603 0.4642857 0
vt 0.81709254 0.4642857 0
vt 0.82464343 0.4642857 0
vt 0.83229661 0.4642857 0
vt 0.84008616 0.4642857 0
vt 0.8480528 0.4642857 0
vt 0.99453461 0.4642857 0
vt 1 0.4642857 0
vt 0.14790143 0.5 0
vt 0 0.5 0
vt 0.15593372 0.5 0
vt 0.16380574 0.5 0
vt 0.17155324 0.5 0
vt 0.17920634 0.5 0
vt 0.18678994 0.5 0
vt 0.19432446 0.5 0
vt 0.20182662 0.5 0
vt 0.20931044 0.5 0
vt 0.21678837 0.5 0
vt 0.22427219 0.5 0
vt 0.23177435 0.5 0
vt 0.23930886 0.5 0
vt 0.24689247 0.5 0
vt 0.25454557 0.5 0
vt 0.26229307 0.5 0
vt 0.27016509 0.5 0
vt 0.27819738 0.5 0
vt 0.27970898 0.5 0
vt 0.28119338 0.5 0
vt 0.28265652 0.5 0
vt 0.28410333 0.5 0
vt 0.28553805 0.5 0
vt 0.28696412 0.5 0
vt 0.28838441 0.5 0
vt 0.28980142 0.5 0
vt 0.29121736 0.5 0
vt 0.29263434 0.5 0
vt 0.29405466 0.5 0
vt 0.2954807 0.5 0
vt 0.29691541 0.5 0
vt 0.29836226 0.5 0
vt 0.29982537 0.5 0
vt 0.30130979 0.5 0
vt 0.30282137 0.5 0
vt 0.39151263 0.5 0
vt 0.48358011 0.5 0
vt 0.58431214 0.5 0
vt 0.70323789 0.5 0
vt 0.71943855 0.5 0
vt 0.72740525 0.5 0
vt 0.7351948 0.5 0
vt 0.74284798 0.5 0
vt 0.75039887 0.5 0
vt 0.75787538 0.5 0
vt 0.76530004 0.5 0
vt 0.77269089 0.5 0
vt 0.78006279 0.5 0
vt 0.78742862 0.5 0
vt 0.79480052 0.5 0
vt 0.80219138 0.5 0
vt 0.80961603 0.5 0
vt 0.81709254 0.5 0
vt 0.82464343 0.5 0
vt 0.83229661 0.5 0
vt 0.84008616 0.5 0
vt 0.8480528 0.5 0
vt 0.99453461 0.5 0
vt 1 0.5 0
vt 0.14790143 0.53571427 0
vt 0 0.53571427 0
vt 0.15593372 0.53571427 0
vt 0.16380574 0.53571427 0
vt 0.17155324 0.53571427 0
vt 0.17920634 0.53571427 0
vt 0.18678994 0.53571427 0
vt 0.19432446 0.53571427 0
vt 0.20182662 0.53571427 0
vt 0.20931044 0.53571427 0
vt 0.21678837 0.53571427 0
vt 0.22427219 0.53571427 0
vt 0.23177435 0.53571427 0
vt 0.23930886 0.53571427 0
vt 0.24689247 0.53571427 0
vt 0.25454557 0.53571427 0
vt 0.26229307 0.53571427 0
vt 0.27016509 0.53571427 0
vt 0.27819738 0.53571427 0
vt 0.27970898 0.53571427 0
vt 0.28119338 0.53571427 0
vt 0.28265652 0.53571427 0
vt 0.28410333 0.53571427 0
vt 0.28553805 0.53571427 0
vt 0.28696412 0.53571427 0
vt 0.28838441 0.53571427 0
vt 0.28980142 0.53571427 0
vt 0.29121736 0.53571427 0
vt 0.29263434 0.53571427 0
vt 0.29405466 0.53571427 0
vt 0.2954807 0.53571427 0
vt 0.29691541 0.53571427 0
vt 0.29836226 0.53571427 0
vt 0.29982537 0.53571427 0
vt 0.30130979 0.53571427 0
vt 0.30282137 0.53571427 0
vt 0.39151263 0.53571427 0
vt 0.48358011 0.53571427 0
vt 0.58431214 0.53571427 0
vt 0.70323789 0.53571427 0
vt 0.71943855 0.53571427 0
vt 0.72740525 0.53571427 0
vt 0.7351948 0.53571427 0
vt 0.74284798 0.53571427 0
vt 0.75039887 0.53571427 0
vt 0.75787538 0.53571427 0
vt 0.76530004 0.53571427 0
vt 0.77269089 0.53571427 0
vt 0.78006279 0.53571427 0
vt 0.78742862 0.53571427 0
vt 0.79480052 0.53571427 0
vt 0.80219138 0.53571427 0
vt 0.80961603 0.53571427 0
vt 0.81709254 0.53571427 0
vt 0.82464343 0.53571427 0
vt 0.83229661 0.53571427 0
vt 0.84008616 0.53571427 0
vt 0.8480528 0.53571427 0
vt 0.99453461 0.53571427 0
vt 1 0.53571427 0
vt 0.14790143 0.5714286 0
vt 0 0.5714286 0
vt 0.15593372 0.5714286 0
vt 0.16380574 0.5714286 0
vt 0.17155324 0.5714286 0
vt 0.17920634 0.5714286 0
vt 0.18678994 0.5714286 0
vt 0.19432446 0.5714286 0
vt 0.20182662 0.5714286 0
vt 0.20931044 0.5714286 0
vt 0.21678837 0.5714286 0
vt 0.22427219 0.5714286 0
vt 0.23177435 0.5714286 0
vt 0.23930886 0.5714286 0
vt 0.24689247 0.5714286 0
vt 0.25454557 0.5714286 0
vt 0.26229307 0.5714286 0
vt 0.27016509 0.5714286 0
vt 0.27819738 0.5714286 0
vt 0.27970898 0.5714286 0
vt 0.28119338 0.5714286 0
vt 0.28265652 0.5714286 0
vt 0.28410333 0.5714286 0
vt 0.28553805 0.5714286 0
vt 0.28696412 0.5714286 0
vt 0.28838441 0.5714286 0
vt 0.28980142 0.5714286 0
vt 0.29121736 0.5714286 0
vt 0.29263434 0.5714286 0
vt 0.29405466 0.5714286 0
vt 0.2954807 0.5714286 0
vt 0.29691541 0.5714286 0
vt 0.29836226 0.5714286 0
vt 0.29982537 0.5714286 0
vt 0.30130979 0.5714286 0
vt 0.30282137 0.5714286 0
vt 0.39151263 0.5714286 0
vt 0.48358011 0.5714286 0
vt 0.58431214 0.5714286 0
vt 0.70323789 0.5714286 0
vt 0.71943855 0.5714286 0
vt 0.72740525 0.5714286 0
vt 0.7351948 0.5714286 0
vt 0.74284798 0.5714286 0
vt 0.75039887 0.5714286 0
vt 0.75787538 0.5714286 0
vt 0.76530004 0.5714286 0
vt 0.77269089 0.5714286 0
vt 0.78006279 0.5714286 0
vt 0.78742862 0.5714286 0
vt 0.79480052 0.5714286 0
vt 0.80219138 0.5714286 0
vt 0.80961603 0.5714286 0
vt 0.81709254 0.5714286 0
vt 0.82464343 0.5714286 0
vt 0.83229661 0.5714286 0
vt 0.84008616 0.5714286 0
vt 0.8480528 0.5714286 0
vt 0.99453461 0.5714286 0
vt 1 0.5714286 0
vt 0.14790143 0.60714287 0
vt 0 0.60714287 0
vt 0.15593372 0.60714287 0
vt 0.16380574 0.60714287 0
vt 0.17155324 0.60714287 0
vt 0.17920634 0.60714287 0
vt 0.18678994 0.60714287 0
vt 0.19432446 0.60714287 0
vt 0.20182662 0.60714287 0
vt 0.20931044 0.60714287 0
vt 0.21678837 0.60714287 0
vt 0.22427219 0.60714287 0
vt 0.23177435 0.60714287 0
vt 0.23930886 0.60714287 0
vt 0.24689247 0.60714287 0
vt 0.25454557 0.60714287 0
vt 0.26229307 0.60714287 0
vt 0.27016509 0.60714287 0
vt 0.27819738 0.60714287 0
vt 0.27970898 0.60714287 0
vt 0.28119338 0.60714287 0
vt 0.28265652 0.60714287 0
vt 0.28410333 0.60714287 0
vt 0.28553805 0.60714287 0
vt 0.28696412 0.60714287 0
vt 0.28838441 0.60714287 0
vt 0.28980142 0.60714287 0
vt 0.29121736 0.60714287 0
vt 0.29263434 0.60714287 0
vt 0.29405466 0.60714287 0
vt 0.2954807 0.60714287 0
vt 0.29691541 0.60714287 0
vt 0.29836226 0.60714287 0
vt 0.29982537 0.60714287 0
vt 0.30130979 0.60714287 0
vt 0.30282137 0.60714287 0
vt 0.39151263 0.60714287 0
vt 0.48358011 0.60714287 0
vt 0.58431214 0.60714287 0
vt 0.70323789 0.60714287 0
vt 0.71943855 0.60714287 0
vt 0.72740525 0.60714287 0
vt 0.7351948 0.60714287 0
vt 0.74284798 0.60714287 0
vt 0.75039887 0.60714287 0
vt 0.75787538 0.60714287 0
vt 0.76530004 0.60714287 0
vt 0.77269089 0.60714287 0
vt 0.78006279 0.60714287 0
vt 0.78742862 0.60714287 0
vt 0.79480052 0.60714287 0
vt 0.80219138 0.60714287 0
vt 0.80961603 0.60714287 0
vt 0.81709254 0.60714287 0
vt 0.82464343 0.60714287 0
vt 0.83229661 0.60714287 0
vt 0.84008616 0.60714287 0
vt 0.8480528 0.60714287 0
vt 0.99453461 0.60714287 0
vt 1 0.60714287 0
vt 0.14790143 0.64285713 0
vt 0 0.64285713 0
vt 0.15593372 0.64285713 0
vt 0.16380574 0.64285713 0
vt 0.17155324 0.64285713 0
vt 0.17920634 0.64285713 0
vt 0.18678994 0.64285713 0
vt 0.19432446 0.64285713 0
vt 0.20182662 0.64285713 0
vt 0.20931044 0.64285713 0
vt 0.21678837 0.64285713 0
vt 0.22427219 0.64285713 0
vt 0.23177435 0.64285713 0
vt 0.23930886 0.64285713 0
vt 0.24689247 0.64285713 0
vt 0.25454557 0.64285713 0
vt 0.26229307 0.64285713 0
vt 0.27016509 0.64285713 0
vt 0.27819738 0.64285713 0
vt 0.27970898 0.64285713 0
vt 0.28119338 0.64285713 0
vt 0.28265652 0.64285713 0
vt 0.28410333 0.64285713 0
vt 0.28553805 0.64285713 0
vt 0.28696412 0.64285713 0
vt 0.28838441 0.64285713 0
vt 0.28980142 0.64285713 0
vt 0.29121736 0.64285713 0
vt 0.29263434 0.64285713 0
vt 0.29405466 0.64285713 0
vt 0.2954807 0.64285713 0
vt 0.29691541 0.64285713 0
vt 0.29836226 0.64285713 0
vt 0.29982537 0.64285713 0
vt 0.30130979 0.64285713 0
vt 0.30282137 0.64285713 0
vt 0.39151263 0.64285713 0
vt 0.48358011 0.64285713 0
vt 0.58431214 0.64285713 0
vt 0.70323789 0.64285713 0
vt 0.71943855 0.64285713 0
vt 0.72740525 0.64285713 0
vt 0.7351948 0.64285713 0
vt 0.74284798 0.64285713 0
vt 0.75039887 0.64285713 0
vt 0.75787538 0.64285713 0
vt 0.76530004 0.64285713 0
vt 0.77269089 0.64285713 0
vt 0.78006279 0.64285713 0
vt 0.78742862 0.64285713 0
vt 0.79480052 0.64285713 0
vt 0.80219138 0.64285713 0
vt 0.80961603 0.64285713 0
vt 0.81709254 0.64285713 0
vt 0.82464343 0.64285713 0
vt 0.83229661 0.64285713 0
vt 0.84008616 0.64285713 0
vt 0.8480528 0.64285713 0
vt 0.99453461 0.64285713 0
vt 1 0.64285713 0
vt 0.14790143 0.6785714 0
vt 0 0.6785714 0
vt 0.15593372 0.6785714 0
vt 0.16380574 0.6785714 0
vt 0.17155324 0.6785714 0
vt 0.17920634 0.6785714 0
vt 0.18678994 0.6785714 0
vt 0.19432446 0.6785714 0
vt 0.20182662 0.6785714 0
vt 0.20931044 0.6785714 0
vt 0.21678837 0.6785714 0
vt 0.22427219 0.6785714 0
vt 0.23177435 0.6785714 0
vt 0.23930886 0.6785714 0
vt 0.24689247 0.6785714 0
vt 0.25454557 0.6785714 0
vt 0.26229307 0.6785714 0
vt 0.27016509 0.6785714 0
vt 0.27819738 0.6785714 0
vt 0.27970898 0.6785714 0
vt 0.28119338 0.6785714 0
vt 0.28265652 0.6785714 0
vt 0.28410333 0.6785714 0
vt 0.28553805 0.6785714 0
vt 0.28696412 0.6785714 0
vt 0.28838441 0.6785714 0
vt 0.28980142 0.6785714 0
vt 0.29121736 0.6785714 0
vt 0.29263434 0.6785714 0
vt 0.29405466 0.6785714 0
vt 0.2954807 0.6785714 0
vt 0.29691541 0.6785714 0
vt 0.29836226 0.6785714 0
vt 0.29982537 0.6785714 0
vt 0.30130979 0.6785714 0
vt 0.30282137 0.6785714 0
vt 0.39151263 0.6785714 0
vt 0.48358011 0.6785714 0
vt 0.58431214 0.6785714 0
vt 0.70323789 0.6785714 0
vt 0.71943855 0.6785714 0
vt 0.72740525 0.6785714 0
vt 0.7351948 0.6785714 0
vt 0.74284798 0.6785714 0
vt 0.75039887 0.6785714 0
vt 0.75787538 0.6785714 0
vt 0.76530004 0.6785714 0
vt 0.77269089 0.6785714 0
vt 0.78006279 0.6785714 0
vt 0.78742862 0.6785714 0
vt 0.79480052 0.6785714 0
vt 0.80219138 0.6785714 0
vt 0.80961603 0.6785714 0
vt 0.81709254 0.6785714 0
vt 0.82464343 0.6785714 0
vt 0.83229661 0.6785714 0
vt 0.84008616 0.6785714 0
vt 0.8480528 0.6785714 0
vt 0.99453461 0.6785714 0
vt 1 0.6785714 0
vt 0.14790143 0.71428573 0
vt 0 0.71428573 0
vt 0.15593372 0.71428573 0
vt 0.16380574 0.71428573 0
vt 0.17155324 0.71428573 0
vt 0.17920634 0.71428573 0
vt 0.18678994 0.71428573 0
vt 0.19432446 0.71428573 0
vt 0.20182662 0.71428573 0
vt 0.20931044 0.71428573 0
vt 0.21678837 0.71428573 0
vt 0.22427219 0.71428573 0
vt 0.23177435 0.71428573 0
vt 0.23930886 0.71428573 0
vt 0.24689247 0.71428573 0
vt 0.25454557 0.71428573 0
vt 0.26229307 0.71428573 0
vt 0.27016509 0.71428573 0
vt 0.27819738 0.71428573 0
vt 0.27970898 0.71428573 0
vt 0.28119338 0.71428573 0
vt 0.28265652 0.71428573 0
vt 0.28410333 0.71428573 0
vt 0.28553805 0.71428573 0
vt 0.28696412 0.71428573 0
vt 0.28838441 0.71428573 0
vt 0.28980142 0.71428573 0
vt 0.29121736 0.71428573 0
vt 0.29263434 0.71428573 0
vt 0.29405466 0.71428573 0
vt 0.2954807 0.71428573 0
vt 0.29691541 0.71428573 0
vt 0.29836226 0.71428573 0
vt 0.29982537 0.71428573 0
vt 0.30130979 0.71428573 0
vt 0.30282137 0.71428573 0
vt 0.39151263 0.71428573 0
vt 0.48358011 0.71428573 0
vt 0.58431214 0.71428573 0
vt 0.70323789 0.71428573 0
vt 0.71943855 0.71428573 0
vt 0.72740525 0.71428573 0
vt 0.7351948 0.71428573 0
vt 0.74284798 0.71428573 0
vt 0.75039887 0.71428573 0
vt 0.75787538 0.71428573 0
vt 0.76530004 0.71428573 0
vt 0.77269089 0.71428573 0
vt 0.78006279 0.71428573 0
vt 0.78742862 0.71428573 0
vt 0.79480052 0.71428573 0
vt 0.80219138 0.71428573 0
vt 0.80961603 0.71428573 0
vt 0.81709254 0.71428573 0
vt 0.82464343 0.71428573 0
vt 0.83229661 0.71428573 0
vt 0.84008616 0.71428573 0
vt 0.8480528 0.71428573 0
vt 0.99453461 0.71428573 0
vt 1 0.71428573 0
vt 0.14790143 0.75 0
vt 0 0.75 0
vt 0.15593372 0.75 0
vt 0.16380574 0.75 0
vt 0.17155324 0.75 0
vt 0.17920634 0.75 0
vt 0.18678994 0.75 0
vt 0.19432446 0.75 0
vt 0.20182662 0.75 0
vt 0.20931044 0.75 0
vt 0.21678837 0.75 0
vt 0.22427219 0.75 0
vt 0.23177435 0.75 0
vt 0.23930886 0.75 0
vt 0.24689247 0.75 0
vt 0.25454557 0.75 0
vt 0.26229307 0.75 0
vt 0.27016509 0.75 0
vt 0.27819738 0.75 0
vt 0.27970898 0.75 0
vt 0.28119338 0.75 0
vt 0.28265652 0.75 0
vt 0.28410333 0.75 0
vt 0.28553805 0.75 0
vt 0.28696412 0.75 0
vt 0.28838441 0.75 0
vt 0.28980142 0.75 0
vt 0.29121736 0.75 0
vt 0.29263434 0.75 0
vt 0.29405466 0.75 0
vt 0.2954807 0.75 0
vt 0.29691541 0.75 0
vt 0.29836226 0.75 0
vt 0.29982537 0.75 0
vt 0.30130979 0.75 0
vt 0.30282137 0.75 0
vt 0.39151263 0.75 0
vt 0.48358011 0.75 0
vt 0.58431214 0.75 0
vt 0.70323789 0.75 0
vt 0.71943855 0.75 0
vt 0.72740525 0.75 0
vt 0.7351948 0.75 0
vt 0.74284798 0.75 0
vt 0.75039887 0.75 0
vt 0.75787538 0.75 0
vt 0.76530004 0.75 0
vt 0.77269089 0.75 0
vt 0.78006279 0.75 0
vt 0.78742862 0.75 0
vt 0.79480052 0.75 0
vt 0.80219138 0.75 0
vt 0.80961603 0.75 0
vt 0.81709254 0.75 0
vt 0.82464343 0.75 0
vt 0.83229661 0.75 0
vt 0.84008616 0.75 0
vt 0.8480528 0.75 0
vt 0.99453461 0.75 0
vt 1 0.75 0
vt 0.14790143 0.78571427 0
vt 0 0.78571427 0
vt 0.15593372 0.78571427 0
vt 0.16380574 0.78571427 0
vt 0.17155324 0.78571427 0
vt 0.17920634 0.78571427 0
vt 0.18678994 0.78571427 0
vt 0.19432446 0.78571427 0
vt 0.20182662 0.78571427 0
vt 0.20931044 0.78571427 0
vt 0.21678837 0.78571427 0
vt 0.22427219 0.78571427 0
vt 0.23177435 0.78571427 0
vt 0.23930886 0.78571427 0
vt 0.24689247 0.78571427 0
vt 0.25454557 0.78571427 0
vt 0.26229307 0.78571427 0
vt 0.27016509 0.78571427 0
vt 0.27819738 0.78571427 0
vt 0.27970898 0.78571427 0
vt 0.28119338 0.78571427 0
vt 0.28265652 0.78571427 0
vt 0.28410333 0.78571427 0
vt 0.28553805 0.78571427 0
vt 0.28696412 0.78571427 0
vt 0.28838441 0.78571427 0
vt 0.28980142 0.78571427 0
vt 0.29121736 0.78571427 0
vt 0.29263434 0.78571427 0
vt 0.29405466 0.78571427 0
vt 0.2954807 0.78571427 0
vt 0.29691541 0.78571427 0
vt 0.29836226 0.78571427 0
vt 0.29982537 0.78571427 0
vt 0.30130979 0.78571427 0
vt 0.30282137 0.78571427 0
vt 0.39151263 0.78571427 0
vt 0.48358011 0.78571427 0
vt 0.58431214 0.78571427 0
vt 0.70323789 0.78571427 0
vt 0.71943855 0.78571427 0
vt 0.72740525 0.78571427 0
vt 0.7351948 0.78571427 0
vt 0.74284798 0.78571427 0
vt 0.75039887 0.78571427 0
vt 0.75787538 0.78571427 0
vt 0.76530004 0.78571427 0
vt 0.77269089 0.78571427 0
vt 0.78006279 0.78571427 0
vt 0.78742862 0.78571427 0
vt 0.79480052 0.78571427 0
vt 0.80219138 0.78571427 0
vt 0.80961603 0.78571427 0
vt 0.81709254 0.78571427 0
vt 0.82464343 0.78571427 0
vt 0.83229661 0.78571427 0
vt 0.84008616 0.78571427 0
vt 0.8480528 0.78571427 0
vt 0.99453461 0.78571427 0
vt 1 0.78571427 0
vt 0.14790143 0.8214286 0
vt 0 0.8214286 0
vt 0.15593372 0.8214286 0
vt 0.16380574 0.8214286 0
vt 0.17155324 0.8214286 0
vt 0.17920634 0.8214286 0
vt 0.18678994 0.8214286 0
vt 0.19432446 0.8214286 0
vt 0.20182662 0.8214286 0
vt 0.20931044 0.8214286 0
vt 0.21678837 0.8214286 0
vt 0.22427219 0.8214286 0
vt 0.23177435 0.8214286 0
vt 0.23930886 0.8214286 0
vt 0.24689247 0.8214286 0
vt 0.25454557 0.8214286 0
vt 0.26229307 0.8214286 0
vt 0.27016509 0.8214286 0
vt 0.27819738 0.8214286 0
vt 0.27970898 0.8214286 0
vt 0.28119338 0.8214286 0
vt 0.28265652 0.8214286 0
vt 0.28410333 0.8214286 0
vt 0.28553805 0.8214286 0
vt 0.28696412 0.8214286 0
vt 0.28838441 0.8214286 0
vt 0.28980142 0.8214286 0
vt 0.29121736 0.8214286 0
vt 0.29263434 0.8214286 0
vt 0.29405466 0.8214286 0
vt 0.2954807 0.8214286 0
vt 0.29691541 0.8214286 0
vt 0.29836226 0.8214286 0
vt 0.29982537 0.8214286 0
vt 0.30130979 0.8214286 0
vt 0.30282137 0.8214286 0
vt 0.39151263 0.8214286 0
vt 0.48358011 0.8214286 0
vt 0.58431214 0.8214286 0
vt 0.70323789 0.8214286 0
vt 0.71943855 0.8214286 0
vt 0.72740525 0.8214286 0
vt 0.7351948 0.8214286 0
vt 0.74284798 0.8214286 0
vt 0.75039887 0.8214286 0
vt 0.75787538 0.8214286 0
vt 0.76530004 0.8214286 0
vt 0.77269089 0.8214286 0
vt 0.78006279 0.8214286 0
vt 0.78742862 0.8214286 0
vt 0.79480052 0.8214286 0
vt 0.80219138 0.8214286 0
vt 0.80961603 0.8214286 0
vt 0.81709254 0.8214286 0
vt 0.82464343 0.8214286 0
vt 0.83229661 0.8214286 0
vt 0.84008616 0.8214286 0
vt 0.8480528 0.8214286 0
vt 0.99453461 0.8214286 0
vt 1 0.8214286 0
vt 0.14790143 0.85714287 0
vt 0 0.85714287 0
vt 0.15593372 0.85714287 0
vt 0.16380574 0.85714287 0
vt 0.17155324 0.85714287 0
vt 0.17920634 0.85714287 0
vt 0.18678994 0.85714287 0
vt 0.19432446 0.85714287 0
vt 0.20182662 0.85714287 0
vt 0.20931044 0.85714287 0
vt 0.21678837 0.85714287 0
vt 0.22427219 0.85714287 0
vt 0.23177435 0.85714287 0
vt 0.23930886 0.85714287 0
vt 0.24689247 0.85714287 0
vt 0.25454557 0.85714287 0
vt 0.26229307 0.85714287 0
vt 0.27016509 0.85714287 0
vt 0.27819738 0.85714287 0
vt 0.27970898 0.85714287 0
vt 0.28119338 0.85714287 0
vt 0.28265652 0.85714287 0
vt 0.28410333 0.85714287 0
vt 0.28553805 0.85714287 0
vt 0.28696412 0.85714287 0
vt 0.28838441 0.85714287 0
vt 0.28980142 0.85714287 0
vt 0.29121736 0.85714287 0
vt 0.29263434 0.85714287 0
vt 0.29405466 0.85714287 0
vt 0.2954807 0.85714287 0
vt 0.29691541 0.85714287 0
vt 0.29836226 0.85714287 0
vt 0.29982537 0.85714287 0
vt 0.30130979 0.85714287 0
vt 0.30282137 0.85714287 0
vt 0.39151263 0.85714287 0
vt 0.48358011 0.85714287 0
vt 0.58431214 0.85714287 0
vt 0.70323789 0.85714287 0
vt 0.71943855 0.85714287 0
vt 0.72740525 0.85714287 0
vt 0.7351948 0.85714287 0
vt 0.74284798 0.85714287 0
vt 0.75039887 0.85714287 0
vt 0.75787538 0.85714287 0
vt 0.76530004 0.85714287 0
vt 0.77269089 0.85714287 0
vt 0.78006279 0.85714287 0
vt 0.78742862 0.85714287 0
vt 0.79480052 0.85714287 0
vt 0.80219138 0.85714287 0
vt 0.80961603 0.85714287 0
vt 0.81709254 0.85714287 0
vt 0.82464343 0.85714287 0
vt 0.83229661 0.85714287 0
vt 0.84008616 0.85714287 0
vt 0.8480528 0.85714287 0
vt 0.99453461 0.85714287 0
vt 1 0.85714287 0
vt 0.14790143 0.89285713 0
vt 0 0.89285713 0
vt 0.15593372 0.89285713 0
vt 0.16380574 0.89285713 0
vt 0.17155324 0.89285713 0
vt 0.17920634 0.89285713 0
vt 0.18678994 0.89285713 0
vt 0.19432446 0.89285713 0
vt 0.20182662 0.89285713 0
vt 0.20931044 0.89285713 0
vt 0.21678837 0.89285713 0
vt 0.22427219 0.89285713 0
vt 0.23177435 0.89285713 0
vt 0.23930886 0.89285713 0
vt 0.24689247 0.89285713 0
vt 0.25454557 0.89285713 0
vt 0.26229307 0.89285713 0
vt 0.27016509 0.89285713 0
vt 0.27819738 0.89285713 0
vt 0.27970898 0.89285713 0
vt 0.28119338 0.89285713 0
vt 0.28265652 0.89285713 0
vt 0.28410333 0.89285713 0
vt 0.28553805 0.89285713 0
vt 0.28696412 0.89285713 0
vt 0.28838441 0.89285713 0
vt 0.28980142 0.89285713 0
vt 0.29121736 0.89285713 0
vt 0.29263434 0.89285713 0
vt 0.29405466 0.89285713 0
vt 0.2954807 0.89285713 0
vt 0.29691541 0.89285713 0
vt 0.29836226 0.89285713 0
vt 0.29982537 0.89285713 0
vt 0.30130979 0.89285713 0
vt 0.30282137 0.89285713 0
vt 0.39151263 0.89285713 0
vt 0.48358011 0.89285713 0
vt 0.58431214 0.89285713 0
vt 0.70323789 0.89285713 0
vt 0.71943855 0.89285713 0
vt 0.72740525 0.89285713 0
vt 0.7351948 0.89285713 0
vt 0.74284798 0.89285713 0
vt 0.75039887 0.89285713 0
vt 0.75787538 0.89285713 0
vt 0.76530004 0.89285713 0
vt 0.77269089 0.89285713 0
vt 0.78006279 0.89285713 0
vt 0.78742862 0.89285713 0
vt 0.79480052 0.89285713 0
vt 0.80219138 0.89285713 0
vt 0.80961603 0.89285713 0
vt 0.81709254 0.89285713 0
vt 0.82464343 0.89285713 0
vt 0.83229661 0.89285713 0
vt 0.84008616 0.89285713 0
vt 0.8480528 0.89285713 0
vt 0.99453461 0.89285713 0
vt 1 0.89285713 0
vt 0.14790143 0.9285714 0
vt 0 0.9285714 0
vt 0.15593372 0.9285714 0
vt 0.16380574 0.9285714 0
vt 0.17155324 0.9285714 0
vt 0.17920634 0.9285714 0
vt 0.18678994 0.9285714 0
vt 0.19432446 0.9285714 0
vt 0.20182662 0.9285714 0
vt 0.20931044 0.9285714 0
vt 0.21678837 0.9285714 0
vt 0.22427219 0.9285714 0
vt 0.23177435 0.9285714 0
vt 0.23930886 0.9285714 0
vt 0.24689247 0.9285714 0
vt 0.25454557 0.9285714 0
vt 0.26229307 0.9285714 0
vt 0.27016509 0.9285714 0
vt 0.27819738 0.9285714 0
vt 0.27970898 0.9285714 0
vt 0.28119338 0.9285714 0
vt 0.28265652 0.9285714 0
vt 0.28410333 0.9285714 0
vt 0.28553805 0.9285714 0
vt 0.28696412 0.9285714 0
vt 0.28838441 0.9285714 0
vt 0.28980142 0.9285714 0
vt 0.29121736 0.9285714 0
vt 0.29263434 0.9285714 0
vt 0.29405466 0.9285714 0
vt 0.2954807 0.9285714 0
vt 0.29691541 0.9285714 0
vt 0.29836226 0.9285714 0
vt 0.29982537 0.9285714 0
vt 0.30130979 0.9285714 0
vt 0.30282137 0.9285714 0
vt 0.39151263 0.9285714 0
vt 0.48358011 0.9285714 0
vt 0.58431214 0.9285714 0
vt 0.70323789 0.9285714 0
vt 0.71943855 0.9285714 0
vt 0.72740525 0.9285714 0
vt 0.7351948 0.9285714 0
vt 0.74284798 0.9285714 0
vt 0.75039887 0.9285714 0
vt 0.75787538 0.9285714 0
vt 0.76530004 0.9285714 0
vt 0.77269089 0.9285714 0
vt 0.78006279 0.9285714 0
vt 0.78742862 0.9285714 0
vt 0.79480052 0.9285714 0
vt 0.80219138 0.9285714 0
vt 0.80961603 0.9285714 0
vt 0.81709254 0.9285714 0
vt 0.82464343 0.9285714 0
vt 0.83229661 0.9285714 0
vt 0.84008616 0.9285714 0
vt 0.8480528 0.9285714 0
vt 0.99453461 0.9285714 0
vt 1 0.9285714 0
vt 0.14790143 0.96428573 0
vt 0 0.96428573 0
vt 0.15593372 0.96428573 0
vt 0.16380574 0.96428573 0
vt 0.17155324 0.96428573 0
vt 0.17920634 0.96428573 0
vt 0.18678994 0.96428573 0
vt 0.19432446 0.96428573 0
vt 0.20182662 0.96428573 0
vt 0.20931044 0.96428573 0
vt 0.21678837 0.96428573 0
vt 0.22427219 0.96428573 0
vt 0.23177435 0.96428573 0
vt 0.23930886 0.96428573 0
vt 0.24689247 0.96428573 0
vt 0.25454557 0.96428573 0
vt 0.26229307 0.96428573 0
vt 0.27016509 0.96428573 0
vt 0.27819738 0.96428573 0
vt 0.27970898 0.96428573 0
vt 0.28119338 0.96428573 0
vt 0.28265652 0.96428573 0
vt 0.28410333 0.96428573 0
vt 0.28553805 0.96428573 0
vt 0.28696412 0.96428573 0
vt 0.28838441 0.96428573 0
vt 0.28980142 0.96428573 0
vt 0.29121736 0.96428573 0
vt 0.29263434 0.96428573 0
vt 0.29405466 0.96428573 0
vt 0.2954807 0.96428573 0
vt 0.29691541 0.96428573 0
vt 0.29836226 0.96428573 0
vt 0.29982537 0.96428573 0
vt 0.30130979 0.96428573 0
vt 0.30282137 0.96428573 0
vt 0.39151263 0.96428573 0
vt 0.48358011 0.96428573 0
vt 0.58431214 0.96428573 0
vt 0.70323789 0.96428573 0
vt 0.71943855 0.96428573 0
vt 0.72740525 0.96428573 0
vt 0.7351948 0.96428573 0
vt 0.74284798 0.96428573 0
vt 0.75039887 0.96428573 0
vt 0.75787538 0.96428573 0
vt 0.76530004 0.96428573 0
vt 0.77269089 0.96428573 0
vt 0.78006279 0.96428573 0
vt 0.78742862 0.96428573 0
vt 0.79480052 0.96428573 0
vt 0.80219138 0.96428573 0
vt 0.80961603 0.96428573 0
vt 0.81709254 0.96428573 0
vt 0.82464343 0.96428573 0
vt 0.83229661 0.96428573 0
vt 0.84008616 0.96428573 0
vt 0.8480528 0.96428573 0
vt 0.99453461 0.96428573 0
vt 1 0.96428573 0
vt 0.14790143 1 0
vt 0 1 0
vt 0.15593372 1 0
vt 0.16380574 1 0
vt 0.17155324 1 0
vt 0.17920634 1 0
vt 0.18678994 1 0
vt 0.19432446 1 0
vt 0.20182662 1 0
vt 0.20931044 1 0
vt 0.21678837 1 0
vt 0.22427219 1 0
vt 0.23177435 1 0
vt 0.23930886 1 0
vt 0.24689247 1 0
vt 0.25454557 1 0
vt 0.26229307 1 0
vt 0.27016509 1 0
vt 0.27819738 1 0
vt 0.27970898 1 0
vt 0.28119338 1 0
vt 0.28265652 1 0
vt 0.28410333 1 0
vt 0.28553805 1 0
vt 0.28696412 1 0
vt 0.28838441 1 0
vt 0.28980142 1 0
vt 0.29121736 1 0
vt 0.29263434 1 0
vt 0.29405466 1 0
vt 0.2954807 1 0
vt 0.29691541 1 0
vt 0.29836226 1 0
vt 0.29982537 1 0
vt 0.30130979 1 0
vt 0.30282137 1 0
vt 0.39151263 1 0
vt 0.48358011 1 0
vt 0.58431214 1 0
vt 0.70323789 1 0
vt 0.71943855 1 0
vt 0.72740525 1 0
vt 0.7351948 1 0
vt 0.74284798 1 0
vt 0.75039887 1 0
vt 0.75787538 1 0
vt 0.76530004 1 0
vt 0.77269089 1 0
vt 0.78006279 1 0
vt 0.78742862 1 0
vt 0.79480052 1 0
vt 0.80219138 1 0
vt 0.80961603 1 0
vt 0.81709254 1 0
vt 0.82464343 1 0
vt 0.83229661 1 0
vt 0.84008616 1 0
vt 0.8480528 1 0
vt 0.99453461 1 0
vt 1 1 0

# 1992 vertex normals
vn -0.98195291 -0.11063917 0.15338647
vn -0.98195291 -0.11063991 0.15338656
vn -0.96324688 -0.21985556 0.15433402
vn -0.96324712 -0.21985446 0.15433384
vn -0.98828983 -0.11135419 0.10432348
vn -0.99222285 -0.1117972 0.054728296
vn -0.97344828 -0.22218297 0.055073287
vn -0.96954125 -0.22129068 0.10497685
vn -0.992764 -0.11185819 -0.043672312
vn -0.97398591 -0.22230588 -0.043947995
vn -0.98380572 -0.1108484 -0.14085096
vn -0.96508741 -0.22027454 -0.14172314
vn -0.96571624 -0.10880907 -0.23569661
vn -0.94712764 -0.21617551 -0.23710251
vn -0.93896306 -0.10579558 -0.32734632
vn -0.92058718 -0.21011741 -0.32919568
vn -0.90403521 -0.10186081 -0.41514409
vn -0.88597667 -0.20221859 -0.41731641
vn -0.86138636 -0.097055368 -0.49859184
vn -0.84377325 -0.19258666 -0.50095624
vn -0.81139737 -0.091421798 -0.57730103
vn -0.79438156 -0.18131229 -0.57972741
vn -0.75437719 -0.084997915 -0.65091503
vn -0.73813391 -0.16847394 -0.65328026
vn -0.69056398 -0.077807941 -0.71907395
vn -0.67529744 -0.15413205 -0.72126037
vn -0.62018728 -0.069878802 -0.78133506
vn -0.60611916 -0.13834216 -0.78325021
vn -0.54349583 -0.061238118 -0.83717501
vn -0.53086501 -0.12116637 -0.83874959
vn -0.46084109 -0.051925808 -0.88596225
vn -0.44989294 -0.10268588 -0.88715947
vn -0.37273887 -0.041996945 -0.92698544
vn -0.3637161 -0.083016425 -0.92780316
vn -0.27994832 -0.031543024 -0.95949668
vn -0.27306473 -0.062324699 -0.95997459
vn -0.183493 -0.020675095 -0.98280352
vn -0.17893051 -0.040839415 -0.98301375
vn -0.13081424 -0.014739875 -0.9912973
vn -0.12754811 -0.029112378 -0.99140507
vn -0.12848607 -0.01447676 -0.99160558
vn -0.17210379 -0.019390995 -0.9848879
vn -0.16782206 -0.038304165 -0.98507285
vn -0.12528026 -0.028594816 -0.99170923
vn -0.26443118 -0.029793546 -0.96394426
vn -0.25791544 -0.058867048 -0.96437246
vn -0.35361183 -0.039842233 -0.93454337
vn -0.3450188 -0.078747496 -0.9352864
vn -0.43875051 -0.049436156 -0.89724803
vn -0.4282707 -0.097749889 -0.89834803
vn -0.51917189 -0.058500346 -0.85266536
vn -0.50701886 -0.11572585 -0.8541308
vn -0.59438074 -0.066976629 -0.80138981
vn -0.58078206 -0.13256158 -0.80319333
vn -0.66403544 -0.07481683 -0.7439484
vn -0.64921606 -0.14818262 -0.74602973
vn -0.72787863 -0.082012258 -0.68078393
vn -0.71202528 -0.16251417 -0.68308794
vn -0.78565234 -0.088531829 -0.61230093
vn -0.76896793 -0.17550726 -0.61472392
vn -0.83711946 -0.094323434 -0.53882664
vn -0.81979167 -0.1871137 -0.54123014
vn -0.88199937 -0.099380575 -0.46065241
vn -0.86416423 -0.19723606 -0.46294501
vn -0.91992593 -0.10365561 -0.37814274
vn -0.90171754 -0.20581257 -0.38019297
vn -0.95049101 -0.10708687 -0.29171753
vn -0.93202209 -0.21273531 -0.29339138
vn -0.97324264 -0.10966023 -0.20192404
vn -0.95459729 -0.21787451 -0.20316182
vn -0.98773628 -0.1113175 -0.10947806
vn -0.96899104 -0.22117148 -0.11018024
vn -0.99359494 -0.11195053 -0.015366603
vn -0.97480899 -0.22250593 -0.01544504
vn -0.99320406 -0.11192789 0.031904764
vn -0.97442532 -0.22241122 0.032072771
vn -0.99370986 -0.11198478 -4.8331451e-08
vn -0.99370992 -0.11198479 -4.8331451e-08
vn -0.9749248 -0.22253469 -5.2342617e-08
vn -0.97492474 -0.22253463 -5.2342614e-08
vn -0.1284299 -0.01447293 0.99161297
vn -0.12843049 -0.014470739 0.99161291
vn -0.12522361 -0.028581304 0.99171674
vn -0.12522312 -0.028583212 0.99171686
vn 0.050311681 0.005668838 -0.99871749
vn 1 -4.3711395e-08 4.3711388e-08
vn 0.050311681 0.0056688376 -0.99871743
vn 0.049051113 0.011195386 -0.99873352
vn -4.3711388e-08 -4.3711381e-08 0.99999994
vn -4.3711392e-08 -4.3711385e-08 1
vn 0.052279647 0.0058904816 0.99861509
vn 0.10827728 0.012199774 0.99404597
vn 0.10557018 0.024095822 0.99411982
vn 0.050969806 0.011633459 0.99863243
vn 0.21134308 0.023812002 0.97712177
vn 0.20610291 0.047041204 0.97739899
vn 0.31112146 0.035054501 0.94972342
vn 0.30350748 0.06927333 0.95030755
vn 0.40631589 0.045779631 0.91258514
vn 0.39654452 0.090508133 0.91354299
vn 0.49596635 0.055881724 0.86654168
vn 0.48428881 0.110535 0.86789769
vn 0.5794192 0.065284885 0.81241077
vn 0.56610054 0.12920807 0.81414694
vn 0.6562413 0.073940717 0.75091952
vn 0.64154339 0.1464285 0.75298119
vn 0.72613418 0.081814617 0.68266791
vn 0.71030891 0.16212273 0.68496531
vn 0.78883702 0.088880062 0.6081419
vn 0.77211589 0.1762298 0.61055732
vn 0.84406883 0.095102772 0.5277341
vn 0.82665247 0.18867828 0.53013796
vn 0.8914637 0.10044296 0.44181871
vn 0.87353063 0.1993769 0.44406432
vn 0.9305563 0.1048494 0.3508155
vn 0.91225517 0.20821546 0.35275608
vn 0.96079135 0.1082561 0.2552658
vn 0.94223946 0.21506041 0.25677603
vn 0.98155665 0.11059438 0.1559348
vn 0.96285319 0.21976437 0.15689936
vn 0.99227035 0.111801 0.053853333
vn 0.97349513 0.22219346 0.054194771
vn 0.99248642 0.1118243 -0.049660105
vn 0.97371006 0.22224206 -0.049971916
vn 0.98854697 0.11138175 -0.101829
vn 0.96979618 0.22134827 -0.1024712
vn 0.98195297 0.11063878 -0.15338637
vn 0.98195302 0.11063837 -0.15338641
vn 0.96324724 0.21985427 -0.15433392
vn 0.96324724 0.21985434 -0.1543339
vn -0.89017427 -0.42868507 0.15433384
vn -0.89017397 -0.42868552 0.15433393
vn -0.89960182 -0.4332245 0.055073988
vn -0.89598966 -0.4314869 0.1049846
vn -0.90009844 -0.43346426 -0.043948766
vn -0.89187503 -0.42950422 -0.14172192
vn -0.87527716 -0.42151061 -0.23710452
vn -0.85075074 -0.40969923 -0.32919571
vn -0.81876528 -0.39429554 -0.41731825
vn -0.77976388 -0.37551406 -0.50095671
vn -0.73411977 -0.35353339 -0.57972604
vn -0.68213791 -0.32850051 -0.65328038
vn -0.62406933 -0.30053633 -0.72125959
vn -0.560139 -0.26974839 -0.78324968
vn -0.49059275 -0.23625638 -0.83875006
vn -0.41576269 -0.20022009 -0.88716018
vn -0.33612424 -0.16186894 -0.92780322
vn -0.25235078 -0.12152548 -0.95997429
vn -0.1653567 -0.079631336 -0.98301375
vn -0.11787165 -0.056764085 -0.99140507
vn -0.15509257 -0.074689023 -0.98507243
vn -0.11577624 -0.055755198 -0.99170923
vn -0.23834881 -0.11478254 -0.96437281
vn -0.31884617 -0.15354896 -0.93528593
vn -0.39577821 -0.19059616 -0.89835
vn -0.46855465 -0.2256446 -0.85413164
vn -0.5367285 -0.25847632 -0.80318892
vn -0.59996027 -0.28892541 -0.74603593
vn -0.65801477 -0.31688815 -0.68308008
vn -0.71063876 -0.34222618 -0.6147145
vn -0.75759733 -0.36483869 -0.54123831
vn -0.79860753 -0.38459116 -0.46294242
vn -0.83330983 -0.40129778 -0.38020375
vn -0.86131448 -0.41478807 -0.29340816
vn -0.88217813 -0.42485023 -0.20313559
vn -0.89548427 -0.43123826 -0.11018806
vn -0.90086192 -0.43383029 -0.015458154
vn -0.90050304 -0.43366459 0.032080766
vn -0.90096885 -0.43388388 -5.8348267e-08
vn -0.90096891 -0.43388373 -5.8348263e-08
vn -0.11572361 -0.055730172 0.9917168
vn -0.11572422 -0.055730063 0.99171674
vn 0.047788966 0.016721576 -0.99871743
vn 0.045329675 0.021830192 -0.99873352
vn 0.097561799 0.046983153 0.99411988
vn 0.047103088 0.022683626 0.99863249
vn 0.19046718 0.091724381 0.97739905
vn 0.28048378 0.13507339 0.95030731
vn 0.36646184 0.17647898 0.91354293
vn 0.44754878 0.21552862 0.86789834
vn 0.52315599 0.25193805 0.8141467
vn 0.59287661 0.28551438 0.75297987
vn 0.65642262 0.3161172 0.68496644
vn 0.71354294 0.34362391 0.61055642
vn 0.76394284 0.36789572 0.53013581
vn 0.80726153 0.38875794 0.44406772
vn 0.84305018 0.40599099 0.35275716
vn 0.87076068 0.41933572 0.25677523
vn 0.88980979 0.42850971 0.15690082
vn 0.89964491 0.43324602 0.054192528
vn 0.89984334 0.43334147 -0.049971707
vn 0.89622647 0.43159938 -0.10247064
vn 0.89017427 0.42868495 -0.1543339
vn 0.89017433 0.42868468 -0.15433392
vn -0.77246422 -0.61601949 0.15433398
vn -0.77246362 -0.61602032 0.15433411
vn -0.78064483 -0.62254357 0.055074666
vn -0.77751195 -0.62004399 0.10497886
vn -0.78107631 -0.62288684 -0.043950789
vn -0.77393979 -0.61719656 -0.14172298
vn -0.75953722 -0.60571092 -0.23710234
vn -0.73825377 -0.58873791 -0.32919455
vn -0.71049833 -0.5666033 -0.41731626
vn -0.67665362 -0.53961265 -0.50095713
vn -0.63704425 -0.50802523 -0.57972831
vn -0.59193611 -0.47205395 -0.65328139
vn -0.54154742 -0.43186966 -0.72125918
vn -0.48607045 -0.3876282 -0.7832495
vn -0.4257206 -0.33950096 -0.83874959
vn -0.36078575 -0.28771678 -0.88715994
vn -0.29167759 -0.23260435 -0.92780358
vn -0.21898173 -0.17463182 -0.95997441
vn -0.14349107 -0.11442946 -0.98301381
vn -0.10228528 -0.081569463 -0.99140507
vn -0.13458383 -0.10732736 -0.98507261
vn -0.10046671 -0.080119774 -0.99170929
vn -0.20683169 -0.16494402 -0.9643724
vn -0.27668318 -0.22064835 -0.93528646
vn -0.34344509 -0.27388918 -0.89834863
vn -0.40659818 -0.32425106 -0.85413063
vn -0.46575522 -0.37142551 -0.80319065
vn -0.52062684 -0.41518587 -0.74603504
vn -0.5709998 -0.45535973 -0.68308604
vn -0.61666602 -0.49177954 -0.61471593
vn -0.65741676 -0.52427787 -0.54123557
vn -0.69300485 -0.5526551 -0.4629434
vn -0.72311974 -0.57667434 -0.38019004
vn -0.74742126 -0.59604663 -0.29341063
vn -0.76552659 -0.61048996 -0.20315246
vn -0.77706802 -0.61969966 -0.11016998
vn -0.78173894 -0.62341434 -0.015449351
vn -0.7814303 -0.62316728 0.032082159
vn -0.78183228 -0.62348866 -6.142853e-08
vn -0.78183246 -0.62348843 -6.142853e-08
vn -0.10042121 -0.080084182 0.99171668
vn -0.10042191 -0.080083482 0.9917168
vn 0.0035710353 0.076085016 -0.99709487
vn 0.039335605 0.031370051 -0.99873352
vn 4.3711392e-08 1 4.3711388e-08
vn 0.084661074 0.067514785 0.99411982
vn 0.040874347 0.032596473 0.99863243
vn 0.16528182 0.13180739 0.97739893
vn 0.24339394 0.19410045 0.95030755
vn 0.31800482 0.25359955 0.91354257
vn 0.3883687 0.30971408 0.86789793
vn 0.45397612 0.36203474 0.81414777
vn 0.51447964 0.41028357 0.75297946
vn 0.56962353 0.45426005 0.6849649
vn 0.61918741 0.49378681 0.61055839
vn 0.66292489 0.52866429 0.53013641
vn 0.70051682 0.5586434 0.44406512
vn 0.73156983 0.58340859 0.35276058
vn 0.75561738 0.60258508 0.25677505
vn 0.77214795 0.61576819 0.15689789
vn 0.78068191 0.62257427 0.054193445
vn 0.78085417 0.62271172 -0.049969755
vn 0.77771568 0.62020874 -0.10246725
vn 0.77246433 0.61601937 -0.15433393
vn 0.77246386 0.61601996 -0.15433387
vn -0.6160199 -0.77246398 0.15433407
vn -0.61602032 -0.77246362 0.15433399
vn -0.62254345 -0.78064501 0.055073753
vn -0.62004381 -0.77751178 0.10498122
vn -0.62288713 -0.78107631 -0.043949764
vn -0.61719632 -0.77394032 -0.1417215
vn -0.60571069 -0.75953698 -0.23710373
vn -0.58873743 -0.73825347 -0.32919639
vn -0.56660348 -0.71049833 -0.41731596
vn -0.53961283 -0.67665344 -0.50095713
vn -0.50802565 -0.63704365 -0.57972848
vn -0.47205338 -0.59193665 -0.65328133
vn -0.43187019 -0.54154873 -0.72125787
vn -0.38762826 -0.48607051 -0.7832495
vn -0.33950058 -0.42572027 -0.83875006
vn -0.28771666 -0.36078626 -0.88715971
vn -0.23260514 -0.29167739 -0.9278034
vn -0.17463192 -0.21898152 -0.95997429
vn -0.11443059 -0.14349051 -0.98301375
vn -0.081569709 -0.10228422 -0.99140513
vn -0.10732551 -0.13458151 -0.98507321
vn -0.080118023 -0.10046464 -0.99170959
vn -0.16494261 -0.20683224 -0.96437252
vn -0.22064899 -0.27668691 -0.93528521
vn -0.27388895 -0.34344622 -0.89834815
vn -0.32425225 -0.40659922 -0.85412973
vn -0.37142956 -0.46575564 -0.80318844
vn -0.41518715 -0.52062315 -0.74603689
vn -0.45535508 -0.57099771 -0.68309098
vn -0.49177691 -0.61666864 -0.61471552
vn -0.52427733 -0.65742117 -0.54123068
vn -0.55265683 -0.69300568 -0.46294019
vn -0.57667178 -0.72311962 -0.3801944
vn -0.59604865 -0.74742001 -0.29340985
vn -0.61048973 -0.76552725 -0.20315073
vn -0.6196987 -0.77706844 -0.11017291
vn -0.62341738 -0.78173655 -0.015451335
vn -0.62316579 -0.78143173 0.032078512
vn -0.62348592 -0.7818346 -6.1428509e-08
vn -0.62348616 -0.78183436 -6.1428509e-08
vn -0.080083683 -0.10042164 0.99171668
vn -0.080083191 -0.10042199 0.99171674
vn 0.0089287004 0.06940338 -0.99754876
vn 0.031369485 0.039336041 -0.99873346
vn 4.3711388e-08 0.99999994 4.3711385e-08
vn 0.06751395 0.084660634 0.99411988
vn 0.032596428 0.040874586 0.99863249
vn 0.13180789 0.16528153 0.97739887
vn 0.19410013 0.24339448 0.95030749
vn 0.25359902 0.31800357 0.91354316
vn 0.30971488 0.38836911 0.86789751
vn 0.36203414 0.45397675 0.81414765
vn 0.41028324 0.51447904 0.75298005
vn 0.45426056 0.56962407 0.68496388
vn 0.49378589 0.61918837 0.61055803
vn 0.52866346 0.66292357 0.53013885
vn 0.558644 0.7005167 0.44406453
vn 0.58340853 0.73157138 0.35275745
vn 0.60258478 0.75561798 0.25677451
vn 0.61576724 0.77214867 0.15689829
vn 0.62257338 0.78068268 0.054193892
vn 0.62271082 0.78085482 -0.049970843
vn 0.62020814 0.77771592 -0.10246875
vn 0.61601973 0.77246416 -0.15433384
vn 0.61601955 0.77246428 -0.15433381
vn -0.42868587 -0.89017385 0.15433405
vn -0.42868587 -0.89017391 0.15433407
vn -0.43322542 -0.89960164 0.055071063
vn -0.43148714 -0.89599037 0.10497694
vn -0.4334639 -0.90009862 -0.043949738
vn -0.42950404 -0.89187527 -0.14172134
vn -0.42151099 -0.8752774 -0.23710361
vn -0.40969956 -0.85075098 -0.32919469
vn -0.39429709 -0.81876582 -0.41731545
vn -0.37551379 -0.77976334 -0.50095755
vn -0.35353279 -0.73411906 -0.57972717
vn -0.32850036 -0.68213695 -0.65328151
vn -0.30053586 -0.62406939 -0.72125971
vn -0.26974836 -0.5601393 -0.7832495
vn -0.23625678 -0.49059257 -0.83875006
vn -0.20022056 -0.41576323 -0.88715976
vn -0.1618686 -0.33612466 -0.92780316
vn -0.12152545 -0.25235069 -0.95997429
vn -0.079631507 -0.16535671 -0.98301375
vn -0.056763366 -0.11787067 -0.99140525
vn -0.074687608 -0.15509149 -0.98507279
vn -0.055753503 -0.11577273 -0.99170977
vn -0.11478391 -0.23835073 -0.96437204
vn -0.15354855 -0.31884614 -0.93528605
vn -0.19059795 -0.39577997 -0.89834875
vn -0.22564575 -0.46856108 -0.85412782
vn -0.25847548 -0.53673053 -0.80318779
vn -0.2889249 -0.59995842 -0.74603766
vn -0.31688029 -0.65800804 -0.68309021
vn -0.34222797 -0.71063852 -0.61471361
vn -0.36484334 -0.75759959 -0.54123193
vn -0.38458928 -0.79860729 -0.46294409
vn -0.4013015 -0.83331251 -0.38019383
vn -0.41478762 -0.86131567 -0.29340494
vn -0.42483878 -0.88218093 -0.20314731
vn -0.43124565 -0.89548194 -0.11017755
vn -0.43383434 -0.90086019 -0.015454081
vn -0.43366095 -0.90050524 0.032068338
vn -0.43388 -0.9009707 -5.8348178e-08
vn -0.43388289 -0.90096933 -1.3116974e-07
vn -0.055729818 -0.11572418 0.99171674
vn -0.05572946 -0.11572444 0.99171668
vn 0.026936952 0.04286984 -0.99871743
vn 0.021829875 0.045330185 -0.99873358
vn 0.046983778 0.097561456 0.99411988
vn 0.022683695 0.047102813 0.99863243
vn 0.091723852 0.19046752 0.97739905
vn 0.13507371 0.28048369 0.95030731
vn 0.17647825 0.36646196 0.91354311
vn 0.21552737 0.4475491 0.8678984
vn 0.25193834 0.52315491 0.81414729
vn 0.28551432 0.59287733 0.75297934
vn 0.31611678 0.65642452 0.68496484
vn 0.34362364 0.71354181 0.61055785
vn 0.36789483 0.763942 0.53013772
vn 0.38875729 0.80726331 0.44406489
vn 0.40599132 0.84304994 0.35275739
vn 0.4193359 0.87076044 0.25677553
vn 0.42851001 0.88980997 0.15689911
vn 0.4332464 0.89964479 0.054193437
vn 0.43334153 0.89984339 -0.049969856
vn 0.4316 0.8962267 -0.1024653
vn 0.4286859 0.89017385 -0.15433386
vn 0.42868564 0.89017397 -0.15433384
vn -0.2198547 -0.96324706 0.15433407
vn -0.21985473 -0.96324706 0.15433404
vn -0.22218341 -0.97344828 0.055071563
vn -0.22129154 -0.96954101 0.10497732
vn -0.22230567 -0.97398585 -0.043950159
vn -0.22027528 -0.96508741 -0.14172162
vn -0.21617565 -0.9471274 -0.23710316
vn -0.21011834 -0.92058736 -0.32919484
vn -0.20221844 -0.88597685 -0.41731623
vn -0.1925853 -0.84377241 -0.50095797
vn -0.18131198 -0.79438144 -0.57972759
vn -0.16847375 -0.73813361 -0.65328038
vn -0.15413257 -0.67529851 -0.72125918
vn -0.13834277 -0.60611928 -0.78325003
vn -0.12116616 -0.53086501 -0.83874959
vn -0.10268502 -0.44989258 -0.88715971
vn -0.083015501 -0.36371598 -0.92780334
vn -0.062325373 -0.27306587 -0.95997423
vn -0.040839724 -0.17893048 -0.98301375
vn -0.02911206 -0.12754628 -0.99140531
vn -0.0383044 -0.16782251 -0.98507285
vn -0.028593719 -0.12527806 -0.99170947
vn -0.058867518 -0.25791702 -0.96437198
vn -0.078748211 -0.34501991 -0.93528605
vn -0.097750239 -0.42826831 -0.89834905
vn -0.1157253 -0.50702006 -0.85413009
vn -0.13256015 -0.58078587 -0.80319089
vn -0.14817519 -0.64921331 -0.74603355
vn -0.16251522 -0.71202785 -0.6830852
vn -0.175515 -0.76897311 -0.61471528
vn -0.18711218 -0.81978923 -0.54123443
vn -0.19723837 -0.86416376 -0.46294504
vn -0.20580979 -0.90171933 -0.38019034
vn -0.21272755 -0.93202007 -0.29340357
vn -0.21787742 -0.9545998 -0.20314732
vn -0.22116745 -0.9689917 -0.11018215
vn -0.22249058 -0.97481239 -0.015450447
vn -0.22240593 -0.97442627 0.032080598
vn -0.22251904 -0.97492832 -1.3127605e-07
vn -0.22252364 -0.97492731 -2.3865104e-07
vn -0.028581453 -0.12522383 0.99171668
vn -0.02858131 -0.12522386 0.99171668
vn -0.23734368 0.0039770468 0.97141755
vn 0.011195642 0.049051285 -0.99873358
vn -1 4.3711417e-08 -5.0805215e-07
vn 0.02409636 0.10557028 0.99411982
vn 0.011633391 0.050969023 0.99863249
vn 0.047041658 0.20610265 0.97739899
vn 0.069274031 0.30350822 0.95030725
vn 0.090508573 0.39654449 0.91354293
vn 0.11053509 0.48428753 0.8678984
vn 0.12920858 0.56609994 0.81414741
vn 0.14642832 0.64154553 0.75297952
vn 0.16212304 0.71030903 0.68496507
vn 0.17623028 0.77211529 0.61055779
vn 0.18867774 0.82665265 0.5301379
vn 0.19937731 0.87352979 0.44406587
vn 0.20821638 0.91225427 0.35275793
vn 0.21506016 0.94223976 0.25677502
vn 0.21976578 0.96285301 0.15689822
vn 0.22219348 0.9734953 0.054193664
vn 0.22224331 0.97370988 -0.049970757
vn 0.22134982 0.96979618 -0.10246842
vn 0.21985529 0.963247 -0.15433389
vn 0.21985456 0.96324718 -0.15433379
vn 3.8919345e-07 -0.98801869 0.15433411
vn -4.2285765e-07 -0.98801869 0.15433399
vn 1.9614538e-07 -0.99848229 0.055072755
vn 3.7238743e-07 -0.99447441 0.10497862
vn -1.4725659e-07 -0.99903369 -0.043950193
vn -1.4316157e-07 -0.98990661 -0.14172165
vn 6.3762101e-08 -0.97148442 -0.237103
vn -8.919816e-09 -0.94426179 -0.3291955
vn 1.859771e-09 -0.90876156 -0.41731563
vn 7.9907103e-09 -0.86547178 -0.50095779
vn 1.0686773e-07 -0.81481004 -0.57972813
vn 4.14468e-08 -0.75711578 -0.65328079
vn 5.1376556e-08 -0.69266558 -0.721259
vn -5.3758569e-08 -0.6217066 -0.78325021
vn -8.1275658e-08 -0.54451674 -0.83874989
vn 1.7310043e-07 -0.46146274 -0.88715965
vn 3.5551537e-08 -0.37306955 -0.9278034
vn 1.7626566e-07 -0.28008828 -0.95997417
vn 1.4025974e-07 -0.18353215 -0.98301375
vn 3.405184e-07 -0.13082696 -0.99140525
vn -2.1358957e-07 -0.17213598 -0.98507315
vn -3.4628343e-07 -0.12849554 -0.99171007
vn 1.648219e-07 -0.26454955 -0.9643721
vn 6.2436197e-07 -0.35389331 -0.93528581
vn 6.4194222e-07 -0.4392831 -0.89834869
vn 5.3067095e-07 -0.52006119 -0.85412896
vn 1.2127657e-07 -0.59572339 -0.80318969
vn -7.6914887e-07 -0.66590559 -0.74603593
vn -4.0308655e-07 -0.73033601 -0.68308812
vn 1.5655768e-06 -0.78875107 -0.61471283
vn 8.4126344e-07 -0.84087342 -0.54123181
vn -8.6959528e-07 -0.88638628 -0.46294644
vn 6.5441156e-07 -0.92490745 -0.38019228
vn 2.2847225e-06 -0.95598829 -0.29340512
vn 3.2860994e-06 -0.97914761 -0.20314996
vn 4.3366222e-06 -0.9939118 -0.11017907
vn 3.0239546e-06 -0.99988067 -0.015446643
vn 3.0693664e-06 -0.99948508 0.032087646
vn 1.7557875e-06 -1 -1.6481604e-07
vn 1.6841898e-06 -1 -1.5725695e-07
vn -3.1095201e-08 -0.12844416 0.99171674
vn 1.6311736e-07 -0.12844416 0.99171674
vn -0.97498447 0.22214517 0.0075251358
vn 3.9470731e-08 0.050312717 -0.99873346
vn -1 4.3711417e-08 -5.0805221e-07
vn -8.6538016e-08 0.10828511 0.99411988
vn -6.3780355e-08 0.052279804 0.99863243
vn -9.0836572e-08 0.21140321 0.97739899
vn -1.8999641e-07 0.31131357 0.95030731
vn -1.5606082e-08 0.40674236 0.91354287
vn 2.8449044e-08 0.49674204 0.86789817
vn -6.0280684e-08 0.58065814 0.81414747
vn 3.2840966e-08 0.65804374 0.75297976
vn 8.251844e-08 0.72857594 0.68496495
vn 6.5899101e-08 0.7919718 0.61055768
vn 5.6355184e-08 0.84791148 0.5301379
vn -7.7784108e-09 0.89599448 0.44406533
vn -1.2185677e-07 0.93571472 0.3527579
vn -1.8171899e-07 0.96647114 0.25677541
vn -1.1176932e-07 0.98761463 0.15689866
vn 6.4065553e-08 0.99853051 0.054193068
vn -1.1667539e-07 0.99875075 -0.049970575
vn -1.1314111e-07 0.99473637 -0.10246775
vn 3.0956429e-07 0.98801869 -0.15433387
vn 6.441055e-08 0.98801881 -0.15433387
vn 0.21985468 -0.963247 0.15433404
vn 0.21985401 -0.96324718 0.15433395
vn 0.22218306 -0.97344828 0.055072945
vn 0.22129147 -0.96954101 0.10497835
vn 0.22230601 -0.97398585 -0.043948557
vn 0.220275 -0.96508741 -0.1417218
vn 0.21617535 -0.94712704 -0.23710421
vn 0.21011852 -0.92058718 -0.32919523
vn 0.20221858 -0.88597739 -0.41731513
vn 0.19258583 -0.84377217 -0.50095832
vn 0.18131213 -0.7943809 -0.57972848
vn 0.16847444 -0.73813373 -0.65328038
vn 0.15413299 -0.67529899 -0.72125876
vn 0.13834287 -0.60611928 -0.78325003
vn 0.12116649 -0.53086472 -0.83874983
vn 0.10268476 -0.44989276 -0.88715971
vn 0.08301577 -0.36371601 -0.9278034
vn 0.06232537 -0.27306557 -0.95997429
vn 0.040839884 -0.17893043 -0.98301375
vn 0.029112138 -0.12754656 -0.99140519
vn 0.038304511 -0.16782279 -0.98507267
vn 0.028594341 -0.12527691 -0.99170959
vn 0.058868043 -0.25791723 -0.96437192
vn 0.078748077 -0.34501886 -0.93528646
vn 0.097748853 -0.42826864 -0.89834905
vn 0.11572445 -0.50702226 -0.8541289
vn 0.13256221 -0.58078837 -0.80318874
vn 0.14818104 -0.64921248 -0.74603319
vn 0.16251488 -0.71202433 -0.68308878
vn 0.17551018 -0.76897281 -0.61471701
vn 0.1871136 -0.81979269 -0.54122877
vn 0.19724333 -0.86416334 -0.4629437
vn 0.20580775 -0.90171707 -0.38019672
vn 0.21272784 -0.93201882 -0.29340696
vn 0.21788114 -0.95459789 -0.20315175
vn 0.22116615 -0.96899235 -0.11017833
vn 0.22249757 -0.97481084 -0.015443791
vn 0.22240677 -0.97442585 0.032084752
vn 0.2225239 -0.97492719 -7.5001253e-08
vn 0.22252233 -0.97492766 -1.0935142e-07
vn 0.028581517 -0.1252238 0.9917168
vn 0.028581712 -0.12522374 0.99171674
vn -0.0056687482 0.050311912 -0.99871749
vn -0.011195594 0.049051274 -0.99873352
vn -0.024096005 0.10556986 0.99411988
vn -0.011633718 0.050969157 0.99863243
vn -0.047041792 0.20610318 0.97739887
vn -0.069274008 0.30350816 0.95030725
vn -0.090508439 0.39654413 0.91354299
vn -0.11053571 0.48428771 0.86789811
vn -0.12920791 0.5661 0.81414747
vn -0.14642867 0.64154482 0.75297993
vn -0.16212353 0.71030933 0.68496472
vn -0.17623018 0.77211541 0.61055779
vn -0.18867864 0.82665247 0.5301379
vn -0.19937752 0.87353033 0.44406459
vn -0.2082157 0.91225433 0.35275787
vn -0.21506035 0.94223964 0.25677523
vn -0.21976487 0.96285319 0.15689833
vn -0.22219397 0.97349524 0.054193418
vn -0.22224262 0.97370988 -0.049970843
vn -0.22135042 0.96979612 -0.10246717
vn -0.21985391 0.9632473 -0.15433399
vn -0.21985517 0.963247 -0.15433384
vn 0.42868492 -0.89017421 0.15433398
vn 0.42868522 -0.89017409 0.15433405
vn 0.43322459 -0.89960194 0.055072121
vn 0.43148595 -0.89599079 0.1049774
vn 0.43346423 -0.90009844 -0.04394849
vn 0.42950445 -0.89187503 -0.14172101
vn 0.4215112 -0.8752771 -0.23710397
vn 0.40969944 -0.85075033 -0.32919613
vn 0.3942968 -0.81876618 -0.4173153
vn 0.37551442 -0.77976298 -0.50095773
vn 0.35353237 -0.73411828 -0.5797286
vn 0.32850122 -0.68213791 -0.65328014
vn 0.30053568 -0.62406999 -0.72125936
vn 0.2697486 -0.56013882 -0.7832498
vn 0.23625661 -0.49059308 -0.83874977
vn 0.20022178 -0.41576388 -0.88715935
vn 0.16186865 -0.33612397 -0.92780352
vn 0.12152548 -0.25235048 -0.95997435
vn 0.079631723 -0.16535644 -0.98301375
vn 0.05676353 -0.1178704 -0.99140525
vn 0.074688092 -0.15509111 -0.98507291
vn 0.055754419 -0.11577555 -0.99170935
vn 0.11478382 -0.2383519 -0.96437186
vn 0.15354991 -0.31884667 -0.93528557
vn 0.19059521 -0.39577863 -0.89835006
vn 0.22564434 -0.46855786 -0.85413009
vn 0.25847307 -0.53672624 -0.80319154
vn 0.28892827 -0.59996426 -0.74603182
vn 0.31688496 -0.65801305 -0.68308324
vn 0.34222257 -0.71063715 -0.61471826
vn 0.36484221 -0.75760037 -0.54123181
vn 0.38459069 -0.79860663 -0.46294424
vn 0.40130225 -0.83331376 -0.38019025
vn 0.41478619 -0.86131525 -0.29340822
vn 0.4248322 -0.88218164 -0.20315771
vn 0.43123913 -0.89548486 -0.11018065
vn 0.43383345 -0.90086079 -0.015441039
vn 0.4336696 -0.90050024 0.032094844
vn 0.4338851 -0.90096819 -9.1209586e-08
vn 0.43388903 -0.90096629 1.6205657e-08
vn 0.055729825 -0.11572417 0.99171674
vn 0.055729892 -0.11572424 0.99171674
vn -0.10779403 0.0036766822 -0.99416649
vn -0.021829836 0.045330197 -0.99873352
vn -0.99999994 4.3711413e-08 -5.0805215e-07
vn -0.046983488 0.097561158 0.99411988
vn -0.022683587 0.047103126 0.99863249
vn -0.091724679 0.1904676 0.97739887
vn -0.13507381 0.28048399 0.95030719
vn -0.17647889 0.36646178 0.91354311
vn -0.21552818 0.44754866 0.8678984
vn -0.25193825 0.52315527 0.81414723
vn -0.28551447 0.59287655 0.75298005
vn -0.31611791 0.6564244 0.6849646
vn -0.34362411 0.7135424 0.61055696
vn -0.36789563 0.76394159 0.53013784
vn -0.38875759 0.8072629 0.44406542
vn -0.4059912 0.84305 0.3527576
vn -0.41933614 0.8707602 0.25677565
vn -0.42850992 0.88980997 0.1568992
vn -0.43324569 0.89964509 0.054193217
vn -0.43334115 0.89984357 -0.049971778
vn -0.43159926 0.89622664 -0.10246871
vn -0.42868501 0.89017427 -0.1543339
vn -0.42868513 0.89017421 -0.15433387
vn 0.61601937 -0.77246439 0.15433411
vn 0.61602002 -0.7724638 0.15433422
vn 0.62254363 -0.78064489 0.055073045
vn 0.62004495 -0.7775113 0.10497831
vn 0.62288719 -0.78107619 -0.043948684
vn 0.61719704 -0.77393967 -0.14172199
vn 0.60571086 -0.7595368 -0.23710372
vn 0.58873808 -0.73825359 -0.32919443
vn 0.56660318 -0.71049839 -0.41731638
vn 0.53961343 -0.67665279 -0.50095755
vn 0.50802523 -0.63704342 -0.57972926
vn 0.47205347 -0.59193724 -0.65328079
vn 0.43187091 -0.54154837 -0.72125775
vn 0.3876287 -0.48607051 -0.78324926
vn 0.33950058 -0.42572042 -0.83875
vn 0.28771687 -0.36078575 -0.88715976
vn 0.23260592 -0.29167745 -0.92780328
vn 0.1746317 -0.21898124 -0.95997441
vn 0.11443079 -0.14349052 -0.98301375
vn 0.081568919 -0.10228403 -0.99140531
vn 0.10732815 -0.13458453 -0.98507237
vn 0.080119647 -0.10046696 -0.99170923
vn 0.16494258 -0.20683116 -0.96437275
vn 0.22064823 -0.27668434 -0.93528599
vn 0.27389094 -0.34344625 -0.89834756
vn 0.32425097 -0.4065983 -0.85413063
vn 0.37142488 -0.46575177 -0.80319291
vn 0.41518655 -0.52062929 -0.74603301
vn 0.45536631 -0.57100338 -0.68307889
vn 0.49177605 -0.61666542 -0.61471945
vn 0.52427149 -0.65742069 -0.541237
vn 0.55265564 -0.69300538 -0.46294194
vn 0.57667071 -0.72312313 -0.38018906
vn 0.5960539 -0.74741954 -0.29339999
vn 0.61048388 -0.76552862 -0.20316315
vn 0.61969346 -0.77707118 -0.11018273
vn 0.62341452 -0.78173888 -0.015450408
vn 0.62316966 -0.78142846 0.032079928
vn 0.62349725 -0.78182548 1.1454e-07
vn 0.62349516 -0.78182715 5.8373235e-08
vn 0.080083556 -0.10042172 0.99171668
vn 0.080084175 -0.10042084 0.9917168
vn -0.036936827 -0.085582554 0.99564624
vn -0.031369392 0.039336085 -0.99873358
vn -0.70710689 -0.70710665 -5.5561765e-07
vn -0.067514896 0.084661007 0.99411982
vn -0.032596316 0.040874463 0.99863249
vn -0.1318078 0.16528085 0.97739911
vn -0.19410115 0.24339494 0.95030713
vn -0.25360003 0.31800419 0.91354281
vn -0.30971339 0.38836774 0.8678987
vn -0.36203498 0.45397675 0.81414717
vn -0.41028351 0.5144794 0.75297952
vn -0.45426008 0.56962299 0.68496525
vn -0.49378702 0.61918926 0.6105563
vn -0.52866447 0.66292381 0.53013754
vn -0.5586431 0.70051587 0.44406679
vn -0.58340871 0.73157126 0.35275716
vn -0.60258448 0.75561798 0.25677469
vn -0.61576754 0.77214795 0.15690063
vn -0.62257379 0.78068227 0.05419407
vn -0.62271124 0.7808544 -0.049971063
vn -0.62020779 0.77771622 -0.10246857
vn -0.61601955 0.77246428 -0.15433395
vn -0.61601943 0.77246422 -0.15433396
vn -5.628674e-07 -4.9936841e-07 0.99999994
vn 0.77246428 -0.61601937 0.15433431
vn 0.77246368 -0.61602014 0.15433414
vn 0.78064483 -0.62254369 0.055072304
vn 0.77751178 -0.62004507 0.10497452
vn 0.78107625 -0.62288731 -0.043948311
vn 0.77393997 -0.6171965 -0.14172339
vn 0.75953674 -0.60571086 -0.23710416
vn 0.73825449 -0.58873791 -0.32919297
vn 0.71049899 -0.56660318 -0.41731542
vn 0.67665201 -0.53961247 -0.50095958
vn 0.63704562 -0.50802535 -0.57972664
vn 0.59193766 -0.47205409 -0.65328008
vn 0.5415476 -0.43187007 -0.72125894
vn 0.48606998 -0.38762793 -0.78324997
vn 0.4257212 -0.33950067 -0.83874953
vn 0.36078572 -0.28771654 -0.88716006
vn 0.29167804 -0.23260458 -0.92780334
vn 0.21898174 -0.17463161 -0.95997429
vn 0.14349112 -0.11443003 -0.98301369
vn 0.10228455 -0.081569716 -0.99140519
vn 0.13458434 -0.10732693 -0.98507255
vn 0.10046654 -0.080119789 -0.99170923
vn 0.20683315 -0.16494282 -0.96437228
vn 0.27668351 -0.22064845 -0.93528628
vn 0.34344566 -0.27388918 -0.89834839
vn 0.40659881 -0.32425085 -0.85413051
vn 0.46575382 -0.3714259 -0.80319136
vn 0.52062613 -0.4151862 -0.74603546
vn 0.57100356 -0.45535773 -0.68308443
vn 0.61667627 -0.49177557 -0.61470908
vn 0.65742201 -0.52427351 -0.54123342
vn 0.69300348 -0.55265534 -0.46294519
vn 0.72312295 -0.57667005 -0.38019067
vn 0.7474227 -0.59604752 -0.29340532
vn 0.76553071 -0.61048442 -0.20315385
vn 0.77706647 -0.61969852 -0.11018753
vn 0.78173542 -0.62341887 -0.015446819
vn 0.78142458 -0.62317479 0.032075886
vn 0.78183311 -0.62348771 1.4991279e-07
vn 0.78182656 -0.623496 -9.1157638e-08
vn 0.10042124 -0.080084056 0.99171674
vn 0.1004219 -0.080083132 0.99171674
vn -0.011890162 -0.073736057 0.99720693
vn -0.039335642 0.031369876 -0.99873346
vn -1 4.3711395e-08 -4.3711388e-08
vn -4.3711381e-08 -1 -2.7770992e-07
vn -0.084661081 0.06751477 0.99411988
vn -0.040874597 0.03259626 0.99863237
vn -0.16528183 0.13180788 0.97739887
vn -0.243395 0.19410001 0.95030731
vn -0.3180041 0.25360021 0.91354269
vn -0.3883681 0.30971369 0.8678984
vn -0.45397675 0.36203393 0.81414777
vn -0.51447952 0.41028354 0.75297952
vn -0.56962389 0.4542591 0.68496513
vn -0.61918932 0.4937869 0.61055636
vn -0.66292399 0.52866507 0.53013682
vn -0.7005161 0.5586431 0.44406652
vn -0.73157126 0.58340836 0.3527579
vn -0.75561732 0.6025852 0.2567755
vn -0.77214795 0.6157676 0.15690033
vn -0.78068203 0.62257439 0.054191437
vn -0.78085411 0.62271148 -0.049972259
vn -0.77771652 0.62020779 -0.10246642
vn -0.77246428 0.61601949 -0.15433399
vn -0.77246416 0.61601973 -0.15433401
vn -1.111162e-06 -8.9496893e-07 1
vn -9.6416147e-07 -1.1979151e-06 1
vn -5.0393589e-07 -6.2081261e-07 1
vn 0.89017403 -0.42868546 0.15433423
vn 0.89017373 -0.42868602 0.15433416
vn 0.89960146 -0.43322533 0.055074006
vn 0.89599079 -0.43148595 0.1049777
vn 0.90009832 -0.4334648 -0.043948304
vn 0.89187479 -0.42950463 -0.14172238
vn 0.87527734 -0.42151159 -0.23710217
vn 0.85075051 -0.40969983 -0.32919547
vn 0.81876594 -0.39429665 -0.41731578
vn 0.77976322 -0.37551352 -0.50095814
vn 0.73411655 -0.35353312 -0.57973021
vn 0.68213952 -0.32850036 -0.65327883
vn 0.6240713 -0.30053616 -0.72125804
vn 0.56013936 -0.26974836 -0.7832495
vn 0.49059263 -0.23625679 -0.83874995
vn 0.41576278 -0.20022039 -0.88716018
vn 0.33612412 -0.16186833 -0.92780346
vn 0.25235161 -0.12152534 -0.95997405
vn 0.16535671 -0.079631656 -0.98301369
vn 0.11787204 -0.056764033 -0.99140513
vn 0.15508851 -0.07468684 -0.98507333
vn 0.11577252 -0.055753261 -0.99170977
vn 0.23835014 -0.11478384 -0.96437234
vn 0.31885043 -0.15354952 -0.93528438
vn 0.39577979 -0.19059609 -0.89834929
vn 0.46855476 -0.22564344 -0.854132
vn 0.53672916 -0.25847396 -0.80318928
vn 0.59995919 -0.28892699 -0.74603647
vn 0.65800864 -0.31688362 -0.6830883
vn 0.71064156 -0.34222698 -0.61471069
vn 0.75760239 -0.36484262 -0.54122859
vn 0.79860789 -0.3845855 -0.46294647
vn 0.83331788 -0.40129748 -0.38018629
vn 0.86131388 -0.41478822 -0.29340944
vn 0.88218057 -0.42483717 -0.20315208
vn 0.89548427 -0.43124232 -0.11017265
vn 0.90086049 -0.43383372 -0.015448681
vn 0.90050632 -0.43365797 0.032079954
vn 0.90096915 -0.43388307 -4.7782727e-08
vn 0.90096968 -0.43388227 -2.2691582e-08
vn 0.11572358 -0.055730283 0.9917168
vn 0.11572368 -0.055729631 0.9917168
vn -0.054533765 0.0026915732 -0.99850827
vn -0.045329586 0.021830421 -0.99873358
vn -0.99999994 4.3711392e-08 -4.3711385e-08
vn -0.097561628 0.046982735 0.99411988
vn -0.0471032 0.022683814 0.99863243
vn -0.19046816 0.091724657 0.97739881
vn -0.28048366 0.13507335 0.95030743
vn -0.36646166 0.17647824 0.91354328
vn -0.44754913 0.21552843 0.86789817
vn -0.52315521 0.25193873 0.81414717
vn -0.59287798 0.2855157 0.7529785
vn -0.65642452 0.31611714 0.68496484
vn -0.71354198 0.34362313 0.61055791
vn -0.76394159 0.36789492 0.53013819
vn -0.80726314 0.38875788 0.44406489
vn -0.84304988 0.40599105 0.35275811
vn -0.87076044 0.41933602 0.25677508
vn -0.88980997 0.42850921 0.15690085
vn -0.89964497 0.43324575 0.054194916
vn -0.89984298 0.43334201 -0.049972061
vn -0.89622563 0.43160111 -0.10247093
vn -0.89017338 0.42868665 -0.1543341
vn -0.89017391 0.42868593 -0.15433407
vn 0.96324676 -0.21985558 0.15433426
vn 0.96324694 -0.21985486 0.15433437
vn 0.97344804 -0.222184 0.055073734
vn 0.96954101 -0.2212926 0.10497522
vn 0.97398579 -0.22230642 -0.043948036
vn 0.96508729 -0.22027528 -0.1417229
vn 0.9471271 -0.21617521 -0.2371047
vn 0.92058742 -0.21011755 -0.32919514
vn 0.88597679 -0.20221832 -0.41731623
vn 0.84377313 -0.19258519 -0.50095683
vn 0.79438174 -0.18131198 -0.57972723
vn 0.73813319 -0.16847473 -0.65328068
vn 0.67529929 -0.15413275 -0.72125876
vn 0.60611963 -0.13834265 -0.78324991
vn 0.53086519 -0.12116607 -0.83874965
vn 0.44989201 -0.10268502 -0.88716
vn 0.36371571 -0.08301609 -0.92780346
vn 0.27306622 -0.062325407 -0.95997411
vn 0.17893121 -0.040839296 -0.98301357
vn 0.12754771 -0.029111365 -0.99140513
vn 0.1678233 -0.038304225 -0.98507273
vn 0.12527682 -0.028593387 -0.99170971
vn 0.25791848 -0.058867268 -0.96437168
vn 0.34501886 -0.078747474 -0.93528652
vn 0.42826533 -0.097748496 -0.89835072
vn 0.50701904 -0.11572237 -0.85413122
vn 0.58079147 -0.13256042 -0.80318677
vn 0.64921826 -0.14817804 -0.7460289
vn 0.71202302 -0.16251437 -0.68309015
vn 0.76897526 -0.17551258 -0.61471319
vn 0.81979352 -0.18711035 -0.54122847
vn 0.8641566 -0.19724081 -0.46295723
vn 0.90171874 -0.20580983 -0.38019156
vn 0.93202543 -0.21271963 -0.29339188
vn 0.95459861 -0.21787769 -0.2031524
vn 0.96899337 -0.22116131 -0.11017932
vn 0.97481287 -0.22248799 -0.015456848
vn 0.97442818 -0.22239895 0.032067873
vn 0.97493035 -0.22251038 6.7720496e-09
vn 0.97493035 -0.22251014 1.5477715e-08
vn 0.12522335 -0.028581582 0.99171686
vn 0.12522359 -0.028580064 0.99171686
vn -0.054489888 0.0027829527 -0.99851048
vn -0.049050827 0.011195789 -0.99873358
vn -0.10557058 0.024095917 0.99411982
vn -0.050969854 0.011633434 0.99863249
vn -0.20610282 0.047041249 0.97739905
vn -0.30350861 0.069274291 0.95030719
vn -0.39654386 0.090508319 0.91354316
vn -0.48428801 0.11053522 0.86789805
vn -0.56609857 0.12920745 0.81414855
vn -0.64154613 0.14642918 0.75297886
vn -0.71030986 0.16212443 0.68496382
vn -0.77211553 0.17623103 0.6105572
vn -0.82665235 0.18867832 0.53013802
vn -0.87353069 0.19937731 0.44406384
vn -0.91225469 0.20821609 0.35275686
vn -0.94223976 0.21506019 0.25677511
vn -0.96285307 0.21976455 0.15689996
vn -0.97349548 0.22219262 0.054195002
vn -0.97371006 0.22224206 -0.049971901
vn -0.96979678 0.22134833 -0.1024659
vn -0.96324664 0.21985625 -0.15433416
vn -0.96324718 0.2198545 -0.1543339
vn 0.98801869 -6.5036545e-09 0.15433446
vn 0.98801863 -5.9374958e-08 0.15433446
vn 0.99848235 -9.401235e-08 0.055073638
vn 0.99447465 2.669799e-07 0.10497707
vn 0.99903381 -6.8125267e-08 -0.043948073
vn 0.98990613 -3.8470256e-07 -0.1417246
vn 0.97148371 -7.9960284e-07 -0.23710619
vn 0.94426227 -4.7542613e-07 -0.32919407
vn 0.90876216 2.5861692e-07 -0.4173145
vn 0.86547154 -2.0373777e-07 -0.50095803
vn 0.81481034 -1.5132608e-07 -0.57972759
vn 0.7571165 2.9526313e-07 -0.65327972
vn 0.69266611 1.3074381e-07 -0.7212584
vn 0.62170702 7.2055023e-08 -0.78324991
vn 0.54451734 -1.8418406e-08 -0.83874965
vn 0.46146253 2.4722118e-07 -0.88715971
vn 0.37306979 1.1021309e-07 -0.92780328
vn 0.28008795 -2.187867e-07 -0.95997435
vn 0.183532 -2.469782e-07 -0.98301375
vn 0.13082762 5.6444605e-08 -0.99140513
vn 0.17213839 3.1158688e-08 -0.98507279
vn 0.12850289 6.4988888e-07 -0.99170911
vn 0.26454431 -1.1975181e-06 -0.96437359
vn 0.35389397 2.4731216e-07 -0.93528545
vn 0.43928629 1.4916805e-06 -0.89834714
vn 0.52005678 -2.975903e-07 -0.8541317
vn 0.59572607 -3.6644221e-07 -0.80318779
vn 0.66591048 -1.3012753e-06 -0.74603176
vn 0.73033327 -6.8706856e-07 -0.68309104
vn 0.78874832 -7.4813858e-07 -0.61471629
vn 0.84087676 1.4267252e-07 -0.54122657
vn 0.88638741 4.2280012e-06 -0.46294436
vn 0.92490697 -8.2815779e-07 -0.38019371
vn 0.95598811 -4.28976e-06 -0.29340553
vn 0.97914648 2.8206507e-06 -0.20315547
vn 0.99391228 9.7214534e-06 -0.11017434
vn 0.99988049 4.7368937e-07 -0.015454829
vn 0.99948561 1.1557188e-06 0.032070477
vn 0.99999994 4.9566057e-07 6.1122961e-08
vn 0.99999994 -5.9262976e-07 4.368313e-08
vn 0.12844369 -5.7898063e-08 0.99171686
vn 0.12844373 -8.6064276e-08 0.99171674
vn -0.050311487 0.0056687961 -0.99871749
vn -0.050312296 4.5855248e-08 -0.99873352
vn -0.10828548 -9.188399e-08 0.99411982
vn -0.052280623 -5.7969324e-08 0.99863243
vn -0.21140341 5.98287e-08 0.97739881
vn -0.31131378 9.8343413e-09 0.95030725
vn -0.40674201 -9.3573405e-08 0.91354311
vn -0.49674261 -7.9956905e-08 0.86789787
vn -0.58065778 -3.911303e-07 0.81414777
vn -0.65804327 -1.1466869e-06 0.75298017
vn -0.72857696 -1.730518e-07 0.684964
vn -0.7919715 -2.2514237e-07 0.61055803
vn -0.84791213 3.2310646e-07 0.5301367
vn -0.89599586 7.8887899e-07 0.44406235
vn -0.93571478 1.1436974e-06 0.35275733
vn -0.9664706 9.4670582e-07 0.25677726
vn -0.98761493 1.4032145e-06 0.15689708
vn -0.99853057 4.8263109e-07 0.054192241
vn -0.99875075 -3.193712e-07 -0.049969964
vn -0.99473637 4.4123732e-07 -0.10246746
vn -0.98801875 -1.6153979e-08 -0.15433396
vn -0.98801875 4.9933828e-08 -0.15433395
vn -7.6272215e-08 6.4627704e-07 1
vn 0.9632467 0.21985574 0.15433455
vn 0.963247 0.21985476 0.15433441
vn 0.9734481 0.22218387 0.055073697
vn 0.96954113 0.22129181 0.10497537
vn 0.97398579 0.22230631 -0.043948159
vn 0.96508735 0.22027549 -0.14172238
vn 0.94712758 0.21617559 -0.23710203
vn 0.9205873 0.21011682 -0.3291958
vn 0.8859759 0.20221815 -0.41731822
vn 0.84377265 0.19258641 -0.50095719
vn 0.79438204 0.18131322 -0.57972634
vn 0.73813325 0.16847403 -0.65328056
vn 0.67529935 0.15413253 -0.7212587
vn 0.60611951 0.13834269 -0.78324991
vn 0.53086513 0.12116671 -0.83874953
vn 0.44989201 0.10268514 -0.88716006
vn 0.3637161 0.083015956 -0.92780334
vn 0.27306607 0.062325571 -0.95997423
vn 0.17893107 0.040839866 -0.98301363
vn 0.12754735 0.029111715 -0.99140507
vn 0.16782326 0.038305219 -0.98507261
vn 0.12527607 0.028593326 -0.99170983
vn 0.2579191 0.058869198 -0.96437138
vn 0.34501815 0.078746229 -0.93528688
vn 0.42826587 0.097746223 -0.89835083
vn 0.50701982 0.11572369 -0.85413057
vn 0.58079082 0.13256088 -0.80318731
vn 0.64921755 0.14818136 -0.74602878
vn 0.71202141 0.16251723 -0.68309122
vn 0.76897413 0.17551742 -0.61471313
vn 0.81979144 0.18711253 -0.54123092
vn 0.86415869 0.19723786 -0.46295464
vn 0.9017176 0.20581377 -0.38019198
vn 0.93202186 0.21273468 -0.29339251
vn 0.95459729 0.2178739 -0.2031626
vn 0.96899277 0.22116204 -0.11018385
vn 0.97481012 0.2225014 -0.015441215
vn 0.97442669 0.2224057 0.032066043
vn 0.97492725 0.22252408 1.2207872e-07
vn 0.97492772 0.2225218 7.0767442e-08
vn 0.12522332 0.02858139 0.9917168
vn 0.12522309 0.02858158 0.99171686
vn 0.051786859 -0.00080883707 0.99865776
vn -0.04905086 -0.011195515 -0.99873346
vn -0.1055705 -0.024095749 0.99411988
vn -0.050969906 -0.011633553 0.99863237
vn -0.20610301 -0.047041774 0.97739899
vn -0.30350834 -0.06927447 0.95030725
vn -0.39654416 -0.090509079 0.91354299
vn -0.48428819 -0.11053599 0.86789787
vn -0.56609994 -0.12920915 0.81414723
vn -0.64154524 -0.14642933 0.75297952
vn -0.71030855 -0.16212451 0.68496531
vn -0.77211577 -0.1762307 0.61055696
vn -0.82665223 -0.18867879 0.53013813
vn -0.87352943 -0.19937786 0.44406635
vn -0.91225392 -0.20821592 0.35275921
vn -0.94223976 -0.21505952 0.25677526
vn -0.96285355 -0.21976446 0.15689752
vn -0.97349572 -0.22219241 0.054191366
vn -0.97371006 -0.22224177 -0.04997218
vn -0.96979642 -0.22134928 -0.10246597
vn -0.96324712 -0.21985427 -0.15433404
vn -0.96324724 -0.21985427 -0.15433407
vn -4.3711328e-08 1.3216052e-06 0.99999994
vn -3.7221886e-07 1.3955591e-06 1
vn -2.079654e-07 6.7592509e-07 0.99999994
vn 0.89017421 0.4286851 0.15433444
vn 0.89017445 0.42868435 0.15433434
vn 0.89960116 0.43322575 0.055074468
vn 0.89599025 0.4314869 0.10497814
vn 0.9000982 0.43346494 -0.043947935
vn 0.89187455 0.42950472 -0.14172237
vn 0.87527722 0.42151251 -0.23710124
vn 0.85075051 0.40969992 -0.32919517
vn 0.81876475 0.39429593 -0.41731879
vn 0.77976263 0.37551349 -0.50095868
vn 0.73411912 0.3535333 -0.57972682
vn 0.6821391 0.32850119 -0.65327883
vn 0.62407082 0.3005369 -0.7212581
vn 0.56013894 0.26974857 -0.7832498
vn 0.49059239 0.23625694 -0.83875018
vn 0.41576293 0.20022157 -0.88715971
vn 0.33612445 0.16186939 -0.9278031
vn 0.25235084 0.121526 -0.95997423
vn 0.16535668 0.07963185 -0.98301369
vn 0.11787143 0.056764256 -0.99140513
vn 0.15509121 0.07468769 -0.98507279
vn 0.1157735 0.055753272 -0.99170971
vn 0.23835342 0.11478527 -0.96437132
vn 0.3188501 0.15355185 -0.93528408
vn 0.39577806 0.19059543 -0.89835018
vn 0.46855593 0.22564273 -0.85413152
vn 0.53672975 0.25847557 -0.80318838
vn 0.59995931 0.28892481 -0.74603719
vn 0.65800345 0.31687811 -0.68309575
vn 0.71063846 0.34222826 -0.61471349
vn 0.75760198 0.36484793 -0.54122579
vn 0.79860485 0.38459504 -0.46294382
vn 0.83331084 0.40130535 -0.38019341
vn 0.86131334 0.414794 -0.29340288
vn 0.88218075 0.42484257 -0.20313977
vn 0.89548433 0.43123817 -0.11018795
vn 0.9008618 0.43383059 -0.015458348
vn 0.9005025 0.43366584 0.032080989
vn 0.90096807 0.43388528 1.0963128e-07
vn 0.90096837 0.4338848 9.9394853e-08
vn 0.11572371 0.055729657 0.9917168
vn 0.1157236 0.055730157 0.99171674
vn 0.052362382 -0.0033383542 0.99862254
vn -0.045329802 -0.02182968 -0.99873352
vn 0.99999994 -4.3711392e-08 4.3711385e-08
vn -0.097561508 -0.046983212 0.99411994
vn -0.047103159 -0.022683762 0.99863243
vn -0.19046834 -0.091724373 0.97739881
vn -0.28048447 -0.13507438 0.95030701
vn -0.36646077 -0.17647934 0.91354346
vn -0.44754976 -0.21552852 0.86789793
vn -0.52315557 -0.2519384 0.814147
vn -0.59287691 -0.28551438 0.75297982
vn -0.65642482 -0.31611723 0.68496454
vn -0.71354157 -0.34362394 0.61055779
vn -0.76394159 -0.36789528 0.5301379
vn -0.80726302 -0.38875756 0.44406524
vn -0.84304971 -0.40599191 0.35275736
vn -0.87075967 -0.41933692 0.25677627
vn -0.88980961 -0.42851055 0.15689985
vn -0.89964461 -0.43324649 0.05419467
vn -0.89984351 -0.43334091 -0.049972165
vn -0.89622682 -0.4315986 -0.10247026
vn -0.89017367 -0.42868611 -0.15433413
vn -0.89017427 -0.42868477 -0.15433431
vn 0.77246428 0.61601925 0.15433444
vn 0.77246475 0.61601877 0.15433434
vn 0.78064519 0.62254339 0.05507192
vn 0.77751261 0.62004393 0.10497473
vn 0.78107637 0.62288707 -0.043948099
vn 0.77394032 0.61719614 -0.14172293
vn 0.75953662 0.6057111 -0.23710346
vn 0.73825353 0.58873957 -0.32919213
vn 0.71049809 0.56660378 -0.41731569
vn 0.67665291 0.53961229 -0.5009585
vn 0.63704503 0.50802577 -0.57972699
vn 0.59193736 0.47205436 -0.6532799
vn 0.5415473 0.43187025 -0.721259
vn 0.48606995 0.38762867 -0.78324974
vn 0.4257201 0.33950064 -0.83875018
vn 0.36078525 0.28771684 -0.88716012
vn 0.2916775 0.23260593 -0.92780316
vn 0.21898115 0.17463343 -0.95997411
vn 0.14349093 0.11443165 -0.98301363
vn 0.10228503 0.081570052 -0.99140519
vn 0.13458341 0.10732644 -0.98507279
vn 0.10046691 0.080120146 -0.99170911
vn 0.20683211 0.16494232 -0.96437263
vn 0.27668539 0.22064954 -0.93528545
vn 0.34344566 0.27389011 -0.89834809
vn 0.40659767 0.3242504 -0.85413116
vn 0.46575341 0.37142631 -0.80319136
vn 0.52062523 0.41518784 -0.74603516
vn 0.57099998 0.45535943 -0.68308634
vn 0.61667019 0.49177268 -0.61471742
vn 0.65742201 0.52427536 -0.54123163
vn 0.69300783 0.55264741 -0.46294814
vn 0.72312129 0.57666636 -0.38019931
vn 0.74741977 0.59605491 -0.29339805
vn 0.76552826 0.61049175 -0.20314081
vn 0.77706683 0.61969864 -0.11018445
vn 0.78173506 0.62341917 -0.015448601
vn 0.78143132 0.6231662 0.03207859
vn 0.78183359 0.62348717 1.1743307e-07
vn 0.78183264 0.62348825 1.6120734e-07
vn 0.1004213 0.080083311 0.99171674
vn 0.10042151 0.08008305 0.99171674
vn -0.042869486 -0.026936691 -0.99871743
vn -0.039335735 -0.031369187 -0.99873358
vn 4.3711392e-08 4.3711385e-08 -1
vn -0.084661253 -0.06751509 0.99411982
vn -0.040874444 -0.032596532 0.99863243
vn -0.16528139 -0.13180827 0.97739899
vn -0.243396 -0.19410151 0.95030689
vn -0.31800419 -0.25359997 0.91354281
vn -0.38836738 -0.30971396 0.86789858
vn -0.45397687 -0.3620348 0.81414729
vn -0.5144791 -0.41028377 0.75297976
vn -0.56962365 -0.45425975 0.6849649
vn -0.61918962 -0.49378675 0.61055619
vn -0.66292411 -0.52866459 0.53013712
vn -0.70051599 -0.55864328 0.44406638
vn -0.7315715 -0.58340853 0.35275692
vn -0.75561684 -0.60258549 0.25677606
vn -0.77214789 -0.6157679 0.15689956
vn -0.78068233 -0.62257385 0.054192919
vn -0.78085428 -0.6227113 -0.04996993
vn -0.77771574 -0.6202088 -0.10246634
vn -0.77246344 -0.61602044 -0.15433434
vn -0.77246392 -0.61601961 -0.15433449
vn 4.1194579e-07 -5.6286814e-07 1
vn 0.61601979 0.77246398 0.15433437
vn 0.6160199 0.77246386 0.15433437
vn 0.62254328 0.78064525 0.055073172
vn 0.62004429 0.77751172 0.10497928
vn 0.62288737 0.78107613 -0.043947298
vn 0.61719728 0.77393967 -0.14172219
vn 0.60571069 0.75953639 -0.23710591
vn 0.58873755 0.73825371 -0.32919538
vn 0.566603 0.71049935 -0.41731498
vn 0.53961253 0.6766547 -0.5009557
vn 0.50802594 0.63704443 -0.57972759
vn 0.47205302 0.59193617 -0.65328205
vn 0.43186945 0.54154825 -0.72125894
vn 0.38762793 0.48607126 -0.7832492
vn 0.33950064 0.42572159 -0.83874935
vn 0.28771695 0.36078569 -0.88715988
vn 0.23260462 0.29167706 -0.92780375
vn 0.17463145 0.21898165 -0.95997441
vn 0.11443064 0.14349188 -0.98301363
vn 0.081570037 0.10228609 -0.99140501
vn 0.10732669 0.13458349 -0.98507279
vn 0.080119215 0.10046718 -0.99170935
vn 0.1649428 0.20683262 -0.96437246
vn 0.22064942 0.27668655 -0.93528515
vn 0.27388963 0.34344712 -0.89834768
vn 0.32425109 0.40659869 -0.85413039
vn 0.3714253 0.46575174 -0.80319279
vn 0.41518393 0.52062696 -0.74603623
vn 0.45535663 0.57100254 -0.68308604
vn 0.49177575 0.61667091 -0.61471426
vn 0.52427614 0.65742266 -0.54123008
vn 0.55265474 0.6930095 -0.46293685
vn 0.57667226 0.72311705 -0.38019839
vn 0.59605283 0.74741459 -0.29341516
vn 0.61048585 0.76553148 -0.20314671
vn 0.61969298 0.77707148 -0.1101837
vn 0.62341309 0.78174007 -0.015449452
vn 0.62316555 0.78143114 0.032093346
vn 0.6234895 0.7818318 1.8648433e-07
vn 0.6234898 0.7818315 1.8594571e-07
vn 0.080083318 0.1004213 0.9917168
vn 0.080083147 0.10042133 0.99171674
vn -0.035800714 -0.035800669 -0.99871749
vn -0.031369194 -0.03933572 -0.99873352
vn -0.067514427 -0.084661186 0.99411988
vn -0.032596588 -0.040874682 0.99863237
vn -0.1318077 -0.16528203 0.97739887
vn -0.19410113 -0.24339534 0.95030713
vn -0.25360033 -0.31800422 0.91354269
vn -0.30971363 -0.38836876 0.86789811
vn -0.36203417 -0.45397714 0.81414747
vn -0.41028377 -0.51447964 0.75297952
vn -0.45425925 -0.56962353 0.68496549
vn -0.49378657 -0.61918879 0.61055738
vn -0.52866435 -0.66292399 0.5301376
vn -0.55864292 -0.70051616 0.4440667
vn -0.58340949 -0.73157132 0.35275593
vn -0.60258526 -0.75561804 0.25677332
vn -0.61576694 -0.77214867 0.15689987
vn -0.6225729 -0.78068304 0.054193985
vn -0.62271029 -0.78085518 -0.049971078
vn -0.62020767 -0.77771616 -0.10246973
vn -0.6160202 -0.77246356 -0.15433441
vn -0.61601895 -0.77246469 -0.15433426
vn 8.0754558e-07 -1.1111622e-06 0.99999994
vn 8.0754569e-07 -1.1111623e-06 1
vn 1.1104888e-06 -9.6416397e-07 1
vn 5.3338744e-07 -5.0393669e-07 1
vn 0.42868555 0.89017397 0.15433444
vn 0.42868534 0.89017397 0.15433446
vn 0.43322581 0.8996014 0.055070814
vn 0.43148723 0.89599043 0.10497523
vn 0.43346369 0.9000988 -0.043947093
vn 0.42950419 0.89187521 -0.14172052
vn 0.42151085 0.87527698 -0.23710515
vn 0.40969977 0.85075057 -0.32919511
vn 0.39429724 0.8187654 -0.41731623
vn 0.37551439 0.77976316 -0.50095737
vn 0.35353291 0.73411906 -0.57972711
vn 0.32850003 0.68213797 -0.65328056
vn 0.30053625 0.62407029 -0.72125876
vn 0.26974848 0.56013894 -0.78324974
vn 0.23625723 0.49059325 -0.83874953
vn 0.200221 0.41576353 -0.88715971
vn 0.1618686 0.33612353 -0.92780358
vn 0.1215256 0.25235051 -0.95997435
vn 0.079632424 0.16535766 -0.98301345
vn 0.05676451 0.11787228 -0.99140507
vn 0.074688025 0.15509161 -0.98507273
vn 0.055753689 0.11577373 -0.99170959
vn 0.1147842 0.23835151 -0.96437192
vn 0.1535484 0.31884742 -0.93528569
vn 0.19059747 0.39578125 -0.89834839
vn 0.22564502 0.46855903 -0.85412925
vn 0.25847349 0.53672498 -0.80319226
vn 0.28892556 0.59995914 -0.74603683
vn 0.31688091 0.65801036 -0.68308777
vn 0.34222421 0.71064246 -0.61471128
vn 0.36484459 0.7575987 -0.54123253
vn 0.38458553 0.79861104 -0.46294117
vn 0.40130019 0.83331501 -0.38018975
vn 0.41478756 0.86131436 -0.29340905
vn 0.42483938 0.88217896 -0.20315501
vn 0.43124056 0.89548427 -0.11017906
vn 0.43383265 0.90086102 -0.01544574
vn 0.43366253 0.90050399 0.03208391
vn 0.43388274 0.90096939 2.0185786e-07
vn 0.43388295 0.90096921 1.9859152e-07
vn 0.055729568 0.11572378 0.99171674
vn 0.055729341 0.11572376 0.9917168
vn 0.12330446 -0.003894144 0.99236119
vn -0.021829654 -0.045329805 -0.99873346
vn -0.046982419 -0.097561993 0.99411988
vn -0.022683417 -0.047103897 0.99863237
vn -0.091724209 -0.19046792 0.97739899
vn -0.13507378 -0.2804842 0.95030719
vn -0.17647907 -0.36646217 0.91354287
vn -0.21552911 -0.44754964 0.86789781
vn -0.25193796 -0.52315462 0.81414771
vn -0.28551492 -0.59287643 0.75297987
vn -0.31611767 -0.6564244 0.68496484
vn -0.34362397 -0.7135421 0.61055726
vn -0.36789587 -0.763942 0.53013706
vn -0.38875741 -0.8072629 0.44406554
vn -0.40599114 -0.84304994 0.35275772
vn -0.41933689 -0.87076056 0.25677329
vn -0.42851049 -0.88981014 0.1568972
vn -0.43324628 -0.89964485 0.054191649
vn -0.43334076 -0.89984369 -0.049970761
vn -0.43159983 -0.89622664 -0.10246675
vn -0.42868578 -0.89017385 -0.15433423
vn -0.4286854 -0.89017409 -0.15433417
vn 0.21985461 0.96324712 0.15433446
vn 0.21985458 0.96324712 0.15433446
vn 0.22218293 0.9734484 0.055072974
vn 0.22129102 0.96954101 0.10497836
vn 0.22230661 0.97398573 -0.043949928
vn 0.22027512 0.96508747 -0.14172196
vn 0.2161753 0.94712746 -0.23710312
vn 0.21011791 0.92058742 -0.32919466
vn 0.20221831 0.88597709 -0.41731581
vn 0.19258602 0.84377325 -0.50095648
vn 0.18131264 0.79438126 -0.57972753
vn 0.16847394 0.73813254 -0.65328163
vn 0.15413259 0.67529881 -0.72125912
vn 0.13834284 0.60612029 -0.78324932
vn 0.1211666 0.53086561 -0.83874929
vn 0.1026853 0.44989261 -0.88715982
vn 0.083015971 0.36371568 -0.92780352
vn 0.062325552 0.27306533 -0.95997435
vn 0.040839761 0.17893137 -0.98301363
vn 0.029110996 0.12754861 -0.99140495
vn 0.038304232 0.16782312 -0.98507267
vn 0.0285939 0.12527822 -0.99170959
vn 0.058868263 0.25791723 -0.96437192
vn 0.078748919 0.34501928 -0.93528622
vn 0.097749017 0.42826891 -0.89834893
vn 0.11572369 0.50702333 -0.85412848
vn 0.13255942 0.58078837 -0.80318928
vn 0.14817986 0.64920765 -0.74603772
vn 0.16251405 0.71202481 -0.68308836
vn 0.17551288 0.76897657 -0.61471158
vn 0.18711366 0.81979138 -0.54123056
vn 0.19724105 0.86416227 -0.46294653
vn 0.20580932 0.90172029 -0.38018835
vn 0.21272844 0.93201911 -0.29340586
vn 0.21788011 0.95459825 -0.20315139
vn 0.2211661 0.96899188 -0.11018272
vn 0.22249287 0.97481197 -0.015446547
vn 0.22240558 0.97442621 0.032083124
vn 0.22251739 0.97492874 2.0409774e-07
vn 0.22252069 0.97492802 1.2743168e-07
vn 0.028581358 0.12522335 0.9917168
vn 0.02858093 0.12522338 0.9917168
vn 0.21009216 -0.046571702 0.97657168
vn -0.011195496 -0.049050849 -0.99873346
vn -0.0240948 -0.1055706 0.99411994
vn -0.011633841 -0.05097121 0.99863237
vn -0.047041174 -0.2061028 0.97739899
vn -0.069273852 -0.30350891 0.95030707
vn -0.090507954 -0.39654404 0.91354322
vn -0.11053588 -0.48428786 0.86789811
vn -0.12920812 -0.56610012 0.81414741
vn -0.1464285 -0.64154494 0.75297999
vn -0.16212372 -0.7103101 0.68496376
vn -0.17622954 -0.77211559 0.61055762
vn -0.18867803 -0.82665247 0.53013802
vn -0.19937715 -0.87353051 0.44406438
vn -0.20821559 -0.91225439 0.35275784
vn -0.21505947 -0.94223988 0.25677502
vn -0.21976438 -0.96285331 0.15689854
vn -0.22219484 -0.97349513 0.054191321
vn -0.22224256 -0.97370994 -0.04997227
vn -0.22134972 -0.96979642 -0.10246564
vn -0.21985468 -0.96324706 -0.15433419
vn -0.21985477 -0.96324706 -0.15433422
vn 6.8899271e-07 -8.273322e-07 1
vn 7.488044e-09 0.98801869 0.15433446
vn -4.3808001e-08 0.98801863 0.15433444
vn 1.7857268e-08 0.99848235 0.055072892
vn 2.5680248e-07 0.99447459 0.10497752
vn -2.0139569e-07 0.99903375 -0.043948885
vn -1.6210811e-07 0.98990661 -0.14172089
vn 3.2723685e-07 0.97148418 -0.23710428
vn 3.8443471e-07 0.94426155 -0.3291961
vn -1.2060024e-08 0.90876198 -0.41731489
vn 2.4514048e-07 0.86547202 -0.50095719
vn 2.2412134e-07 0.8148101 -0.57972795
vn -5.6000996e-08 0.75711542 -0.65328109
vn -7.0673089e-08 0.69266582 -0.72125864
vn 1.2402131e-07 0.62170786 -0.78324938
vn 1.3285469e-07 0.54451776 -0.83874935
vn -5.1784475e-08 0.46146283 -0.88715959
vn 1.3479657e-07 0.37306923 -0.92780358
vn 1.5200183e-07 0.2800878 -0.95997435
vn 2.3161328e-07 0.18353249 -0.98301363
vn 5.7843982e-07 0.13082768 -0.99140513
vn -3.8907356e-07 0.17214222 -0.98507214
vn -7.168311e-07 0.12850671 -0.9917087
vn 8.7832007e-08 0.26454955 -0.96437216
vn 9.3317851e-09 0.35389173 -0.93528634
vn -1.3141597e-07 0.43928349 -0.89834851
vn 3.0845717e-07 0.52006006 -0.85412973
vn -1.6920434e-07 0.59572178 -0.80319095
vn -4.181455e-07 0.66590774 -0.7460342
vn 9.802701e-07 0.73033601 -0.68308812
vn 1.1875971e-06 0.78875011 -0.61471379
vn -9.009654e-07 0.84087616 -0.54122746
vn 1.9042081e-07 0.88638633 -0.46294606
vn 1.1255445e-06 0.92490703 -0.3801935
vn 4.8188264e-07 0.95598882 -0.29340321
vn 2.0122645e-06 0.97914726 -0.2031517
vn 1.2947612e-06 0.99391145 -0.11018214
vn -1.6339254e-08 0.99988067 -0.015445727
vn 5.0634503e-07 0.99948508 0.032087736
vn -1.7128277e-06 1 1.2037742e-07
vn 1.8479836e-06 1 4.3711466e-08
vn -5.3050801e-08 0.12844372 0.99171686
vn -1.9831879e-07 0.12844378 0.99171686
vn 0.9973802 -0.003639535 -0.072246358
vn 5.3587428e-08 -0.050312281 -0.99873346
vn -1.224376e-07 -0.10828583 0.99411982
vn -2.4491458e-08 -0.052281968 0.99863231
vn 2.3629077e-07 -0.2114028 0.97739905
vn -6.9718205e-08 -0.31131405 0.95030713
vn 3.3647126e-08 -0.40674213 0.91354299
vn 3.6247275e-08 -0.49674192 0.86789829
vn -1.3011945e-07 -0.58065838 0.81414735
vn 8.2705455e-08 -0.65804416 0.75297946
vn 3.9740274e-07 -0.72857654 0.68496448
vn -1.575235e-07 -0.79197192 0.61055732
vn -2.4504828e-07 -0.8479116 0.53013754
vn -1.0094082e-08 -0.89599472 0.44406468
vn -1.9946697e-07 -0.9357149 0.35275719
vn -1.8470988e-07 -0.96647125 0.25677496
vn 2.6710062e-08 -0.98761463 0.15689908
vn -7.0602255e-08 -0.99853045 0.054193098
vn -5.6680216e-07 -0.99875057 -0.049972381
vn -4.2280271e-07 -0.99473625 -0.10246819
vn -1.4029362e-07 -0.98801863 -0.15433419
vn -2.6790367e-08 -0.98801869 -0.15433416
vn 1.9529132e-06 -4.9943361e-07 1
vn -7.2682172e-07 -6.1064852e-06 1
vn 1.0256561e-07 -5.4567149e-06 1
vn -0.21985464 0.96324706 0.15433446
vn -0.21985401 0.96324724 0.15433438
vn -0.22218312 0.9734484 0.055072341
vn -0.2212916 0.96954089 0.10497833
vn -0.22230524 0.97398591 -0.043949947
vn -0.22027515 0.96508741 -0.14172165
vn -0.21617578 0.94712746 -0.23710267
vn -0.21011817 0.92058754 -0.32919431
vn -0.20221858 0.88597703 -0.4173156
vn -0.19258571 0.84377295 -0.50095707
vn -0.18131258 0.7943815 -0.57972741
vn -0.16847317 0.73813248 -0.65328187
vn -0.15413262 0.67529881 -0.72125912
vn -0.13834293 0.60612047 -0.78324914
vn -0.12116629 0.53086579 -0.83874935
vn -0.10268474 0.44989267 -0.88715982
vn -0.083015852 0.36371583 -0.9278034
vn -0.062325601 0.27306545 -0.95997435
vn -0.040839899 0.17893131 -0.98301363
vn -0.029111246 0.12754807 -0.99140519
vn -0.038304273 0.16782314 -0.98507273
vn -0.028592866 0.12527859 -0.99170947
vn -0.058867756 0.25791633 -0.96437228
vn -0.078748599 0.34501925 -0.93528622
vn -0.097751044 0.42826989 -0.89834833
vn -0.1157252 0.50702178 -0.85412914
vn -0.13255823 0.58078629 -0.80319095
vn -0.14817923 0.64921176 -0.74603426
vn -0.16251758 0.71202636 -0.68308616
vn -0.17551455 0.76897418 -0.61471409
vn -0.18711011 0.81979007 -0.54123378
vn -0.19724038 0.86416322 -0.46294504
vn -0.20581084 0.90171927 -0.38018981
vn -0.21272539 0.93202132 -0.29340076
vn -0.21788079 0.95459855 -0.20314902
vn -0.22116472 0.96899199 -0.11018474
vn -0.22248931 0.97481269 -0.015450789
vn -0.22241402 0.974424 0.032092117
vn -0.2225264 0.97492665 3.2888458e-08
vn -0.22252609 0.97492671 3.2888476e-08
vn -0.02858144 0.12522338 0.99171686
vn -0.028582167 0.12522309 0.99171686
vn 0.2243906 -0.049029298 -0.97326517
vn 0.011195587 -0.049050856 -0.99873352
vn 0.024095198 -0.10557132 0.99411976
vn 0.011633346 -0.050970726 0.99863243
vn 0.047041457 -0.20610248 0.97739905
vn 0.069273926 -0.30350861 0.95030707
vn 0.090508342 -0.39654481 0.91354269
vn 0.1105359 -0.48428702 0.86789858
vn 0.12920859 -0.56609994 0.81414747
vn 0.14642878 -0.64154595 0.75297898
vn 0.16212353 -0.71030992 0.684964
vn 0.17622988 -0.77211475 0.61055857
vn 0.18867816 -0.82665241 0.53013802
vn 0.1993773 -0.87353051 0.44406426
vn 0.20821613 -0.91225433 0.35275805
vn 0.21505938 -0.9422397 0.25677559
vn 0.21976481 -0.96285325 0.15689804
vn 0.22219318 -0.97349542 0.054193012
vn 0.22224282 -0.97370988 -0.049971405
vn 0.2213486 -0.96979618 -0.10247019
vn 0.21985437 -0.96324706 -0.15433416
vn 0.2198543 -0.96324712 -0.15433417
vn 6.3939677e-07 -6.1064852e-06 1
vn 6.3939672e-07 -6.1064852e-06 1
vn 2.1151939e-06 4.4902939e-07 1
vn 1.035737e-06 2.0265804e-07 1
vn -0.42868575 0.89017379 0.15433444
vn -0.42868495 0.89017427 0.15433434
vn -0.43322527 0.89960152 0.055072036
vn -0.4314864 0.89599073 0.10497639
vn -0.43346399 0.9000985 -0.043949407
vn -0.42950416 0.89187509 -0.14172141
vn -0.42151099 0.87527722 -0.23710378
vn -0.40969992 0.85075068 -0.32919493
vn -0.39429769 0.81876576 -0.41731519
vn -0.375514 0.77976298 -0.50095803
vn -0.35353369 0.73411882 -0.57972717
vn -0.32850054 0.68213743 -0.65328091
vn -0.30053505 0.62406969 -0.72125971
vn -0.26974896 0.56014007 -0.78324884
vn -0.23625761 0.49059367 -0.83874911
vn -0.20022133 0.41576317 -0.88715982
vn -0.1618685 0.33612379 -0.92780358
vn -0.12152516 0.25235033 -0.95997441
vn -0.079632103 0.16535735 -0.98301357
vn -0.056764398 0.11787265 -0.99140501
vn -0.074687369 0.15509127 -0.98507285
vn -0.055753168 0.11577297 -0.99170983
vn -0.11478372 0.2383505 -0.96437222
vn -0.15354836 0.31884637 -0.93528599
vn -0.19059813 0.39578074 -0.89834845
vn -0.22564805 0.46856102 -0.85412729
vn -0.25847781 0.53672922 -0.80318803
vn -0.2889232 0.59995604 -0.7460404
vn -0.31688011 0.65800953 -0.6830889
vn -0.34222907 0.71064073 -0.61471045
vn -0.36484492 0.75759989 -0.54123056
vn -0.38458872 0.79860604 -0.46294713
vn -0.40130299 0.83331573 -0.38018519
vn -0.41478932 0.86131686 -0.29339936
vn -0.42484152 0.88217813 -0.2031533
vn -0.4312456 0.89548153 -0.11018218
vn -0.43383092 0.90086168 -0.015457173
vn -0.43365872 0.90050632 0.032070503
vn -0.43388951 0.90096605 2.0416564e-08
vn -0.43388921 0.90096617 2.041658e-08
vn -0.055729702 0.11572374 0.99171674
vn -0.05573073 0.11572342 0.99171674
vn 0.016722007 -0.04778865 -0.99871749
vn 0.021829741 -0.045329794 -0.99873352
vn 0.046982981 -0.097562872 0.99411976
vn 0.022683665 -0.047103096 0.99863243
vn 0.091723993 -0.19046795 0.97739899
vn 0.13507383 -0.28048381 0.95030725
vn 0.17647867 -0.3664628 0.91354269
vn 0.21552803 -0.44754916 0.86789829
vn 0.25193861 -0.52315515 0.81414717
vn 0.28551465 -0.59287667 0.75297976
vn 0.31611758 -0.65642428 0.6849649
vn 0.34362319 -0.71354187 0.61055803
vn 0.3678956 -0.76394194 0.53013724
vn 0.38875753 -0.80726415 0.44406325
vn 0.40599129 -0.84304941 0.35275874
vn 0.41933677 -0.87075979 0.25677636
vn 0.42850968 -0.88981026 0.15689841
vn 0.43324602 -0.89964491 0.0541922
vn 0.43334201 -0.89984304 -0.049971052
vn 0.43160141 -0.89622587 -0.1024666
vn 0.4286854 -0.89017403 -0.15433422
vn 0.42868584 -0.89017379 -0.15433419
vn -0.61601996 0.77246374 0.15433425
vn -0.61601955 0.77246416 0.15433419
vn -0.62254417 0.7806443 0.055074584
vn -0.62004524 0.7775107 0.10498063
vn -0.62288713 0.78107619 -0.043949716
vn -0.61719638 0.77394021 -0.14172211
vn -0.60571074 0.7595368 -0.23710375
vn -0.58873725 0.73825359 -0.32919618
vn -0.56660384 0.71049857 -0.41731536
vn -0.53961313 0.67665309 -0.50095725
vn -0.50802583 0.63704425 -0.57972807
vn -0.47205436 0.59193665 -0.65328062
vn -0.43187034 0.54154819 -0.72125822
vn -0.38762817 0.4860709 -0.78324938
vn -0.33950078 0.42572019 -0.83874995
vn -0.28771684 0.36078569 -0.88715988
vn -0.23260556 0.29167774 -0.92780316
vn -0.17463219 0.21898161 -0.95997429
vn -0.11442973 0.1434918 -0.98301369
vn -0.081570879 0.10228586 -0.99140501
vn -0.10732639 0.13458328 -0.98507279
vn -0.080118321 0.10046501 -0.99170953
vn -0.16494186 0.20683192 -0.96437275
vn -0.22064589 0.27668455 -0.93528658
vn -0.27389011 0.34344661 -0.89834768
vn -0.32425073 0.40659857 -0.85413063
vn -0.37143072 0.46575573 -0.80318803
vn -0.41518861 0.52062321 -0.74603611
vn -0.45535672 0.57100117 -0.68308705
vn -0.49177963 0.61666971 -0.61471224
vn -0.52427197 0.65742016 -0.54123729
vn -0.55265701 0.69300467 -0.46294138
vn -0.57667053 0.72312593 -0.38018414
vn -0.59604996 0.7474218 -0.2934024
vn -0.61049068 0.76552331 -0.20316292
vn -0.61970145 0.77706605 -0.11017499
vn -0.6234203 0.78173423 -0.015445965
vn -0.62315798 0.78143865 0.032055166
vn -0.62348282 0.78183687 6.9218746e-09
vn -0.62348074 0.78183866 -5.0361042e-08
vn -0.080083482 0.10042119 0.99171674
vn -0.080083065 0.10042204 0.99171674
vn 0.026936769 -0.042869482 -0.99871749
vn 0.03136931 -0.039335683 -0.99873358
vn 0.067514807 -0.084660813 0.99411994
vn 0.032596301 -0.040874761 0.99863243
vn 0.13180755 -0.16528222 0.97739887
vn 0.19410077 -0.24339482 0.95030725
vn 0.25359994 -0.31800422 0.91354269
vn 0.30971393 -0.3883689 0.86789787
vn 0.36203495 -0.45397702 0.81414717
vn 0.4102838 -0.51447916 0.75297976
vn 0.45425993 -0.56962305 0.68496543
vn 0.4937869 -0.61918861 0.61055708
vn 0.52866465 -0.66292334 0.53013802
vn 0.55864376 -0.70051664 0.4440648
vn 0.58340842 -0.73157203 0.35275635
vn 0.60258508 -0.7556169 0.25677669
vn 0.61576825 -0.77214742 0.15690093
vn 0.62257391 -0.78068233 0.054191165
vn 0.62271029 -0.78085494 -0.049973797
vn 0.62020755 -0.7777164 -0.1024683
vn 0.61601901 -0.77246457 -0.15433417
vn 0.61601967 -0.77246404 -0.15433407
vn -8.2243622e-07 -7.271978e-07 0.99999994
vn -0.77246416 0.61601949 0.15433419
vn -0.77246344 0.61602044 0.15433401
vn -0.78064477 0.62254357 0.055074226
vn -0.77751076 0.62004578 0.10497799
vn -0.78107649 0.62288702 -0.043946639
vn -0.77393949 0.61719686 -0.14172395
vn -0.75953686 0.60571063 -0.23710422
vn -0.73825371 0.58873773 -0.3291949
vn -0.71049851 0.56660336 -0.41731605
vn -0.67665356 0.53961289 -0.50095707
vn -0.63704431 0.50802588 -0.57972765
vn -0.59193581 0.47205409 -0.65328169
vn -0.54154825 0.43187058 -0.72125816
vn -0.48607072 0.38762814 -0.78324944
vn -0.42572024 0.33950037 -0.83875006
vn -0.36078653 0.28771731 -0.88715953
vn -0.29167783 0.23260513 -0.92780328
vn -0.21898136 0.17463227 -0.95997441
vn -0.14349166 0.11443099 -0.98301363
vn -0.10228477 0.081570007 -0.99140507
vn -0.13458456 0.1073274 -0.98507255
vn -0.10046706 0.080119677 -0.99170923
vn -0.20683558 0.16494565 -0.9643712
vn -0.27668238 0.22064716 -0.93528694
vn -0.34343976 0.27388659 -0.89835131
vn -0.40659946 0.32425141 -0.85412985
vn -0.46575302 0.37142646 -0.80319148
vn -0.52062732 0.41518524 -0.7460351
vn -0.57100141 0.45535964 -0.68308496
vn -0.61667198 0.49178037 -0.6147095
vn -0.65742034 0.52427387 -0.54123515
vn -0.69300336 0.55265594 -0.46294463
vn -0.72312921 0.5766688 -0.38018066
vn -0.74742955 0.59603965 -0.29340383
vn -0.76552588 0.61048621 -0.20316683
vn -0.77706629 0.61969918 -0.11018516
vn -0.78174126 0.62341207 -0.015430733
vn -0.78143197 0.62316442 0.032097969
vn -0.78182817 0.62349403 -5.1542631e-08
vn -0.78182644 0.62349612 -1.0677344e-07
vn -0.10042164 0.08008305 0.9917168
vn -0.10042108 0.080083698 0.9917168
vn 0.03580083 -0.035800613 -0.99871743
vn 0.039336003 -0.031368949 -0.99873352
vn 0.084660664 -0.067515045 0.99411988
vn 0.040874526 -0.03259642 0.99863249
vn 0.16528121 -0.13180827 0.97739893
vn 0.24339464 -0.19410121 0.95030713
vn 0.31800455 -0.25360048 0.91354251
vn 0.38836867 -0.30971408 0.86789805
vn 0.45397672 -0.36203477 0.81414735
vn 0.51447904 -0.41028386 0.75297964
vn 0.56962323 -0.4542602 0.68496501
vn 0.61918831 -0.49378669 0.61055762
vn 0.66292387 -0.52866369 0.53013849
vn 0.70051658 -0.55864358 0.44406521
vn 0.73157096 -0.58340913 0.35275742
vn 0.7556172 -0.60258538 0.25677526
vn 0.77214795 -0.61576837 0.1568975
vn 0.78068256 -0.62257344 0.054193933
vn 0.7808547 -0.62271106 -0.049970008
vn 0.7777161 -0.62020826 -0.1024667
vn 0.77246344 -0.61602056 -0.15433411
vn 0.77246368 -0.61602014 -0.15433407
vn -1.6448756e-06 -1.3206097e-06 1
vn -1.4243839e-06 -1.7750124e-06 1
vn -7.3404732e-07 -9.093614e-07 1
vn -0.89017403 0.42868558 0.15433395
vn -0.89017439 0.42868477 0.15433414
vn -0.89960152 0.43322513 0.055073731
vn -0.89599043 0.43148512 0.10498431
vn -0.90009844 0.43346432 -0.043948743
vn -0.89187539 0.42950362 -0.14172164
vn -0.8752768 0.42151141 -0.23710471
vn -0.85075045 0.40969995 -0.32919553
vn -0.81876475 0.39429671 -0.41731805
vn -0.7797634 0.37551448 -0.50095707
vn -0.73412007 0.35353333 -0.57972574
vn -0.68213779 0.32850048 -0.65328068
vn -0.62406933 0.30053654 -0.72125947
vn -0.56013936 0.26974851 -0.78324944
vn -0.49059182 0.23625691 -0.83875042
vn -0.41576314 0.20022139 -0.88715971
vn -0.33612439 0.16186915 -0.92780316
vn -0.25235096 0.12152585 -0.95997423
vn -0.1653567 0.079631902 -0.98301369
vn -0.11787125 0.056764007 -0.99140513
vn -0.15509284 0.074688844 -0.98507243
vn -0.11577593 0.055755284 -0.99170929
vn -0.23834947 0.11478316 -0.96437252
vn -0.3188462 0.15354756 -0.93528622
vn -0.39577883 0.19059598 -0.89834976
vn -0.46855253 0.22564539 -0.85413271
vn -0.53673047 0.25847405 -0.80318838
vn -0.59995908 0.28892726 -0.74603623
vn -0.65801471 0.31688479 -0.68308169
vn -0.71064228 0.34222254 -0.61471242
vn -0.75759923 0.36483794 -0.54123628
vn -0.79860741 0.38458702 -0.46294606
vn -0.83331114 0.40129897 -0.38019946
vn -0.86131734 0.41478372 -0.29340598
vn -0.88218635 0.42482981 -0.2031429
vn -0.89548707 0.43123704 -0.11017072
vn -0.90086061 0.43383357 -0.0154483
vn -0.90050769 0.43365449 0.032089815
vn -0.90097427 0.43387249 -9.0005827e-08
vn -0.90097421 0.43387255 -8.8272003e-08
vn -0.1157241 0.055729423 0.99171674
vn -0.11572438 0.055728175 0.9917168
vn 0.042869907 -0.02693627 -0.99871743
vn 0.045330111 -0.021829467 -0.99873352
vn 0.097561538 -0.04698291 0.99411994
vn 0.047103111 -0.022683835 0.99863249
vn 0.1904676 -0.091724157 0.97739887
vn 0.28048372 -0.13507424 0.95030725
vn 0.36646244 -0.1764795 0.91354263
vn 0.44754896 -0.21552859 0.86789817
vn 0.52315527 -0.25193891 0.814147
vn 0.59287637 -0.28551483 0.75297999
vn 0.65642297 -0.31611717 0.68496621
vn 0.71354234 -0.34362495 0.61055654
vn 0.76394236 -0.36789659 0.53013605
vn 0.80726218 -0.38875684 0.44406751
vn 0.84305012 -0.40599164 0.35275692
vn 0.87076026 -0.4193362 0.25677559
vn 0.88980997 -0.42850971 0.15690038
vn 0.89964455 -0.43324709 0.054192368
vn 0.89984286 -0.43334216 -0.04997202
vn 0.89622623 -0.43160009 -0.10246956
vn 0.89017403 -0.42868534 -0.15433401
vn 0.89017421 -0.42868504 -0.15433401
vn -3.1374967e-07 -6.7949765e-07 0.99999994
vn -0.96324676 0.21985546 0.15433408
vn -0.96324712 0.2198543 0.15433417
vn -0.97344822 0.222183 0.055074058
vn -0.96954107 0.22129236 0.10497575
vn -0.97398585 0.22230595 -0.043948963
vn -0.96508753 0.22027439 -0.14172281
vn -0.94712788 0.21617487 -0.23710208
vn -0.92058724 0.21011792 -0.32919532
vn -0.88597667 0.20221879 -0.41731629
vn -0.84377271 0.19258633 -0.50095719
vn -0.79438204 0.18131283 -0.57972664
vn -0.73813367 0.16847426 -0.65328032
vn -0.67529732 0.1541326 -0.72126031
vn -0.60611945 0.1383429 -0.78324991
vn -0.53086525 0.12116682 -0.83874947
vn -0.4498924 0.10268607 -0.88715965
vn -0.3637163 0.08301615 -0.92780316
vn -0.27306521 0.062325504 -0.95997441
vn -0.17893125 0.040839456 -0.98301363
vn -0.12754714 0.029112363 -0.99140507
vn -0.167822 0.038304243 -0.98507297
vn -0.12528005 0.028594464 -0.99170929
vn -0.25791612 0.058867138 -0.96437222
vn -0.34501794 0.078747734 -0.9352867
vn -0.42827237 0.097750157 -0.89834726
vn -0.50701731 0.11572605 -0.8541317
vn -0.58078104 0.13256331 -0.80319387
vn -0.64921784 0.14817801 -0.74602908
vn -0.71202427 0.16251685 -0.68308836
vn -0.76896751 0.17551424 -0.61472255
vn -0.81979269 0.1871087 -0.5412305
vn -0.86416399 0.19723853 -0.46294457
vn -0.90171868 0.20580924 -0.38019213
vn -0.93202275 0.21272722 -0.29339531
vn -0.95459509 0.2178878 -0.20315769
vn -0.96899045 0.22117205 -0.11018356
vn -0.97481322 0.22248761 -0.015438861
vn -0.97442514 0.22241203 0.032069866
vn -0.97492754 0.2225229 -6.7640642e-08
vn -0.97492748 0.22252266 -5.921137e-08
vn -0.12522356 0.028581396 0.99171686
vn -0.12522379 0.028581465 0.99171674
vn 0.047788858 -0.01672196 -0.99871749
vn 0.049051058 -0.011195538 -0.99873352
vn 0.10557054 -0.024095906 0.99411988
vn 0.050969765 -0.011633532 0.99863243
vn 0.20610277 -0.047041066 0.97739899
vn 0.30350751 -0.069272861 0.95030755
vn 0.39654478 -0.09050864 0.91354281
vn 0.48428887 -0.11053593 0.86789751
vn 0.56609988 -0.12920825 0.81414741
vn 0.6415444 -0.14642841 0.75298035
vn 0.71030873 -0.16212299 0.68496543
vn 0.77211541 -0.17622964 0.61055797
vn 0.82665288 -0.18867809 0.53013742
vn 0.87353051 -0.19937785 0.44406423
vn 0.91225469 -0.20821634 0.35275683
vn 0.94223976 -0.21506019 0.25677478
vn 0.96285301 -0.21976414 0.15690048
vn 0.97349548 -0.22219282 0.054194175
vn 0.97371018 -0.22224189 -0.049971554
vn 0.96979594 -0.22134918 -0.10247198
vn 0.96324718 -0.21985434 -0.15433395
vn 0.96324724 -0.21985419 -0.15433393
vn -6.3609895e-07 -1.2738227e-06 0.99999994
vn -6.36099e-07 -1.2738228e-06 1
vn -3.7221889e-07 -1.4829811e-06 1
vn -2.0796486e-07 -7.6334504e-07 1
vn -0.98195279 0.11063994 0.15338682
vn -0.98195255 0.11064225 0.15338652
vn -0.98195255 0.11064225 0.15338652
vn -0.98828989 0.11135436 0.10432271
vn -0.98828989 0.11135397 0.10432373
vn -0.99369776 0.11196318 0.0053902818
vn -0.9936977 0.1119637 0.005388801
vn -0.99369764 0.1119637 0.005388801
vn -0.989411 0.11148116 -0.0929396
vn -0.98941141 0.11148021 -0.092936836
vn -0.98941147 0.11148023 -0.092936844
vn -0.97572517 0.10993652 -0.18940508
vn -0.97572356 0.10993899 -0.18941225
vn -0.97572351 0.10993899 -0.18941225
vn -0.95308125 0.1073864 -0.28302717
vn -0.9530822 0.10738534 -0.2830241
vn -0.95308226 0.10738535 -0.2830241
vn -0.92197764 0.103882 -0.37304938
vn -0.9219777 0.10388192 -0.37304911
vn -0.9219777 0.10388191 -0.37304911
vn -0.88290912 0.099481747 -0.4588846
vn -0.88291126 0.099480279 -0.45888066
vn -0.88291121 0.099480271 -0.4588806
vn -0.83629709 0.094227135 -0.54011893
vn -0.83629334 0.094229348 -0.54012448
vn -0.78249311 0.088166311 -0.6163857
vn -0.7824952 0.088165194 -0.61638314
vn -0.7824952 0.088165201 -0.61638319
vn -0.72176683 0.081323698 -0.68734211
vn -0.72176617 0.081324026 -0.6873427
vn -0.72176623 0.081324033 -0.68734282
vn -0.65435272 0.073728912 -0.75258654
vn -0.65435433 0.073728114 -0.75258523
vn -0.65435433 0.073728107 -0.75258523
vn -0.58048522 0.06540519 -0.81163973
vn -0.58048403 0.065405801 -0.8116405
vn -0.50045216 0.056390159 -0.86392581
vn -0.50045609 0.056388076 -0.86392367
vn -0.50045609 0.05638808 -0.86392361
vn -0.41470006 0.046724513 -0.90875775
vn -0.41469541 0.046727221 -0.90875971
vn -0.41469547 0.046727225 -0.90875977
vn -0.323854 0.036490168 -0.94540304
vn -0.32385567 0.036489028 -0.94540256
vn -0.3238557 0.036489032 -0.94540262
vn -0.2288322 0.025781918 -0.97312438
vn -0.22883031 0.025783418 -0.97312474
vn -0.22883032 0.025783423 -0.97312486
vn -0.13081299 0.014739832 -0.99129748
vn -0.13081425 0.014738514 -0.99129736
vn -0.13081424 0.014738514 -0.99129725
vn -0.12848879 0.014476977 -0.99160528
vn -0.12848547 0.014477569 -0.99160576
vn -0.12848547 0.014477569 -0.9916057
vn -0.22188789 0.02500027 -0.97475159
vn -0.22188772 0.025000298 -0.97475159
vn -0.22188774 0.0250003 -0.97475171
vn -0.31261322 0.035222355 -0.94922733
vn -0.31261319 0.035222337 -0.94922721
vn -0.31261322 0.03522234 -0.94922721
vn -0.39962277 0.045027565 -0.91557318
vn -0.39962769 0.045026317 -0.91557109
vn -0.39962763 0.045026317 -0.91557103
vn -0.48220894 0.054332931 -0.8743698
vn -0.48220879 0.054332953 -0.8743698
vn -0.48220879 0.054332953 -0.87436986
vn -0.55974197 0.063076735 -0.82626277
vn -0.55975902 0.063070878 -0.82625169
vn -0.63191181 0.071199685 -0.77176285
vn -0.6318931 0.071207359 -0.77177757
vn -0.6318931 0.071207359 -0.77177763
vn -0.69835979 0.078680478 -0.71140927
vn -0.69834954 0.078685425 -0.71141863
vn -0.6983496 0.078685433 -0.71141875
vn -0.75886071 0.08551567 -0.64561409
vn -0.75888759 0.085499823 -0.64558458
vn -0.75888765 0.085499831 -0.64558458
vn -0.81322277 0.091632046 -0.57469326
vn -0.8132112 0.09164039 -0.57470834
vn -0.86118263 0.097031981 -0.49894804
vn -0.86117876 0.097035594 -0.49895439
vn -0.86117864 0.097035587 -0.4989543
vn -0.90237063 0.10168183 -0.41879356
vn -0.90237796 0.10167358 -0.41877979
vn -0.90237796 0.10167359 -0.41877973
vn -0.93649215 0.10551282 -0.33443901
vn -0.93648326 0.10552575 -0.33445975
vn -0.93648332 0.10552575 -0.33445978
vn -0.96304464 0.10849434 -0.24652389
vn -0.96303976 0.10850389 -0.24653858
vn -0.96303976 0.10850389 -0.24653859
vn -0.9816016 0.11064171 -0.1556168
vn -0.98162067 0.11058705 -0.15553609
vn -0.99177599 0.11173727 -0.062412269
vn -0.9917658 0.11178737 -0.062483549
vn -0.99176586 0.11178736 -0.062483549
vn -0.99320531 0.11192802 0.031864326
vn -0.99320728 0.11189852 0.031904876
vn -0.9932074 0.11189853 0.031904876
vn -0.9937098 0.11198563 -5.6190768e-08
vn -0.99370992 0.11198489 -3.8541426e-08
vn -0.99370992 0.11198488 -3.854143e-08
vn -0.12843044 0.014470668 0.99161303
vn -0.12843049 0.014473394 0.99161291
vn -0.12843049 0.014473394 0.99161285
vn 0.050311681 -0.0056687579 -0.99871743
vn 0.050311681 -0.0056687579 -0.99871749
vn 0.052279655 -0.0058906171 0.99861515
vn 0.052279614 -0.0058905361 0.99861509
vn 0.052279606 -0.0058905357 0.99861509
vn 0.15657376 -0.017641716 0.98750859
vn 0.15657386 -0.017641908 0.98750865
vn 0.25842324 -0.029117476 0.96559286
vn 0.25842273 -0.02911685 0.96559304
vn 0.25842273 -0.029116848 0.96559304
vn 0.35633594 -0.040147945 0.93349504
vn 0.3563377 -0.040149834 0.93349421
vn 0.35633776 -0.040149838 0.93349427
vn 0.44917327 -0.0506103 0.89201003
vn 0.44917026 -0.050607447 0.89201176
vn 0.44917029 -0.050607443 0.89201176
vn 0.536107 -0.060404334 0.84198618
vn 0.53610826 -0.060405545 0.84198505
vn 0.53610837 -0.060405556 0.84198517
vn 0.61661023 -0.069476679 0.78419691
vn 0.61660761 -0.069474518 0.784199
vn 0.61660767 -0.069474518 0.78419906
vn 0.69030911 -0.077778265 0.71932185
vn 0.69031239 -0.077781096 0.71931839
vn 0.69031233 -0.077781089 0.71931839
vn 0.75694823 -0.085287526 0.64788544
vn 0.75694692 -0.085286446 0.64788699
vn 0.75694692 -0.085286438 0.64788693
vn 0.81624693 -0.091968626 0.57033563
vn 0.81624728 -0.091968901 0.57033521
vn 0.86789477 -0.097787052 0.48702815
vn 0.8678956 -0.097788006 0.48702633
vn 0.86789572 -0.097788021 0.48702639
vn 0.91146618 -0.10269794 0.39835003
vn 0.91146457 -0.10269611 0.39835379
vn 0.91146457 -0.10269611 0.39835376
vn 0.94643909 -0.10664032 0.30476353
vn 0.9464379 -0.10663828 0.30476829
vn 0.97220701 -0.10954069 0.20691676
vn 0.97220826 -0.10954387 0.20690897
vn 0.97220814 -0.10954386 0.20690894
vn 0.98814672 -0.11133765 0.10568761
vn 0.9881466 -0.11133662 0.10569027
vn 0.9881466 -0.11133663 0.10569027
vn 0.99370998 -0.11196144 0.0022798458
vn 0.99370962 -0.11196445 0.00227195
vn 0.99370968 -0.11196446 0.0022719502
vn 0.98854637 -0.11138184 -0.10183452
vn 0.98854709 -0.11137974 -0.10182904
vn 0.98854709 -0.11137973 -0.10182902
vn 0.98195297 -0.1106385 -0.15338635
vn 0.98195297 -0.11063886 -0.1533864

# Mesh 'Color130.0' with 3304 faces
g Color130.0
usemtl Metal_Chrome
f  1/1/1 2/2/2 3/3/3
f  1/1/1 3/3/3 4/4/4
f  2/2/5 5/5/6 6/6/7
f  2/2/5 6/6/7 3/3/8
f  5/5/6 7/7/9 8/8/10
f  5/5/6 8/8/10 6/6/7
f  7/7/9 9/9/11 10/10/12
f  7/7/9 10/10/12 8/8/10
f  9/9/11 11/11/13 12/12/14
f  9/9/11 12/12/14 10/10/12
f  11/11/13 13/13/15 14/14/16
f  11/11/13 14/14/16 12/12/14
f  13/13/15 15/15/17 16/16/18
f  13/13/15 16/16/18 14/14/16
f  15/15/17 17/17/19 18/18/20
f  15/15/17 18/18/20 16/16/18
f  17/17/19 19/19/21 20/20/22
f  17/17/19 20/20/22 18/18/20
f  19/19/21 21/21/23 22/22/24
f  19/19/21 22/22/24 20/20/22
f  21/21/23 23/23/25 24/24/26
f  21/21/23 24/24/26 22/22/24
f  23/23/25 25/25/27 26/26/28
f  23/23/25 26/26/28 24/24/26
f  25/25/27 27/27/29 28/28/30
f  25/25/27 28/28/30 26/26/28
f  27/27/29 29/29/31 30/30/32
f  27/27/29 30/30/32 28/28/30
f  29/29/31 31/31/33 32/32/34
f  29/29/31 32/32/34 30/30/32
f  31/31/33 33/33/35 34/34/36
f  31/31/33 34/34/36 32/32/34
f  33/33/35 35/35/37 36/36/38
f  33/33/35 36/36/38 34/34/36
f  35/35/37 37/37/39 38/38/40
f  35/35/37 38/38/40 36/36/38
f  37/37/41 39/39/42 40/40/43
f  37/37/41 40/40/43 38/38/44
f  39/39/42 41/41/45 42/42/46
f  39/39/42 42/42/46 40/40/43
f  41/41/45 43/43/47 44/44/48
f  41/41/45 44/44/48 42/42/46
f  43/43/47 45/45/49 46/46/50
f  43/43/47 46/46/50 44/44/48
f  45/45/49 47/47/51 48/48/52
f  45/45/49 48/48/52 46/46/50
f  47/47/51 49/49/53 50/50/54
f  47/47/51 50/50/54 48/48/52
f  49/49/53 51/51/55 52/52/56
f  49/49/53 52/52/56 50/50/54
f  51/51/55 53/53/57 54/54/58
f  51/51/55 54/54/58 52/52/56
f  53/53/57 55/55/59 56/56/60
f  53/53/57 56/56/60 54/54/58
f  55/55/59 57/57/61 58/58/62
f  55/55/59 58/58/62 56/56/60
f  57/57/61 59/59/63 60/60/64
f  57/57/61 60/60/64 58/58/62
f  59/59/63 61/61/65 62/62/66
f  59/59/63 62/62/66 60/60/64
f  61/61/65 63/63/67 64/64/68
f  61/61/65 64/64/68 62/62/66
f  63/63/67 65/65/69 66/66/70
f  63/63/67 66/66/70 64/64/68
f  65/65/69 67/67/71 68/68/72
f  65/65/69 68/68/72 66/66/70
f  67/67/71 69/69/73 70/70/74
f  67/67/71 70/70/74 68/68/72
f  69/69/73 71/71/75 72/72/76
f  69/69/73 72/72/76 70/70/74
f  71/71/77 73/73/78 74/74/79
f  71/71/77 74/74/79 72/72/80
f  73/73/81 75/75/82 76/76/83
f  73/73/81 76/76/83 74/74/84
f  75/75/85 77/77/86 77/78/87
f  75/75/85 77/78/87 76/76/88
f  77/77/86 78/79/86 78/80/86
f  77/77/86 78/80/86 77/78/86
f  78/79/89 79/81/89 80/82/90
f  78/79/89 80/82/90 78/80/90
f  79/81/91 81/83/92 82/84/93
f  79/81/91 82/84/93 80/82/94
f  81/83/92 83/85/95 84/86/96
f  81/83/92 84/86/96 82/84/93
f  83/85/95 85/87/97 86/88/98
f  83/85/95 86/88/98 84/86/96
f  85/87/97 87/89/99 88/90/100
f  85/87/97 88/90/100 86/88/98
f  87/89/99 89/91/101 90/92/102
f  87/89/99 90/92/102 88/90/100
f  89/91/101 91/93/103 92/94/104
f  89/91/101 92/94/104 90/92/102
f  91/93/103 93/95/105 94/96/106
f  91/93/103 94/96/106 92/94/104
f  93/95/105 95/97/107 96/98/108
f  93/95/105 96/98/108 94/96/106
f  95/97/107 97/99/109 98/100/110
f  95/97/107 98/100/110 96/98/108
f  97/99/109 99/101/111 100/102/112
f  97/99/109 100/102/112 98/100/110
f  99/101/111 101/103/113 102/104/114
f  99/101/111 102/104/114 100/102/112
f  101/103/113 103/105/115 104/106/116
f  101/103/113 104/106/116 102/104/114
f  103/105/115 105/107/117 106/108/118
f  103/105/115 106/108/118 104/106/116
f  105/107/117 107/109/119 108/110/120
f  105/107/117 108/110/120 106/108/118
f  107/109/119 109/111/121 110/112/122
f  107/109/119 110/112/122 108/110/120
f  109/111/121 111/113/123 112/114/124
f  109/111/121 112/114/124 110/112/122
f  111/113/123 113/115/125 114/116/126
f  111/113/123 114/116/126 112/114/124
f  113/115/127 115/117/128 116/118/129
f  113/115/127 116/118/129 114/116/130
f  115/117/90 1/119/90 4/120/90
f  115/117/90 4/120/90 116/118/90
f  4/4/4 3/3/3 117/121/131
f  4/4/4 117/121/131 118/122/132
f  3/3/8 6/6/7 119/123/133
f  3/3/8 119/123/133 117/121/134
f  6/6/7 8/8/10 120/124/135
f  6/6/7 120/124/135 119/123/133
f  8/8/10 10/10/12 121/125/136
f  8/8/10 121/125/136 120/124/135
f  10/10/12 12/12/14 122/126/137
f  10/10/12 122/126/137 121/125/136
f  12/12/14 14/14/16 123/127/138
f  12/12/14 123/127/138 122/126/137
f  14/14/16 16/16/18 124/128/139
f  14/14/16 124/128/139 123/127/138
f  16/16/18 18/18/20 125/129/140
f  16/16/18 125/129/140 124/128/139
f  18/18/20 20/20/22 126/130/141
f  18/18/20 126/130/141 125/129/140
f  20/20/22 22/22/24 127/131/142
f  20/20/22 127/131/142 126/130/141
f  22/22/24 24/24/26 128/132/143
f  22/22/24 128/132/143 127/131/142
f  24/24/26 26/26/28 129/133/144
f  24/24/26 129/133/144 128/132/143
f  26/26/28 28/28/30 130/134/145
f  26/26/28 130/134/145 129/133/144
f  28/28/30 30/30/32 131/135/146
f  28/28/30 131/135/146 130/134/145
f  30/30/32 32/32/34 132/136/147
f  30/30/32 132/136/147 131/135/146
f  32/32/34 34/34/36 133/137/148
f  32/32/34 133/137/148 132/136/147
f  34/34/36 36/36/38 134/138/149
f  34/34/36 134/138/149 133/137/148
f  36/36/38 38/38/40 135/139/150
f  36/36/38 135/139/150 134/138/149
f  38/38/44 40/40/43 136/140/151
f  38/38/44 136/140/151 135/139/152
f  40/40/43 42/42/46 137/141/153
f  40/40/43 137/141/153 136/140/151
f  42/42/46 44/44/48 138/142/154
f  42/42/46 138/142/154 137/141/153
f  44/44/48 46/46/50 139/143/155
f  44/44/48 139/143/155 138/142/154
f  46/46/50 48/48/52 140/144/156
f  46/46/50 140/144/156 139/143/155
f  48/48/52 50/50/54 141/145/157
f  48/48/52 141/145/157 140/144/156
f  50/50/54 52/52/56 142/146/158
f  50/50/54 142/146/158 141/145/157
f  52/52/56 54/54/58 143/147/159
f  52/52/56 143/147/159 142/146/158
f  54/54/58 56/56/60 144/148/160
f  54/54/58 144/148/160 143/147/159
f  56/56/60 58/58/62 145/149/161
f  56/56/60 145/149/161 144/148/160
f  58/58/62 60/60/64 146/150/162
f  58/58/62 146/150/162 145/149/161
f  60/60/64 62/62/66 147/151/163
f  60/60/64 147/151/163 146/150/162
f  62/62/66 64/64/68 148/152/164
f  62/62/66 148/152/164 147/151/163
f  64/64/68 66/66/70 149/153/165
f  64/64/68 149/153/165 148/152/164
f  66/66/70 68/68/72 150/154/166
f  66/66/70 150/154/166 149/153/165
f  68/68/72 70/70/74 151/155/167
f  68/68/72 151/155/167 150/154/166
f  70/70/74 72/72/76 152/156/168
f  70/70/74 152/156/168 151/155/167
f  72/72/80 74/74/79 153/157/169
f  72/72/80 153/157/169 152/156/170
f  74/74/84 76/76/83 154/158/171
f  74/74/84 154/158/171 153/157/172
f  76/76/88 77/78/87 77/159/173
f  76/76/88 77/159/173 154/158/174
f  77/78/86 78/80/86 78/160/86
f  77/78/86 78/160/86 77/159/86
f  78/80/90 80/82/90 155/161/90
f  78/80/90 155/161/90 78/160/90
f  80/82/94 82/84/93 156/162/175
f  80/82/94 156/162/175 155/161/176
f  82/84/93 84/86/96 157/163/177
f  82/84/93 157/163/177 156/162/175
f  84/86/96 86/88/98 158/164/178
f  84/86/96 158/164/178 157/163/177
f  86/88/98 88/90/100 159/165/179
f  86/88/98 159/165/179 158/164/178
f  88/90/100 90/92/102 160/166/180
f  88/90/100 160/166/180 159/165/179
f  90/92/102 92/94/104 161/167/181
f  90/92/102 161/167/181 160/166/180
f  92/94/104 94/96/106 162/168/182
f  92/94/104 162/168/182 161/167/181
f  94/96/106 96/98/108 163/169/183
f  94/96/106 163/169/183 162/168/182
f  96/98/108 98/100/110 164/170/184
f  96/98/108 164/170/184 163/169/183
f  98/100/110 100/102/112 165/171/185
f  98/100/110 165/171/185 164/170/184
f  100/102/112 102/104/114 166/172/186
f  100/102/112 166/172/186 165/171/185
f  102/104/114 104/106/116 167/173/187
f  102/104/114 167/173/187 166/172/186
f  104/106/116 106/108/118 168/174/188
f  104/106/116 168/174/188 167/173/187
f  106/108/118 108/110/120 169/175/189
f  106/108/118 169/175/189 168/174/188
f  108/110/120 110/112/122 170/176/190
f  108/110/120 170/176/190 169/175/189
f  110/112/122 112/114/124 171/177/191
f  110/112/122 171/177/191 170/176/190
f  112/114/124 114/116/126 172/178/192
f  112/114/124 172/178/192 171/177/191
f  114/116/130 116/118/129 173/179/193
f  114/116/130 173/179/193 172/178/194
f  116/118/90 4/120/89 118/180/90
f  116/118/90 118/180/90 173/179/90
f  118/122/132 117/121/131 174/181/195
f  118/122/132 174/181/195 175/182/196
f  117/121/134 119/123/133 176/183/197
f  117/121/134 176/183/197 174/181/198
f  119/123/133 120/124/135 177/184/199
f  119/123/133 177/184/199 176/183/197
f  120/124/135 121/125/136 178/185/200
f  120/124/135 178/185/200 177/184/199
f  121/125/136 122/126/137 179/186/201
f  121/125/136 179/186/201 178/185/200
f  122/126/137 123/127/138 180/187/202
f  122/126/137 180/187/202 179/186/201
f  123/127/138 124/128/139 181/188/203
f  123/127/138 181/188/203 180/187/202
f  124/128/139 125/129/140 182/189/204
f  124/128/139 182/189/204 181/188/203
f  125/129/140 126/130/141 183/190/205
f  125/129/140 183/190/205 182/189/204
f  126/130/141 127/131/142 184/191/206
f  126/130/141 184/191/206 183/190/205
f  127/131/142 128/132/143 185/192/207
f  127/131/142 185/192/207 184/191/206
f  128/132/143 129/133/144 186/193/208
f  128/132/143 186/193/208 185/192/207
f  129/133/144 130/134/145 187/194/209
f  129/133/144 187/194/209 186/193/208
f  130/134/145 131/135/146 188/195/210
f  130/134/145 188/195/210 187/194/209
f  131/135/146 132/136/147 189/196/211
f  131/135/146 189/196/211 188/195/210
f  132/136/147 133/137/148 190/197/212
f  132/136/147 190/197/212 189/196/211
f  133/137/148 134/138/149 191/198/213
f  133/137/148 191/198/213 190/197/212
f  134/138/149 135/139/150 192/199/214
f  134/138/149 192/199/214 191/198/213
f  135/139/152 136/140/151 193/200/215
f  135/139/152 193/200/215 192/199/216
f  136/140/151 137/141/153 194/201/217
f  136/140/151 194/201/217 193/200/215
f  137/141/153 138/142/154 195/202/218
f  137/141/153 195/202/218 194/201/217
f  138/142/154 139/143/155 196/203/219
f  138/142/154 196/203/219 195/202/218
f  139/143/155 140/144/156 197/204/220
f  139/143/155 197/204/220 196/203/219
f  140/144/156 141/145/157 198/205/221
f  140/144/156 198/205/221 197/204/220
f  141/145/157 142/146/158 199/206/222
f  141/145/157 199/206/222 198/205/221
f  142/146/158 143/147/159 200/207/223
f  142/146/158 200/207/223 199/206/222
f  143/147/159 144/148/160 201/208/224
f  143/147/159 201/208/224 200/207/223
f  144/148/160 145/149/161 202/209/225
f  144/148/160 202/209/225 201/208/224
f  145/149/161 146/150/162 203/210/226
f  145/149/161 203/210/226 202/209/225
f  146/150/162 147/151/163 204/211/227
f  146/150/162 204/211/227 203/210/226
f  147/151/163 148/152/164 205/212/228
f  147/151/163 205/212/228 204/211/227
f  148/152/164 149/153/165 206/213/229
f  148/152/164 206/213/229 205/212/228
f  149/153/165 150/154/166 207/214/230
f  149/153/165 207/214/230 206/213/229
f  150/154/166 151/155/167 208/215/231
f  150/154/166 208/215/231 207/214/230
f  151/155/167 152/156/168 209/216/232
f  151/155/167 209/216/232 208/215/231
f  152/156/170 153/157/169 210/217/233
f  152/156/170 210/217/233 209/216/234
f  153/157/172 154/158/171 211/218/235
f  153/157/172 211/218/235 210/217/236
f  154/158/174 77/159/173 77/219/237
f  154/158/174 77/219/237 211/218/238
f  77/159/86 78/160/86 78/220/86
f  77/159/86 78/220/86 77/219/239
f  78/160/90 155/161/90 212/221/90
f  78/160/90 212/221/90 78/220/89
f  155/161/176 156/162/175 213/222/240
f  155/161/176 213/222/240 212/221/241
f  156/162/175 157/163/177 214/223/242
f  156/162/175 214/223/242 213/222/240
f  157/163/177 158/164/178 215/224/243
f  157/163/177 215/224/243 214/223/242
f  158/164/178 159/165/179 216/225/244
f  158/164/178 216/225/244 215/224/243
f  159/165/179 160/166/180 217/226/245
f  159/165/179 217/226/245 216/225/244
f  160/166/180 161/167/181 218/227/246
f  160/166/180 218/227/246 217/226/245
f  161/167/181 162/168/182 219/228/247
f  161/167/181 219/228/247 218/227/246
f  162/168/182 163/169/183 220/229/248
f  162/168/182 220/229/248 219/228/247
f  163/169/183 164/170/184 221/230/249
f  163/169/183 221/230/249 220/229/248
f  164/170/184 165/171/185 222/231/250
f  164/170/184 222/231/250 221/230/249
f  165/171/185 166/172/186 223/232/251
f  165/171/185 223/232/251 222/231/250
f  166/172/186 167/173/187 224/233/252
f  166/172/186 224/233/252 223/232/251
f  167/173/187 168/174/188 225/234/253
f  167/173/187 225/234/253 224/233/252
f  168/174/188 169/175/189 226/235/254
f  168/174/188 226/235/254 225/234/253
f  169/175/189 170/176/190 227/236/255
f  169/175/189 227/236/255 226/235/254
f  170/176/190 171/177/191 228/237/256
f  170/176/190 228/237/256 227/236/255
f  171/177/191 172/178/192 229/238/257
f  171/177/191 229/238/257 228/237/256
f  172/178/194 173/179/193 230/239/258
f  172/178/194 230/239/258 229/238/259
f  173/179/90 118/180/90 175/240/90
f  173/179/90 175/240/90 230/239/90
f  175/182/196 174/181/195 231/241/260
f  175/182/196 231/241/260 232/242/261
f  174/181/198 176/183/197 233/243/262
f  174/181/198 233/243/262 231/241/263
f  176/183/197 177/184/199 234/244/264
f  176/183/197 234/244/264 233/243/262
f  177/184/199 178/185/200 235/245/265
f  177/184/199 235/245/265 234/244/264
f  178/185/200 179/186/201 236/246/266
f  178/185/200 236/246/266 235/245/265
f  179/186/201 180/187/202 237/247/267
f  179/186/201 237/247/267 236/246/266
f  180/187/202 181/188/203 238/248/268
f  180/187/202 238/248/268 237/247/267
f  181/188/203 182/189/204 239/249/269
f  181/188/203 239/249/269 238/248/268
f  182/189/204 183/190/205 240/250/270
f  182/189/204 240/250/270 239/249/269
f  183/190/205 184/191/206 241/251/271
f  183/190/205 241/251/271 240/250/270
f  184/191/206 185/192/207 242/252/272
f  184/191/206 242/252/272 241/251/271
f  185/192/207 186/193/208 243/253/273
f  185/192/207 243/253/273 242/252/272
f  186/193/208 187/194/209 244/254/274
f  186/193/208 244/254/274 243/253/273
f  187/194/209 188/195/210 245/255/275
f  187/194/209 245/255/275 244/254/274
f  188/195/210 189/196/211 246/256/276
f  188/195/210 246/256/276 245/255/275
f  189/196/211 190/197/212 247/257/277
f  189/196/211 247/257/277 246/256/276
f  190/197/212 191/198/213 248/258/278
f  190/197/212 248/258/278 247/257/277
f  191/198/213 192/199/214 249/259/279
f  191/198/213 249/259/279 248/258/278
f  192/199/216 193/200/215 250/260/280
f  192/199/216 250/260/280 249/259/281
f  193/200/215 194/201/217 251/261/282
f  193/200/215 251/261/282 250/260/280
f  194/201/217 195/202/218 252/262/283
f  194/201/217 252/262/283 251/261/282
f  195/202/218 196/203/219 253/263/284
f  195/202/218 253/263/284 252/262/283
f  196/203/219 197/204/220 254/264/285
f  196/203/219 254/264/285 253/263/284
f  197/204/220 198/205/221 255/265/286
f  197/204/220 255/265/286 254/264/285
f  198/205/221 199/206/222 256/266/287
f  198/205/221 256/266/287 255/265/286
f  199/206/222 200/207/223 257/267/288
f  199/206/222 257/267/288 256/266/287
f  200/207/223 201/208/224 258/268/289
f  200/207/223 258/268/289 257/267/288
f  201/208/224 202/209/225 259/269/290
f  201/208/224 259/269/290 258/268/289
f  202/209/225 203/210/226 260/270/291
f  202/209/225 260/270/291 259/269/290
f  203/210/226 204/211/227 261/271/292
f  203/210/226 261/271/292 260/270/291
f  204/211/227 205/212/228 262/272/293
f  204/211/227 262/272/293 261/271/292
f  205/212/228 206/213/229 263/273/294
f  205/212/228 263/273/294 262/272/293
f  206/213/229 207/214/230 264/274/295
f  206/213/229 264/274/295 263/273/294
f  207/214/230 208/215/231 265/275/296
f  207/214/230 265/275/296 264/274/295
f  208/215/231 209/216/232 266/276/297
f  208/215/231 266/276/297 265/275/296
f  209/216/234 210/217/233 267/277/298
f  209/216/234 267/277/298 266/276/299
f  210/217/236 211/218/235 268/278/300
f  210/217/236 268/278/300 267/277/301
f  211/218/238 77/219/237 269/279/302
f  211/218/238 269/279/302 268/278/303
f  77/219/239 78/220/86 78/280/239
f  77/219/239 78/280/239 269/279/304
f  78/220/89 212/221/90 270/281/90
f  78/220/89 270/281/90 78/280/90
f  212/221/241 213/222/240 271/282/305
f  212/221/241 271/282/305 270/281/306
f  213/222/240 214/223/242 272/283/307
f  213/222/240 272/283/307 271/282/305
f  214/223/242 215/224/243 273/284/308
f  214/223/242 273/284/308 272/283/307
f  215/224/243 216/225/244 274/285/309
f  215/224/243 274/285/309 273/284/308
f  216/225/244 217/226/245 275/286/310
f  216/225/244 275/286/310 274/285/309
f  217/226/245 218/227/246 276/287/311
f  217/226/245 276/287/311 275/286/310
f  218/227/246 219/228/247 277/288/312
f  218/227/246 277/288/312 276/287/311
f  219/228/247 220/229/248 278/289/313
f  219/228/247 278/289/313 277/288/312
f  220/229/248 221/230/249 279/290/314
f  220/229/248 279/290/314 278/289/313
f  221/230/249 222/231/250 280/291/315
f  221/230/249 280/291/315 279/290/314
f  222/231/250 223/232/251 281/292/316
f  222/231/250 281/292/316 280/291/315
f  223/232/251 224/233/252 282/293/317
f  223/232/251 282/293/317 281/292/316
f  224/233/252 225/234/253 283/294/318
f  224/233/252 283/294/318 282/293/317
f  225/234/253 226/235/254 284/295/319
f  225/234/253 284/295/319 283/294/318
f  226/235/254 227/236/255 285/296/320
f  226/235/254 285/296/320 284/295/319
f  227/236/255 228/237/256 286/297/321
f  227/236/255 286/297/321 285/296/320
f  228/237/256 229/238/257 287/298/322
f  228/237/256 287/298/322 286/297/321
f  229/238/259 230/239/258 288/299/323
f  229/238/259 288/299/323 287/298/324
f  230/239/90 175/240/90 232/300/90
f  230/239/90 232/300/90 288/299/90
f  232/242/261 231/241/260 289/301/325
f  232/242/261 289/301/325 290/302/326
f  231/241/263 233/243/262 291/303/327
f  231/241/263 291/303/327 289/301/328
f  233/243/262 234/244/264 292/304/329
f  233/243/262 292/304/329 291/303/327
f  234/244/264 235/245/265 293/305/330
f  234/244/264 293/305/330 292/304/329
f  235/245/265 236/246/266 294/306/331
f  235/245/265 294/306/331 293/305/330
f  236/246/266 237/247/267 295/307/332
f  236/246/266 295/307/332 294/306/331
f  237/247/267 238/248/268 296/308/333
f  237/247/267 296/308/333 295/307/332
f  238/248/268 239/249/269 297/309/334
f  238/248/268 297/309/334 296/308/333
f  239/249/269 240/250/270 298/310/335
f  239/249/269 298/310/335 297/309/334
f  240/250/270 241/251/271 299/311/336
f  240/250/270 299/311/336 298/310/335
f  241/251/271 242/252/272 300/312/337
f  241/251/271 300/312/337 299/311/336
f  242/252/272 243/253/273 301/313/338
f  242/252/272 301/313/338 300/312/337
f  243/253/273 244/254/274 302/314/339
f  243/253/273 302/314/339 301/313/338
f  244/254/274 245/255/275 303/315/340
f  244/254/274 303/315/340 302/314/339
f  245/255/275 246/256/276 304/316/341
f  245/255/275 304/316/341 303/315/340
f  246/256/276 247/257/277 305/317/342
f  246/256/276 305/317/342 304/316/341
f  247/257/277 248/258/278 306/318/343
f  247/257/277 306/318/343 305/317/342
f  248/258/278 249/259/279 307/319/344
f  248/258/278 307/319/344 306/318/343
f  249/259/281 250/260/280 308/320/345
f  249/259/281 308/320/345 307/319/346
f  250/260/280 251/261/282 309/321/347
f  250/260/280 309/321/347 308/320/345
f  251/261/282 252/262/283 310/322/348
f  251/261/282 310/322/348 309/321/347
f  252/262/283 253/263/284 311/323/349
f  252/262/283 311/323/349 310/322/348
f  253/263/284 254/264/285 312/324/350
f  253/263/284 312/324/350 311/323/349
f  254/264/285 255/265/286 313/325/351
f  254/264/285 313/325/351 312/324/350
f  255/265/286 256/266/287 314/326/352
f  255/265/286 314/326/352 313/325/351
f  256/266/287 257/267/288 315/327/353
f  256/266/287 315/327/353 314/326/352
f  257/267/288 258/268/289 316/328/354
f  257/267/288 316/328/354 315/327/353
f  258/268/289 259/269/290 317/329/355
f  258/268/289 317/329/355 316/328/354
f  259/269/290 260/270/291 318/330/356
f  259/269/290 318/330/356 317/329/355
f  260/270/291 261/271/292 319/331/357
f  260/270/291 319/331/357 318/330/356
f  261/271/292 262/272/293 320/332/358
f  261/271/292 320/332/358 319/331/357
f  262/272/293 263/273/294 321/333/359
f  262/272/293 321/333/359 320/332/358
f  263/273/294 264/274/295 322/334/360
f  263/273/294 322/334/360 321/333/359
f  264/274/295 265/275/296 323/335/361
f  264/274/295 323/335/361 322/334/360
f  265/275/296 266/276/297 324/336/362
f  265/275/296 324/336/362 323/335/361
f  266/276/299 267/277/298 325/337/363
f  266/276/299 325/337/363 324/336/364
f  267/277/301 268/278/300 326/338/365
f  267/277/301 326/338/365 325/337/366
f  268/278/303 269/279/302 269/339/367
f  268/278/303 269/339/367 326/338/368
f  269/279/304 78/280/239 78/340/86
f  269/279/304 78/340/86 269/339/86
f  78/280/90 270/281/90 327/341/90
f  78/280/90 327/341/90 78/340/90
f  270/281/306 271/282/305 328/342/369
f  270/281/306 328/342/369 327/341/370
f  271/282/305 272/283/307 329/343/371
f  271/282/305 329/343/371 328/342/369
f  272/283/307 273/284/308 330/344/372
f  272/283/307 330/344/372 329/343/371
f  273/284/308 274/285/309 331/345/373
f  273/284/308 331/345/373 330/344/372
f  274/285/309 275/286/310 332/346/374
f  274/285/309 332/346/374 331/345/373
f  275/286/310 276/287/311 333/347/375
f  275/286/310 333/347/375 332/346/374
f  276/287/311 277/288/312 334/348/376
f  276/287/311 334/348/376 333/347/375
f  277/288/312 278/289/313 335/349/377
f  277/288/312 335/349/377 334/348/376
f  278/289/313 279/290/314 336/350/378
f  278/289/313 336/350/378 335/349/377
f  279/290/314 280/291/315 337/351/379
f  279/290/314 337/351/379 336/350/378
f  280/291/315 281/292/316 338/352/380
f  280/291/315 338/352/380 337/351/379
f  281/292/316 282/293/317 339/353/381
f  281/292/316 339/353/381 338/352/380
f  282/293/317 283/294/318 340/354/382
f  282/293/317 340/354/382 339/353/381
f  283/294/318 284/295/319 341/355/383
f  283/294/318 341/355/383 340/354/382
f  284/295/319 285/296/320 342/356/384
f  284/295/319 342/356/384 341/355/383
f  285/296/320 286/297/321 343/357/385
f  285/296/320 343/357/385 342/356/384
f  286/297/321 287/298/322 344/358/386
f  286/297/321 344/358/386 343/357/385
f  287/298/324 288/299/323 345/359/387
f  287/298/324 345/359/387 344/358/388
f  288/299/90 232/300/90 290/360/90
f  288/299/90 290/360/90 345/359/90
f  290/302/326 289/301/325 346/361/389
f  290/302/326 346/361/389 347/362/390
f  289/301/328 291/303/327 348/363/391
f  289/301/328 348/363/391 346/361/392
f  291/303/327 292/304/329 349/364/393
f  291/303/327 349/364/393 348/363/391
f  292/304/329 293/305/330 350/365/394
f  292/304/329 350/365/394 349/364/393
f  293/305/330 294/306/331 351/366/395
f  293/305/330 351/366/395 350/365/394
f  294/306/331 295/307/332 352/367/396
f  294/306/331 352/367/396 351/366/395
f  295/307/332 296/308/333 353/368/397
f  295/307/332 353/368/397 352/367/396
f  296/308/333 297/309/334 354/369/398
f  296/308/333 354/369/398 353/368/397
f  297/309/334 298/310/335 355/370/399
f  297/309/334 355/370/399 354/369/398
f  298/310/335 299/311/336 356/371/400
f  298/310/335 356/371/400 355/370/399
f  299/311/336 300/312/337 357/372/401
f  299/311/336 357/372/401 356/371/400
f  300/312/337 301/313/338 358/373/402
f  300/312/337 358/373/402 357/372/401
f  301/313/338 302/314/339 359/374/403
f  301/313/338 359/374/403 358/373/402
f  302/314/339 303/315/340 360/375/404
f  302/314/339 360/375/404 359/374/403
f  303/315/340 304/316/341 361/376/405
f  303/315/340 361/376/405 360/375/404
f  304/316/341 305/317/342 362/377/406
f  304/316/341 362/377/406 361/376/405
f  305/317/342 306/318/343 363/378/407
f  305/317/342 363/378/407 362/377/406
f  306/318/343 307/319/344 364/379/408
f  306/318/343 364/379/408 363/378/407
f  307/319/346 308/320/345 365/380/409
f  307/319/346 365/380/409 364/379/410
f  308/320/345 309/321/347 366/381/411
f  308/320/345 366/381/411 365/380/409
f  309/321/347 310/322/348 367/382/412
f  309/321/347 367/382/412 366/381/411
f  310/322/348 311/323/349 368/383/413
f  310/322/348 368/383/413 367/382/412
f  311/323/349 312/324/350 369/384/414
f  311/323/349 369/384/414 368/383/413
f  312/324/350 313/325/351 370/385/415
f  312/324/350 370/385/415 369/384/414
f  313/325/351 314/326/352 371/386/416
f  313/325/351 371/386/416 370/385/415
f  314/326/352 315/327/353 372/387/417
f  314/326/352 372/387/417 371/386/416
f  315/327/353 316/328/354 373/388/418
f  315/327/353 373/388/418 372/387/417
f  316/328/354 317/329/355 374/389/419
f  316/328/354 374/389/419 373/388/418
f  317/329/355 318/330/356 375/390/420
f  317/329/355 375/390/420 374/389/419
f  318/330/356 319/331/357 376/391/421
f  318/330/356 376/391/421 375/390/420
f  319/331/357 320/332/358 377/392/422
f  319/331/357 377/392/422 376/391/421
f  320/332/358 321/333/359 378/393/423
f  320/332/358 378/393/423 377/392/422
f  321/333/359 322/334/360 379/394/424
f  321/333/359 379/394/424 378/393/423
f  322/334/360 323/335/361 380/395/425
f  322/334/360 380/395/425 379/394/424
f  323/335/361 324/336/362 381/396/426
f  323/335/361 381/396/426 380/395/425
f  324/336/364 325/337/363 382/397/427
f  324/336/364 382/397/427 381/396/428
f  325/337/366 326/338/365 383/398/429
f  325/337/366 383/398/429 382/397/430
f  326/338/368 269/339/367 269/399/431
f  326/338/368 269/399/431 383/398/432
f  269/339/86 78/340/86 78/400/86
f  269/339/86 78/400/86 269/399/433
f  78/340/90 327/341/90 384/401/90
f  78/340/90 384/401/90 78/400/90
f  327/341/370 328/342/369 385/402/434
f  327/341/370 385/402/434 384/401/435
f  328/342/369 329/343/371 386/403/436
f  328/342/369 386/403/436 385/402/434
f  329/343/371 330/344/372 387/404/437
f  329/343/371 387/404/437 386/403/436
f  330/344/372 331/345/373 388/405/438
f  330/344/372 388/405/438 387/404/437
f  331/345/373 332/346/374 389/406/439
f  331/345/373 389/406/439 388/405/438
f  332/346/374 333/347/375 390/407/440
f  332/346/374 390/407/440 389/406/439
f  333/347/375 334/348/376 391/408/441
f  333/347/375 391/408/441 390/407/440
f  334/348/376 335/349/377 392/409/442
f  334/348/376 392/409/442 391/408/441
f  335/349/377 336/350/378 393/410/443
f  335/349/377 393/410/443 392/409/442
f  336/350/378 337/351/379 394/411/444
f  336/350/378 394/411/444 393/410/443
f  337/351/379 338/352/380 395/412/445
f  337/351/379 395/412/445 394/411/444
f  338/352/380 339/353/381 396/413/446
f  338/352/380 396/413/446 395/412/445
f  339/353/381 340/354/382 397/414/447
f  339/353/381 397/414/447 396/413/446
f  340/354/382 341/355/383 398/415/448
f  340/354/382 398/415/448 397/414/447
f  341/355/383 342/356/384 399/416/449
f  341/355/383 399/416/449 398/415/448
f  342/356/384 343/357/385 400/417/450
f  342/356/384 400/417/450 399/416/449
f  343/357/385 344/358/386 401/418/451
f  343/357/385 401/418/451 400/417/450
f  344/358/388 345/359/387 402/419/452
f  344/358/388 402/419/452 401/418/453
f  345/359/90 290/360/90 347/420/89
f  345/359/90 347/420/90 402/419/90
f  347/362/390 346/361/389 403/421/454
f  347/362/390 403/421/454 404/422/455
f  346/361/392 348/363/391 405/423/456
f  346/361/392 405/423/456 403/421/457
f  348/363/391 349/364/393 406/424/458
f  348/363/391 406/424/458 405/423/456
f  349/364/393 350/365/394 407/425/459
f  349/364/393 407/425/459 406/424/458
f  350/365/394 351/366/395 408/426/460
f  350/365/394 408/426/460 407/425/459
f  351/366/395 352/367/396 409/427/461
f  351/366/395 409/427/461 408/426/460
f  352/367/396 353/368/397 410/428/462
f  352/367/396 410/428/462 409/427/461
f  353/368/397 354/369/398 411/429/463
f  353/368/397 411/429/463 410/428/462
f  354/369/398 355/370/399 412/430/464
f  354/369/398 412/430/464 411/429/463
f  355/370/399 356/371/400 413/431/465
f  355/370/399 413/431/465 412/430/464
f  356/371/400 357/372/401 414/432/466
f  356/371/400 414/432/466 413/431/465
f  357/372/401 358/373/402 415/433/467
f  357/372/401 415/433/467 414/432/466
f  358/373/402 359/374/403 416/434/468
f  358/373/402 416/434/468 415/433/467
f  359/374/403 360/375/404 417/435/469
f  359/374/403 417/435/469 416/434/468
f  360/375/404 361/376/405 418/436/470
f  360/375/404 418/436/470 417/435/469
f  361/376/405 362/377/406 419/437/471
f  361/376/405 419/437/471 418/436/470
f  362/377/406 363/378/407 420/438/472
f  362/377/406 420/438/472 419/437/471
f  363/378/407 364/379/408 421/439/473
f  363/378/407 421/439/473 420/438/472
f  364/379/410 365/380/409 422/440/474
f  364/379/410 422/440/474 421/439/475
f  365/380/409 366/381/411 423/441/476
f  365/380/409 423/441/476 422/440/474
f  366/381/411 367/382/412 424/442/477
f  366/381/411 424/442/477 423/441/476
f  367/382/412 368/383/413 425/443/478
f  367/382/412 425/443/478 424/442/477
f  368/383/413 369/384/414 426/444/479
f  368/383/413 426/444/479 425/443/478
f  369/384/414 370/385/415 427/445/480
f  369/384/414 427/445/480 426/444/479
f  370/385/415 371/386/416 428/446/481
f  370/385/415 428/446/481 427/445/480
f  371/386/416 372/387/417 429/447/482
f  371/386/416 429/447/482 428/446/481
f  372/387/417 373/388/418 430/448/483
f  372/387/417 430/448/483 429/447/482
f  373/388/418 374/389/419 431/449/484
f  373/388/418 431/449/484 430/448/483
f  374/389/419 375/390/420 432/450/485
f  374/389/419 432/450/485 431/449/484
f  375/390/420 376/391/421 433/451/486
f  375/390/420 433/451/486 432/450/485
f  376/391/421 377/392/422 434/452/487
f  376/391/421 434/452/487 433/451/486
f  377/392/422 378/393/423 435/453/488
f  377/392/422 435/453/488 434/452/487
f  378/393/423 379/394/424 436/454/489
f  378/393/423 436/454/489 435/453/488
f  379/394/424 380/395/425 437/455/490
f  379/394/424 437/455/490 436/454/489
f  380/395/425 381/396/426 438/456/491
f  380/395/425 438/456/491 437/455/490
f  381/396/428 382/397/427 439/457/492
f  381/396/428 439/457/492 438/456/493
f  382/397/430 383/398/429 440/458/494
f  382/397/430 440/458/494 439/457/495
f  383/398/432 269/399/431 441/459/496
f  383/398/432 441/459/496 440/458/497
f  269/399/433 78/400/86 78/460/498
f  269/399/433 78/460/498 441/459/498
f  78/400/90 384/401/90 442/461/90
f  78/400/90 442/461/90 78/460/89
f  384/401/435 385/402/434 443/462/499
f  384/401/435 443/462/499 442/461/500
f  385/402/434 386/403/436 444/463/501
f  385/402/434 444/463/501 443/462/499
f  386/403/436 387/404/437 445/464/502
f  386/403/436 445/464/502 444/463/501
f  387/404/437 388/405/438 446/465/503
f  387/404/437 446/465/503 445/464/502
f  388/405/438 389/406/439 447/466/504
f  388/405/438 447/466/504 446/465/503
f  389/406/439 390/407/440 448/467/505
f  389/406/439 448/467/505 447/466/504
f  390/407/440 391/408/441 449/468/506
f  390/407/440 449/468/506 448/467/505
f  391/408/441 392/409/442 450/469/507
f  391/408/441 450/469/507 449/468/506
f  392/409/442 393/410/443 451/470/508
f  392/409/442 451/470/508 450/469/507
f  393/410/443 394/411/444 452/471/509
f  393/410/443 452/471/509 451/470/508
f  394/411/444 395/412/445 453/472/510
f  394/411/444 453/472/510 452/471/509
f  395/412/445 396/413/446 454/473/511
f  395/412/445 454/473/511 453/472/510
f  396/413/446 397/414/447 455/474/512
f  396/413/446 455/474/512 454/473/511
f  397/414/447 398/415/448 456/475/513
f  397/414/447 456/475/513 455/474/512
f  398/415/448 399/416/449 457/476/514
f  398/415/448 457/476/514 456/475/513
f  399/416/449 400/417/450 458/477/515
f  399/416/449 458/477/515 457/476/514
f  400/417/450 401/418/451 459/478/516
f  400/417/450 459/478/516 458/477/515
f  401/418/453 402/419/452 460/479/517
f  401/418/453 460/479/517 459/478/518
f  402/419/90 347/420/90 404/480/90
f  402/419/90 404/480/90 460/479/90
f  404/422/455 403/421/454 461/481/519
f  404/422/455 461/481/519 462/482/520
f  403/421/457 405/423/456 463/483/521
f  403/421/457 463/483/521 461/481/522
f  405/423/456 406/424/458 464/484/523
f  405/423/456 464/484/523 463/483/521
f  406/424/458 407/425/459 465/485/524
f  406/424/458 465/485/524 464/484/523
f  407/425/459 408/426/460 466/486/525
f  407/425/459 466/486/525 465/485/524
f  408/426/460 409/427/461 467/487/526
f  408/426/460 467/487/526 466/486/525
f  409/427/461 410/428/462 468/488/527
f  409/427/461 468/488/527 467/487/526
f  410/428/462 411/429/463 469/489/528
f  410/428/462 469/489/528 468/488/527
f  411/429/463 412/430/464 470/490/529
f  411/429/463 470/490/529 469/489/528
f  412/430/464 413/431/465 471/491/530
f  412/430/464 471/491/530 470/490/529
f  413/431/465 414/432/466 472/492/531
f  413/431/465 472/492/531 471/491/530
f  414/432/466 415/433/467 473/493/532
f  414/432/466 473/493/532 472/492/531
f  415/433/467 416/434/468 474/494/533
f  415/433/467 474/494/533 473/493/532
f  416/434/468 417/435/469 475/495/534
f  416/434/468 475/495/534 474/494/533
f  417/435/469 418/436/470 476/496/535
f  417/435/469 476/496/535 475/495/534
f  418/436/470 419/437/471 477/497/536
f  418/436/470 477/497/536 476/496/535
f  419/437/471 420/438/472 478/498/537
f  419/437/471 478/498/537 477/497/536
f  420/438/472 421/439/473 479/499/538
f  420/438/472 479/499/538 478/498/537
f  421/439/475 422/440/474 480/500/539
f  421/439/475 480/500/539 479/499/540
f  422/440/474 423/441/476 481/501/541
f  422/440/474 481/501/541 480/500/539
f  423/441/476 424/442/477 482/502/542
f  423/441/476 482/502/542 481/501/541
f  424/442/477 425/443/478 483/503/543
f  424/442/477 483/503/543 482/502/542
f  425/443/478 426/444/479 484/504/544
f  425/443/478 484/504/544 483/503/543
f  426/444/479 427/445/480 485/505/545
f  426/444/479 485/505/545 484/504/544
f  427/445/480 428/446/481 486/506/546
f  427/445/480 486/506/546 485/505/545
f  428/446/481 429/447/482 487/507/547
f  428/446/481 487/507/547 486/506/546
f  429/447/482 430/448/483 488/508/548
f  429/447/482 488/508/548 487/507/547
f  430/448/483 431/449/484 489/509/549
f  430/448/483 489/509/549 488/508/548
f  431/449/484 432/450/485 490/510/550
f  431/449/484 490/510/550 489/509/549
f  432/450/485 433/451/486 491/511/551
f  432/450/485 491/511/551 490/510/550
f  433/451/486 434/452/487 492/512/552
f  433/451/486 492/512/552 491/511/551
f  434/452/487 435/453/488 493/513/553
f  434/452/487 493/513/553 492/512/552
f  435/453/488 436/454/489 494/514/554
f  435/453/488 494/514/554 493/513/553
f  436/454/489 437/455/490 495/515/555
f  436/454/489 495/515/555 494/514/554
f  437/455/490 438/456/491 496/516/556
f  437/455/490 496/516/556 495/515/555
f  438/456/493 439/457/492 497/517/557
f  438/456/493 497/517/557 496/516/558
f  439/457/495 440/458/494 498/518/559
f  439/457/495 498/518/559 497/517/560
f  440/458/497 441/459/496 441/519/561
f  440/458/497 441/519/561 498/518/562
f  441/459/498 78/460/498 78/520/86
f  441/459/498 78/520/86 441/519/86
f  78/460/89 442/461/90 499/521/90
f  78/460/89 499/521/90 78/520/90
f  442/461/500 443/462/499 500/522/563
f  442/461/500 500/522/563 499/521/564
f  443/462/499 444/463/501 501/523/565
f  443/462/499 501/523/565 500/522/563
f  444/463/501 445/464/502 502/524/566
f  444/463/501 502/524/566 501/523/565
f  445/464/502 446/465/503 503/525/567
f  445/464/502 503/525/567 502/524/566
f  446/465/503 447/466/504 504/526/568
f  446/465/503 504/526/568 503/525/567
f  447/466/504 448/467/505 505/527/569
f  447/466/504 505/527/569 504/526/568
f  448/467/505 449/468/506 506/528/570
f  448/467/505 506/528/570 505/527/569
f  449/468/506 450/469/507 507/529/571
f  449/468/506 507/529/571 506/528/570
f  450/469/507 451/470/508 508/530/572
f  450/469/507 508/530/572 507/529/571
f  451/470/508 452/471/509 509/531/573
f  451/470/508 509/531/573 508/530/572
f  452/471/509 453/472/510 510/532/574
f  452/471/509 510/532/574 509/531/573
f  453/472/510 454/473/511 511/533/575
f  453/472/510 511/533/575 510/532/574
f  454/473/511 455/474/512 512/534/576
f  454/473/511 512/534/576 511/533/575
f  455/474/512 456/475/513 513/535/577
f  455/474/512 513/535/577 512/534/576
f  456/475/513 457/476/514 514/536/578
f  456/475/513 514/536/578 513/535/577
f  457/476/514 458/477/515 515/537/579
f  457/476/514 515/537/579 514/536/578
f  458/477/515 459/478/516 516/538/580
f  458/477/515 516/538/580 515/537/579
f  459/478/518 460/479/517 517/539/581
f  459/478/518 517/539/581 516/538/582
f  460/479/90 404/480/90 462/540/90
f  460/479/90 462/540/90 517/539/90
f  462/482/520 461/481/519 518/541/583
f  462/482/520 518/541/583 519/542/584
f  461/481/522 463/483/521 520/543/585
f  461/481/522 520/543/585 518/541/586
f  463/483/521 464/484/523 521/544/587
f  463/483/521 521/544/587 520/543/585
f  464/484/523 465/485/524 522/545/588
f  464/484/523 522/545/588 521/544/587
f  465/485/524 466/486/525 523/546/589
f  465/485/524 523/546/589 522/545/588
f  466/486/525 467/487/526 524/547/590
f  466/486/525 524/547/590 523/546/589
f  467/487/526 468/488/527 525/548/591
f  467/487/526 525/548/591 524/547/590
f  468/488/527 469/489/528 526/549/592
f  468/488/527 526/549/592 525/548/591
f  469/489/528 470/490/529 527/550/593
f  469/489/528 527/550/593 526/549/592
f  470/490/529 471/491/530 528/551/594
f  470/490/529 528/551/594 527/550/593
f  471/491/530 472/492/531 529/552/595
f  471/491/530 529/552/595 528/551/594
f  472/492/531 473/493/532 530/553/596
f  472/492/531 530/553/596 529/552/595
f  473/493/532 474/494/533 531/554/597
f  473/493/532 531/554/597 530/553/596
f  474/494/533 475/495/534 532/555/598
f  474/494/533 532/555/598 531/554/597
f  475/495/534 476/496/535 533/556/599
f  475/495/534 533/556/599 532/555/598
f  476/496/535 477/497/536 534/557/600
f  476/496/535 534/557/600 533/556/599
f  477/497/536 478/498/537 535/558/601
f  477/497/536 535/558/601 534/557/600
f  478/498/537 479/499/538 536/559/602
f  478/498/537 536/559/602 535/558/601
f  479/499/540 480/500/539 537/560/603
f  479/499/540 537/560/603 536/559/604
f  480/500/539 481/501/541 538/561/605
f  480/500/539 538/561/605 537/560/603
f  481/501/541 482/502/542 539/562/606
f  481/501/541 539/562/606 538/561/605
f  482/502/542 483/503/543 540/563/607
f  482/502/542 540/563/607 539/562/606
f  483/503/543 484/504/544 541/564/608
f  483/503/543 541/564/608 540/563/607
f  484/504/544 485/505/545 542/565/609
f  484/504/544 542/565/609 541/564/608
f  485/505/545 486/506/546 543/566/610
f  485/505/545 543/566/610 542/565/609
f  486/506/546 487/507/547 544/567/611
f  486/506/546 544/567/611 543/566/610
f  487/507/547 488/508/548 545/568/612
f  487/507/547 545/568/612 544/567/611
f  488/508/548 489/509/549 546/569/613
f  488/508/548 546/569/613 545/568/612
f  489/509/549 490/510/550 547/570/614
f  489/509/549 547/570/614 546/569/613
f  490/510/550 491/511/551 548/571/615
f  490/510/550 548/571/615 547/570/614
f  491/511/551 492/512/552 549/572/616
f  491/511/551 549/572/616 548/571/615
f  492/512/552 493/513/553 550/573/617
f  492/512/552 550/573/617 549/572/616
f  493/513/553 494/514/554 551/574/618
f  493/513/553 551/574/618 550/573/617
f  494/514/554 495/515/555 552/575/619
f  494/514/554 552/575/619 551/574/618
f  495/515/555 496/516/556 553/576/620
f  495/515/555 553/576/620 552/575/619
f  496/516/558 497/517/557 554/577/621
f  496/516/558 554/577/621 553/576/622
f  497/517/560 498/518/559 555/578/623
f  497/517/560 555/578/623 554/577/624
f  498/518/562 441/519/561 441/579/625
f  498/518/562 441/579/625 555/578/626
f  441/519/86 78/520/86 78/580/86
f  441/519/86 78/580/86 441/579/627
f  78/520/90 499/521/90 556/581/90
f  78/520/90 556/581/90 78/580/89
f  499/521/564 500/522/563 557/582/628
f  499/521/564 557/582/628 556/581/629
f  500/522/563 501/523/565 558/583/630
f  500/522/563 558/583/630 557/582/628
f  501/523/565 502/524/566 559/584/631
f  501/523/565 559/584/631 558/583/630
f  502/524/566 503/525/567 560/585/632
f  502/524/566 560/585/632 559/584/631
f  503/525/567 504/526/568 561/586/633
f  503/525/567 561/586/633 560/585/632
f  504/526/568 505/527/569 562/587/634
f  504/526/568 562/587/634 561/586/633
f  505/527/569 506/528/570 563/588/635
f  505/527/569 563/588/635 562/587/634
f  506/528/570 507/529/571 564/589/636
f  506/528/570 564/589/636 563/588/635
f  507/529/571 508/530/572 565/590/637
f  507/529/571 565/590/637 564/589/636
f  508/530/572 509/531/573 566/591/638
f  508/530/572 566/591/638 565/590/637
f  509/531/573 510/532/574 567/592/639
f  509/531/573 567/592/639 566/591/638
f  510/532/574 511/533/575 568/593/640
f  510/532/574 568/593/640 567/592/639
f  511/533/575 512/534/576 569/594/641
f  511/533/575 569/594/641 568/593/640
f  512/534/576 513/535/577 570/595/642
f  512/534/576 570/595/642 569/594/641
f  513/535/577 514/536/578 571/596/643
f  513/535/577 571/596/643 570/595/642
f  514/536/578 515/537/579 572/597/644
f  514/536/578 572/597/644 571/596/643
f  515/537/579 516/538/580 573/598/645
f  515/537/579 573/598/645 572/597/644
f  516/538/582 517/539/581 574/599/646
f  516/538/582 574/599/646 573/598/647
f  517/539/90 462/540/90 519/600/90
f  517/539/90 519/600/90 574/599/90
f  519/542/584 518/541/583 575/601/648
f  519/542/584 575/601/648 576/602/649
f  518/541/586 520/543/585 577/603/650
f  518/541/586 577/603/650 575/601/651
f  520/543/585 521/544/587 578/604/652
f  520/543/585 578/604/652 577/603/650
f  521/544/587 522/545/588 579/605/653
f  521/544/587 579/605/653 578/604/652
f  522/545/588 523/546/589 580/606/654
f  522/545/588 580/606/654 579/605/653
f  523/546/589 524/547/590 581/607/655
f  523/546/589 581/607/655 580/606/654
f  524/547/590 525/548/591 582/608/656
f  524/547/590 582/608/656 581/607/655
f  525/548/591 526/549/592 583/609/657
f  525/548/591 583/609/657 582/608/656
f  526/549/592 527/550/593 584/610/658
f  526/549/592 584/610/658 583/609/657
f  527/550/593 528/551/594 585/611/659
f  527/550/593 585/611/659 584/610/658
f  528/551/594 529/552/595 586/612/660
f  528/551/594 586/612/660 585/611/659
f  529/552/595 530/553/596 587/613/661
f  529/552/595 587/613/661 586/612/660
f  530/553/596 531/554/597 588/614/662
f  530/553/596 588/614/662 587/613/661
f  531/554/597 532/555/598 589/615/663
f  531/554/597 589/615/663 588/614/662
f  532/555/598 533/556/599 590/616/664
f  532/555/598 590/616/664 589/615/663
f  533/556/599 534/557/600 591/617/665
f  533/556/599 591/617/665 590/616/664
f  534/557/600 535/558/601 592/618/666
f  534/557/600 592/618/666 591/617/665
f  535/558/601 536/559/602 593/619/667
f  535/558/601 593/619/667 592/618/666
f  536/559/604 537/560/603 594/620/668
f  536/559/604 594/620/668 593/619/669
f  537/560/603 538/561/605 595/621/670
f  537/560/603 595/621/670 594/620/668
f  538/561/605 539/562/606 596/622/671
f  538/561/605 596/622/671 595/621/670
f  539/562/606 540/563/607 597/623/672
f  539/562/606 597/623/672 596/622/671
f  540/563/607 541/564/608 598/624/673
f  540/563/607 598/624/673 597/623/672
f  541/564/608 542/565/609 599/625/674
f  541/564/608 599/625/674 598/624/673
f  542/565/609 543/566/610 600/626/675
f  542/565/609 600/626/675 599/625/674
f  543/566/610 544/567/611 601/627/676
f  543/566/610 601/627/676 600/626/675
f  544/567/611 545/568/612 602/628/677
f  544/567/611 602/628/677 601/627/676
f  545/568/612 546/569/613 603/629/678
f  545/568/612 603/629/678 602/628/677
f  546/569/613 547/570/614 604/630/679
f  546/569/613 604/630/679 603/629/678
f  547/570/614 548/571/615 605/631/680
f  547/570/614 605/631/680 604/630/679
f  548/571/615 549/572/616 606/632/681
f  548/571/615 606/632/681 605/631/680
f  549/572/616 550/573/617 607/633/682
f  549/572/616 607/633/682 606/632/681
f  550/573/617 551/574/618 608/634/683
f  550/573/617 608/634/683 607/633/682
f  551/574/618 552/575/619 609/635/684
f  551/574/618 609/635/684 608/634/683
f  552/575/619 553/576/620 610/636/685
f  552/575/619 610/636/685 609/635/684
f  553/576/622 554/577/621 611/637/686
f  553/576/622 611/637/686 610/636/687
f  554/577/624 555/578/623 612/638/688
f  554/577/624 612/638/688 611/637/689
f  555/578/626 441/579/625 613/639/690
f  555/578/626 613/639/690 612/638/691
f  441/579/627 78/580/86 78/640/498
f  441/579/627 78/640/498 613/639/692
f  78/580/89 556/581/90 614/641/90
f  78/580/89 614/641/90 78/640/90
f  556/581/629 557/582/628 615/642/693
f  556/581/629 615/642/693 614/641/694
f  557/582/628 558/583/630 616/643/695
f  557/582/628 616/643/695 615/642/693
f  558/583/630 559/584/631 617/644/696
f  558/583/630 617/644/696 616/643/695
f  559/584/631 560/585/632 618/645/697
f  559/584/631 618/645/697 617/644/696
f  560/585/632 561/586/633 619/646/698
f  560/585/632 619/646/698 618/645/697
f  561/586/633 562/587/634 620/647/699
f  561/586/633 620/647/699 619/646/698
f  562/587/634 563/588/635 621/648/700
f  562/587/634 621/648/700 620/647/699
f  563/588/635 564/589/636 622/649/701
f  563/588/635 622/649/701 621/648/700
f  564/589/636 565/590/637 623/650/702
f  564/589/636 623/650/702 622/649/701
f  565/590/637 566/591/638 624/651/703
f  565/590/637 624/651/703 623/650/702
f  566/591/638 567/592/639 625/652/704
f  566/591/638 625/652/704 624/651/703
f  567/592/639 568/593/640 626/653/705
f  567/592/639 626/653/705 625/652/704
f  568/593/640 569/594/641 627/654/706
f  568/593/640 627/654/706 626/653/705
f  569/594/641 570/595/642 628/655/707
f  569/594/641 628/655/707 627/654/706
f  570/595/642 571/596/643 629/656/708
f  570/595/642 629/656/708 628/655/707
f  571/596/643 572/597/644 630/657/709
f  571/596/643 630/657/709 629/656/708
f  572/597/644 573/598/645 631/658/710
f  572/597/644 631/658/710 630/657/709
f  573/598/647 574/599/646 632/659/711
f  573/598/647 632/659/711 631/658/712
f  574/599/90 519/600/90 576/660/90
f  574/599/90 576/660/90 632/659/713
f  576/602/649 575/601/648 633/661/714
f  576/602/649 633/661/714 634/662/715
f  575/601/651 577/603/650 635/663/716
f  575/601/651 635/663/716 633/661/717
f  577/603/650 578/604/652 636/664/718
f  577/603/650 636/664/718 635/663/716
f  578/604/652 579/605/653 637/665/719
f  578/604/652 637/665/719 636/664/718
f  579/605/653 580/606/654 638/666/720
f  579/605/653 638/666/720 637/665/719
f  580/606/654 581/607/655 639/667/721
f  580/606/654 639/667/721 638/666/720
f  581/607/655 582/608/656 640/668/722
f  581/607/655 640/668/722 639/667/721
f  582/608/656 583/609/657 641/669/723
f  582/608/656 641/669/723 640/668/722
f  583/609/657 584/610/658 642/670/724
f  583/609/657 642/670/724 641/669/723
f  584/610/658 585/611/659 643/671/725
f  584/610/658 643/671/725 642/670/724
f  585/611/659 586/612/660 644/672/726
f  585/611/659 644/672/726 643/671/725
f  586/612/660 587/613/661 645/673/727
f  586/612/660 645/673/727 644/672/726
f  587/613/661 588/614/662 646/674/728
f  587/613/661 646/674/728 645/673/727
f  588/614/662 589/615/663 647/675/729
f  588/614/662 647/675/729 646/674/728
f  589/615/663 590/616/664 648/676/730
f  589/615/663 648/676/730 647/675/729
f  590/616/664 591/617/665 649/677/731
f  590/616/664 649/677/731 648/676/730
f  591/617/665 592/618/666 650/678/732
f  591/617/665 650/678/732 649/677/731
f  592/618/666 593/619/667 651/679/733
f  592/618/666 651/679/733 650/678/732
f  593/619/669 594/620/668 652/680/734
f  593/619/669 652/680/734 651/679/735
f  594/620/668 595/621/670 653/681/736
f  594/620/668 653/681/736 652/680/734
f  595/621/670 596/622/671 654/682/737
f  595/621/670 654/682/737 653/681/736
f  596/622/671 597/623/672 655/683/738
f  596/622/671 655/683/738 654/682/737
f  597/623/672 598/624/673 656/684/739
f  597/623/672 656/684/739 655/683/738
f  598/624/673 599/625/674 657/685/740
f  598/624/673 657/685/740 656/684/739
f  599/625/674 600/626/675 658/686/741
f  599/625/674 658/686/741 657/685/740
f  600/626/675 601/627/676 659/687/742
f  600/626/675 659/687/742 658/686/741
f  601/627/676 602/628/677 660/688/743
f  601/627/676 660/688/743 659/687/742
f  602/628/677 603/629/678 661/689/744
f  602/628/677 661/689/744 660/688/743
f  603/629/678 604/630/679 662/690/745
f  603/629/678 662/690/745 661/689/744
f  604/630/679 605/631/680 663/691/746
f  604/630/679 663/691/746 662/690/745
f  605/631/680 606/632/681 664/692/747
f  605/631/680 664/692/747 663/691/746
f  606/632/681 607/633/682 665/693/748
f  606/632/681 665/693/748 664/692/747
f  607/633/682 608/634/683 666/694/749
f  607/633/682 666/694/749 665/693/748
f  608/634/683 609/635/684 667/695/750
f  608/634/683 667/695/750 666/694/749
f  609/635/684 610/636/685 668/696/751
f  609/635/684 668/696/751 667/695/750
f  610/636/687 611/637/686 669/697/752
f  610/636/687 669/697/752 668/696/753
f  611/637/689 612/638/688 670/698/754
f  611/637/689 670/698/754 669/697/755
f  612/638/691 613/639/690 671/699/756
f  612/638/691 671/699/756 670/698/757
f  613/639/692 78/640/498 78/700/758
f  613/639/692 78/700/758 671/699/759
f  78/640/90 614/641/90 672/701/90
f  78/640/90 672/701/90 78/700/90
f  614/641/694 615/642/693 673/702/760
f  614/641/694 673/702/760 672/701/761
f  615/642/693 616/643/695 674/703/762
f  615/642/693 674/703/762 673/702/760
f  616/643/695 617/644/696 675/704/763
f  616/643/695 675/704/763 674/703/762
f  617/644/696 618/645/697 676/705/764
f  617/644/696 676/705/764 675/704/763
f  618/645/697 619/646/698 677/706/765
f  618/645/697 677/706/765 676/705/764
f  619/646/698 620/647/699 678/707/766
f  619/646/698 678/707/766 677/706/765
f  620/647/699 621/648/700 679/708/767
f  620/647/699 679/708/767 678/707/766
f  621/648/700 622/649/701 680/709/768
f  621/648/700 680/709/768 679/708/767
f  622/649/701 623/650/702 681/710/769
f  622/649/701 681/710/769 680/709/768
f  623/650/702 624/651/703 682/711/770
f  623/650/702 682/711/770 681/710/769
f  624/651/703 625/652/704 683/712/771
f  624/651/703 683/712/771 682/711/770
f  625/652/704 626/653/705 684/713/772
f  625/652/704 684/713/772 683/712/771
f  626/653/705 627/654/706 685/714/773
f  626/653/705 685/714/773 684/713/772
f  627/654/706 628/655/707 686/715/774
f  627/654/706 686/715/774 685/714/773
f  628/655/707 629/656/708 687/716/775
f  628/655/707 687/716/775 686/715/774
f  629/656/708 630/657/709 688/717/776
f  629/656/708 688/717/776 687/716/775
f  630/657/709 631/658/710 689/718/777
f  630/657/709 689/718/777 688/717/776
f  631/658/712 632/659/711 690/719/778
f  631/658/712 690/719/778 689/718/779
f  632/659/713 576/660/780 634/720/780
f  632/659/713 634/720/781 690/719/782
f  634/662/715 633/661/714 691/721/783
f  634/662/715 691/721/783 692/722/784
f  633/661/717 635/663/716 693/723/785
f  633/661/717 693/723/785 691/721/786
f  635/663/716 636/664/718 694/724/787
f  635/663/716 694/724/787 693/723/785
f  636/664/718 637/665/719 695/725/788
f  636/664/718 695/725/788 694/724/787
f  637/665/719 638/666/720 696/726/789
f  637/665/719 696/726/789 695/725/788
f  638/666/720 639/667/721 697/727/790
f  638/666/720 697/727/790 696/726/789
f  639/667/721 640/668/722 698/728/791
f  639/667/721 698/728/791 697/727/790
f  640/668/722 641/669/723 699/729/792
f  640/668/722 699/729/792 698/728/791
f  641/669/723 642/670/724 700/730/793
f  641/669/723 700/730/793 699/729/792
f  642/670/724 643/671/725 701/731/794
f  642/670/724 701/731/794 700/730/793
f  643/671/725 644/672/726 702/732/795
f  643/671/725 702/732/795 701/731/794
f  644/672/726 645/673/727 703/733/796
f  644/672/726 703/733/796 702/732/795
f  645/673/727 646/674/728 704/734/797
f  645/673/727 704/734/797 703/733/796
f  646/674/728 647/675/729 705/735/798
f  646/674/728 705/735/798 704/734/797
f  647/675/729 648/676/730 706/736/799
f  647/675/729 706/736/799 705/735/798
f  648/676/730 649/677/731 707/737/800
f  648/676/730 707/737/800 706/736/799
f  649/677/731 650/678/732 708/738/801
f  649/677/731 708/738/801 707/737/800
f  650/678/732 651/679/733 709/739/802
f  650/678/732 709/739/802 708/738/801
f  651/679/735 652/680/734 710/740/803
f  651/679/735 710/740/803 709/739/804
f  652/680/734 653/681/736 711/741/805
f  652/680/734 711/741/805 710/740/803
f  653/681/736 654/682/737 712/742/806
f  653/681/736 712/742/806 711/741/805
f  654/682/737 655/683/738 713/743/807
f  654/682/737 713/743/807 712/742/806
f  655/683/738 656/684/739 714/744/808
f  655/683/738 714/744/808 713/743/807
f  656/684/739 657/685/740 715/745/809
f  656/684/739 715/745/809 714/744/808
f  657/685/740 658/686/741 716/746/810
f  657/685/740 716/746/810 715/745/809
f  658/686/741 659/687/742 717/747/811
f  658/686/741 717/747/811 716/746/810
f  659/687/742 660/688/743 718/748/812
f  659/687/742 718/748/812 717/747/811
f  660/688/743 661/689/744 719/749/813
f  660/688/743 719/749/813 718/748/812
f  661/689/744 662/690/745 720/750/814
f  661/689/744 720/750/814 719/749/813
f  662/690/745 663/691/746 721/751/815
f  662/690/745 721/751/815 720/750/814
f  663/691/746 664/692/747 722/752/816
f  663/691/746 722/752/816 721/751/815
f  664/692/747 665/693/748 723/753/817
f  664/692/747 723/753/817 722/752/816
f  665/693/748 666/694/749 724/754/818
f  665/693/748 724/754/818 723/753/817
f  666/694/749 667/695/750 725/755/819
f  666/694/749 725/755/819 724/754/818
f  667/695/750 668/696/751 726/756/820
f  667/695/750 726/756/820 725/755/819
f  668/696/753 669/697/752 727/757/821
f  668/696/753 727/757/821 726/756/822
f  669/697/755 670/698/754 728/758/823
f  669/697/755 728/758/823 727/757/824
f  670/698/757 671/699/756 671/759/825
f  670/698/757 671/759/825 728/758/826
f  671/699/759 78/700/758 729/760/827
f  671/699/759 729/760/827 671/759/827
f  78/700/90 672/701/90 730/761/90
f  78/700/90 730/761/90 729/760/90
f  672/701/761 673/702/760 731/762/828
f  672/701/761 731/762/828 730/761/829
f  673/702/760 674/703/762 732/763/830
f  673/702/760 732/763/830 731/762/828
f  674/703/762 675/704/763 733/764/831
f  674/703/762 733/764/831 732/763/830
f  675/704/763 676/705/764 734/765/832
f  675/704/763 734/765/832 733/764/831
f  676/705/764 677/706/765 735/766/833
f  676/705/764 735/766/833 734/765/832
f  677/706/765 678/707/766 736/767/834
f  677/706/765 736/767/834 735/766/833
f  678/707/766 679/708/767 737/768/835
f  678/707/766 737/768/835 736/767/834
f  679/708/767 680/709/768 738/769/836
f  679/708/767 738/769/836 737/768/835
f  680/709/768 681/710/769 739/770/837
f  680/709/768 739/770/837 738/769/836
f  681/710/769 682/711/770 740/771/838
f  681/710/769 740/771/838 739/770/837
f  682/711/770 683/712/771 741/772/839
f  682/711/770 741/772/839 740/771/838
f  683/712/771 684/713/772 742/773/840
f  683/712/771 742/773/840 741/772/839
f  684/713/772 685/714/773 743/774/841
f  684/713/772 743/774/841 742/773/840
f  685/714/773 686/715/774 744/775/842
f  685/714/773 744/775/842 743/774/841
f  686/715/774 687/716/775 745/776/843
f  686/715/774 745/776/843 744/775/842
f  687/716/775 688/717/776 746/777/844
f  687/716/775 746/777/844 745/776/843
f  688/717/776 689/718/777 747/778/845
f  688/717/776 747/778/845 746/777/844
f  689/718/779 690/719/778 748/779/846
f  689/718/779 748/779/846 747/778/847
f  690/719/782 634/720/90 692/780/89
f  690/719/782 692/780/89 748/779/90
f  692/722/784 691/721/783 749/781/848
f  692/722/784 749/781/848 750/782/849
f  691/721/786 693/723/785 751/783/850
f  691/721/786 751/783/850 749/781/851
f  693/723/785 694/724/787 752/784/852
f  693/723/785 752/784/852 751/783/850
f  694/724/787 695/725/788 753/785/853
f  694/724/787 753/785/853 752/784/852
f  695/725/788 696/726/789 754/786/854
f  695/725/788 754/786/854 753/785/853
f  696/726/789 697/727/790 755/787/855
f  696/726/789 755/787/855 754/786/854
f  697/727/790 698/728/791 756/788/856
f  697/727/790 756/788/856 755/787/855
f  698/728/791 699/729/792 757/789/857
f  698/728/791 757/789/857 756/788/856
f  699/729/792 700/730/793 758/790/858
f  699/729/792 758/790/858 757/789/857
f  700/730/793 701/731/794 759/791/859
f  700/730/793 759/791/859 758/790/858
f  701/731/794 702/732/795 760/792/860
f  701/731/794 760/792/860 759/791/859
f  702/732/795 703/733/796 761/793/861
f  702/732/795 761/793/861 760/792/860
f  703/733/796 704/734/797 762/794/862
f  703/733/796 762/794/862 761/793/861
f  704/734/797 705/735/798 763/795/863
f  704/734/797 763/795/863 762/794/862
f  705/735/798 706/736/799 764/796/864
f  705/735/798 764/796/864 763/795/863
f  706/736/799 707/737/800 765/797/865
f  706/736/799 765/797/865 764/796/864
f  707/737/800 708/738/801 766/798/866
f  707/737/800 766/798/866 765/797/865
f  708/738/801 709/739/802 767/799/867
f  708/738/801 767/799/867 766/798/866
f  709/739/804 710/740/803 768/800/868
f  709/739/804 768/800/868 767/799/869
f  710/740/803 711/741/805 769/801/870
f  710/740/803 769/801/870 768/800/868
f  711/741/805 712/742/806 770/802/871
f  711/741/805 770/802/871 769/801/870
f  712/742/806 713/743/807 771/803/872
f  712/742/806 771/803/872 770/802/871
f  713/743/807 714/744/808 772/804/873
f  713/743/807 772/804/873 771/803/872
f  714/744/808 715/745/809 773/805/874
f  714/744/808 773/805/874 772/804/873
f  715/745/809 716/746/810 774/806/875
f  715/745/809 774/806/875 773/805/874
f  716/746/810 717/747/811 775/807/876
f  716/746/810 775/807/876 774/806/875
f  717/747/811 718/748/812 776/808/877
f  717/747/811 776/808/877 775/807/876
f  718/748/812 719/749/813 777/809/878
f  718/748/812 777/809/878 776/808/877
f  719/749/813 720/750/814 778/810/879
f  719/749/813 778/810/879 777/809/878
f  720/750/814 721/751/815 779/811/880
f  720/750/814 779/811/880 778/810/879
f  721/751/815 722/752/816 780/812/881
f  721/751/815 780/812/881 779/811/880
f  722/752/816 723/753/817 781/813/882
f  722/752/816 781/813/882 780/812/881
f  723/753/817 724/754/818 782/814/883
f  723/753/817 782/814/883 781/813/882
f  724/754/818 725/755/819 783/815/884
f  724/754/818 783/815/884 782/814/883
f  725/755/819 726/756/820 784/816/885
f  725/755/819 784/816/885 783/815/884
f  726/756/822 727/757/821 785/817/886
f  726/756/822 785/817/886 784/816/887
f  727/757/824 728/758/823 786/818/888
f  727/757/824 786/818/888 785/817/889
f  728/758/826 671/759/825 787/819/890
f  728/758/826 787/819/890 786/818/891
f  671/759/827 729/760/827 729/820/758
f  671/759/827 729/820/758 787/819/758
f  729/760/90 730/761/90 788/821/90
f  729/760/90 788/821/90 729/820/89
f  730/761/829 731/762/828 789/822/892
f  730/761/829 789/822/892 788/821/893
f  731/762/828 732/763/830 790/823/894
f  731/762/828 790/823/894 789/822/892
f  732/763/830 733/764/831 791/824/895
f  732/763/830 791/824/895 790/823/894
f  733/764/831 734/765/832 792/825/896
f  733/764/831 792/825/896 791/824/895
f  734/765/832 735/766/833 793/826/897
f  734/765/832 793/826/897 792/825/896
f  735/766/833 736/767/834 794/827/898
f  735/766/833 794/827/898 793/826/897
f  736/767/834 737/768/835 795/828/899
f  736/767/834 795/828/899 794/827/898
f  737/768/835 738/769/836 796/829/900
f  737/768/835 796/829/900 795/828/899
f  738/769/836 739/770/837 797/830/901
f  738/769/836 797/830/901 796/829/900
f  739/770/837 740/771/838 798/831/902
f  739/770/837 798/831/902 797/830/901
f  740/771/838 741/772/839 799/832/903
f  740/771/838 799/832/903 798/831/902
f  741/772/839 742/773/840 800/833/904
f  741/772/839 800/833/904 799/832/903
f  742/773/840 743/774/841 801/834/905
f  742/773/840 801/834/905 800/833/904
f  743/774/841 744/775/842 802/835/906
f  743/774/841 802/835/906 801/834/905
f  744/775/842 745/776/843 803/836/907
f  744/775/842 803/836/907 802/835/906
f  745/776/843 746/777/844 804/837/908
f  745/776/843 804/837/908 803/836/907
f  746/777/844 747/778/845 805/838/909
f  746/777/844 805/838/909 804/837/908
f  747/778/847 748/779/846 806/839/910
f  747/778/847 806/839/910 805/838/911
f  748/779/90 692/780/90 750/840/90
f  748/779/90 750/840/90 806/839/89
f  750/782/849 749/781/848 807/841/912
f  750/782/849 807/841/912 808/842/913
f  749/781/851 751/783/850 809/843/914
f  749/781/851 809/843/914 807/841/915
f  751/783/850 752/784/852 810/844/916
f  751/783/850 810/844/916 809/843/914
f  752/784/852 753/785/853 811/845/917
f  752/784/852 811/845/917 810/844/916
f  753/785/853 754/786/854 812/846/918
f  753/785/853 812/846/918 811/845/917
f  754/786/854 755/787/855 813/847/919
f  754/786/854 813/847/919 812/846/918
f  755/787/855 756/788/856 814/848/920
f  755/787/855 814/848/920 813/847/919
f  756/788/856 757/789/857 815/849/921
f  756/788/856 815/849/921 814/848/920
f  757/789/857 758/790/858 816/850/922
f  757/789/857 816/850/922 815/849/921
f  758/790/858 759/791/859 817/851/923
f  758/790/858 817/851/923 816/850/922
f  759/791/859 760/792/860 818/852/924
f  759/791/859 818/852/924 817/851/923
f  760/792/860 761/793/861 819/853/925
f  760/792/860 819/853/925 818/852/924
f  761/793/861 762/794/862 820/854/926
f  761/793/861 820/854/926 819/853/925
f  762/794/862 763/795/863 821/855/927
f  762/794/862 821/855/927 820/854/926
f  763/795/863 764/796/864 822/856/928
f  763/795/863 822/856/928 821/855/927
f  764/796/864 765/797/865 823/857/929
f  764/796/864 823/857/929 822/856/928
f  765/797/865 766/798/866 824/858/930
f  765/797/865 824/858/930 823/857/929
f  766/798/866 767/799/867 825/859/931
f  766/798/866 825/859/931 824/858/930
f  767/799/869 768/800/868 826/860/932
f  767/799/869 826/860/932 825/859/933
f  768/800/868 769/801/870 827/861/934
f  768/800/868 827/861/934 826/860/932
f  769/801/870 770/802/871 828/862/935
f  769/801/870 828/862/935 827/861/934
f  770/802/871 771/803/872 829/863/936
f  770/802/871 829/863/936 828/862/935
f  771/803/872 772/804/873 830/864/937
f  771/803/872 830/864/937 829/863/936
f  772/804/873 773/805/874 831/865/938
f  772/804/873 831/865/938 830/864/937
f  773/805/874 774/806/875 832/866/939
f  773/805/874 832/866/939 831/865/938
f  774/806/875 775/807/876 833/867/940
f  774/806/875 833/867/940 832/866/939
f  775/807/876 776/808/877 834/868/941
f  775/807/876 834/868/941 833/867/940
f  776/808/877 777/809/878 835/869/942
f  776/808/877 835/869/942 834/868/941
f  777/809/878 778/810/879 836/870/943
f  777/809/878 836/870/943 835/869/942
f  778/810/879 779/811/880 837/871/944
f  778/810/879 837/871/944 836/870/943
f  779/811/880 780/812/881 838/872/945
f  779/811/880 838/872/945 837/871/944
f  780/812/881 781/813/882 839/873/946
f  780/812/881 839/873/946 838/872/945
f  781/813/882 782/814/883 840/874/947
f  781/813/882 840/874/947 839/873/946
f  782/814/883 783/815/884 841/875/948
f  782/814/883 841/875/948 840/874/947
f  783/815/884 784/816/885 842/876/949
f  783/815/884 842/876/949 841/875/948
f  784/816/887 785/817/886 843/877/950
f  784/816/887 843/877/950 842/876/951
f  785/817/889 786/818/888 844/878/952
f  785/817/889 844/878/952 843/877/953
f  786/818/891 787/819/890 787/879/954
f  786/818/891 787/879/954 844/878/955
f  787/819/758 729/820/758 729/880/86
f  787/819/758 729/880/86 787/879/86
f  729/820/89 788/821/90 845/881/90
f  729/820/89 845/881/90 729/880/90
f  788/821/893 789/822/892 846/882/956
f  788/821/893 846/882/956 845/881/957
f  789/822/892 790/823/894 847/883/958
f  789/822/892 847/883/958 846/882/956
f  790/823/894 791/824/895 848/884/959
f  790/823/894 848/884/959 847/883/958
f  791/824/895 792/825/896 849/885/960
f  791/824/895 849/885/960 848/884/959
f  792/825/896 793/826/897 850/886/961
f  792/825/896 850/886/961 849/885/960
f  793/826/897 794/827/898 851/887/962
f  793/826/897 851/887/962 850/886/961
f  794/827/898 795/828/899 852/888/963
f  794/827/898 852/888/963 851/887/962
f  795/828/899 796/829/900 853/889/964
f  795/828/899 853/889/964 852/888/963
f  796/829/900 797/830/901 854/890/965
f  796/829/900 854/890/965 853/889/964
f  797/830/901 798/831/902 855/891/966
f  797/830/901 855/891/966 854/890/965
f  798/831/902 799/832/903 856/892/967
f  798/831/902 856/892/967 855/891/966
f  799/832/903 800/833/904 857/893/968
f  799/832/903 857/893/968 856/892/967
f  800/833/904 801/834/905 858/894/969
f  800/833/904 858/894/969 857/893/968
f  801/834/905 802/835/906 859/895/970
f  801/834/905 859/895/970 858/894/969
f  802/835/906 803/836/907 860/896/971
f  802/835/906 860/896/971 859/895/970
f  803/836/907 804/837/908 861/897/972
f  803/836/907 861/897/972 860/896/971
f  804/837/908 805/838/909 862/898/973
f  804/837/908 862/898/973 861/897/972
f  805/838/911 806/839/910 863/899/974
f  805/838/911 863/899/974 862/898/975
f  806/839/89 750/840/90 808/900/89
f  806/839/89 808/900/90 863/899/976
f  808/842/913 807/841/912 864/901/977
f  808/842/913 864/901/977 865/902/978
f  807/841/915 809/843/914 866/903/979
f  807/841/915 866/903/979 864/901/980
f  809/843/914 810/844/916 867/904/981
f  809/843/914 867/904/981 866/903/979
f  810/844/916 811/845/917 868/905/982
f  810/844/916 868/905/982 867/904/981
f  811/845/917 812/846/918 869/906/983
f  811/845/917 869/906/983 868/905/982
f  812/846/918 813/847/919 870/907/984
f  812/846/918 870/907/984 869/906/983
f  813/847/919 814/848/920 871/908/985
f  813/847/919 871/908/985 870/907/984
f  814/848/920 815/849/921 872/909/986
f  814/848/920 872/909/986 871/908/985
f  815/849/921 816/850/922 873/910/987
f  815/849/921 873/910/987 872/909/986
f  816/850/922 817/851/923 874/911/988
f  816/850/922 874/911/988 873/910/987
f  817/851/923 818/852/924 875/912/989
f  817/851/923 875/912/989 874/911/988
f  818/852/924 819/853/925 876/913/990
f  818/852/924 876/913/990 875/912/989
f  819/853/925 820/854/926 877/914/991
f  819/853/925 877/914/991 876/913/990
f  820/854/926 821/855/927 878/915/992
f  820/854/926 878/915/992 877/914/991
f  821/855/927 822/856/928 879/916/993
f  821/855/927 879/916/993 878/915/992
f  822/856/928 823/857/929 880/917/994
f  822/856/928 880/917/994 879/916/993
f  823/857/929 824/858/930 881/918/995
f  823/857/929 881/918/995 880/917/994
f  824/858/930 825/859/931 882/919/996
f  824/858/930 882/919/996 881/918/995
f  825/859/933 826/860/932 883/920/997
f  825/859/933 883/920/997 882/919/998
f  826/860/932 827/861/934 884/921/999
f  826/860/932 884/921/999 883/920/997
f  827/861/934 828/862/935 885/922/1000
f  827/861/934 885/922/1000 884/921/999
f  828/862/935 829/863/936 886/923/1001
f  828/862/935 886/923/1001 885/922/1000
f  829/863/936 830/864/937 887/924/1002
f  829/863/936 887/924/1002 886/923/1001
f  830/864/937 831/865/938 888/925/1003
f  830/864/937 888/925/1003 887/924/1002
f  831/865/938 832/866/939 889/926/1004
f  831/865/938 889/926/1004 888/925/1003
f  832/866/939 833/867/940 890/927/1005
f  832/866/939 890/927/1005 889/926/1004
f  833/867/940 834/868/941 891/928/1006
f  833/867/940 891/928/1006 890/927/1005
f  834/868/941 835/869/942 892/929/1007
f  834/868/941 892/929/1007 891/928/1006
f  835/869/942 836/870/943 893/930/1008
f  835/869/942 893/930/1008 892/929/1007
f  836/870/943 837/871/944 894/931/1009
f  836/870/943 894/931/1009 893/930/1008
f  837/871/944 838/872/945 895/932/1010
f  837/871/944 895/932/1010 894/931/1009
f  838/872/945 839/873/946 896/933/1011
f  838/872/945 896/933/1011 895/932/1010
f  839/873/946 840/874/947 897/934/1012
f  839/873/946 897/934/1012 896/933/1011
f  840/874/947 841/875/948 898/935/1013
f  840/874/947 898/935/1013 897/934/1012
f  841/875/948 842/876/949 899/936/1014
f  841/875/948 899/936/1014 898/935/1013
f  842/876/951 843/877/950 900/937/1015
f  842/876/951 900/937/1015 899/936/1016
f  843/877/953 844/878/952 901/938/1017
f  843/877/953 901/938/1017 900/937/1018
f  844/878/955 787/879/954 787/939/1019
f  844/878/955 787/939/1019 901/938/1020
f  787/879/86 729/880/86 729/940/86
f  787/879/86 729/940/86 787/939/86
f  729/880/90 845/881/90 902/941/90
f  729/880/90 902/941/90 729/940/90
f  845/881/957 846/882/956 903/942/1021
f  845/881/957 903/942/1021 902/941/1022
f  846/882/956 847/883/958 904/943/1023
f  846/882/956 904/943/1023 903/942/1021
f  847/883/958 848/884/959 905/944/1024
f  847/883/958 905/944/1024 904/943/1023
f  848/884/959 849/885/960 906/945/1025
f  848/884/959 906/945/1025 905/944/1024
f  849/885/960 850/886/961 907/946/1026
f  849/885/960 907/946/1026 906/945/1025
f  850/886/961 851/887/962 908/947/1027
f  850/886/961 908/947/1027 907/946/1026
f  851/887/962 852/888/963 909/948/1028
f  851/887/962 909/948/1028 908/947/1027
f  852/888/963 853/889/964 910/949/1029
f  852/888/963 910/949/1029 909/948/1028
f  853/889/964 854/890/965 911/950/1030
f  853/889/964 911/950/1030 910/949/1029
f  854/890/965 855/891/966 912/951/1031
f  854/890/965 912/951/1031 911/950/1030
f  855/891/966 856/892/967 913/952/1032
f  855/891/966 913/952/1032 912/951/1031
f  856/892/967 857/893/968 914/953/1033
f  856/892/967 914/953/1033 913/952/1032
f  857/893/968 858/894/969 915/954/1034
f  857/893/968 915/954/1034 914/953/1033
f  858/894/969 859/895/970 916/955/1035
f  858/894/969 916/955/1035 915/954/1034
f  859/895/970 860/896/971 917/956/1036
f  859/895/970 917/956/1036 916/955/1035
f  860/896/971 861/897/972 918/957/1037
f  860/896/971 918/957/1037 917/956/1036
f  861/897/972 862/898/973 919/958/1038
f  861/897/972 919/958/1038 918/957/1037
f  862/898/975 863/899/974 920/959/1039
f  862/898/975 920/959/1039 919/958/1040
f  863/899/976 808/900/1041 865/960/1041
f  863/899/976 865/960/1042 920/959/1043
f  865/902/978 864/901/977 921/961/1044
f  865/902/978 921/961/1044 922/962/1045
f  864/901/980 866/903/979 923/963/1046
f  864/901/980 923/963/1046 921/961/1047
f  866/903/979 867/904/981 924/964/1048
f  866/903/979 924/964/1048 923/963/1046
f  867/904/981 868/905/982 925/965/1049
f  867/904/981 925/965/1049 924/964/1048
f  868/905/982 869/906/983 926/966/1050
f  868/905/982 926/966/1050 925/965/1049
f  869/906/983 870/907/984 927/967/1051
f  869/906/983 927/967/1051 926/966/1050
f  870/907/984 871/908/985 928/968/1052
f  870/907/984 928/968/1052 927/967/1051
f  871/908/985 872/909/986 929/969/1053
f  871/908/985 929/969/1053 928/968/1052
f  872/909/986 873/910/987 930/970/1054
f  872/909/986 930/970/1054 929/969/1053
f  873/910/987 874/911/988 931/971/1055
f  873/910/987 931/971/1055 930/970/1054
f  874/911/988 875/912/989 932/972/1056
f  874/911/988 932/972/1056 931/971/1055
f  875/912/989 876/913/990 933/973/1057
f  875/912/989 933/973/1057 932/972/1056
f  876/913/990 877/914/991 934/974/1058
f  876/913/990 934/974/1058 933/973/1057
f  877/914/991 878/915/992 935/975/1059
f  877/914/991 935/975/1059 934/974/1058
f  878/915/992 879/916/993 936/976/1060
f  878/915/992 936/976/1060 935/975/1059
f  879/916/993 880/917/994 937/977/1061
f  879/916/993 937/977/1061 936/976/1060
f  880/917/994 881/918/995 938/978/1062
f  880/917/994 938/978/1062 937/977/1061
f  881/918/995 882/919/996 939/979/1063
f  881/918/995 939/979/1063 938/978/1062
f  882/919/998 883/920/997 940/980/1064
f  882/919/998 940/980/1064 939/979/1065
f  883/920/997 884/921/999 941/981/1066
f  883/920/997 941/981/1066 940/980/1064
f  884/921/999 885/922/1000 942/982/1067
f  884/921/999 942/982/1067 941/981/1066
f  885/922/1000 886/923/1001 943/983/1068
f  885/922/1000 943/983/1068 942/982/1067
f  886/923/1001 887/924/1002 944/984/1069
f  886/923/1001 944/984/1069 943/983/1068
f  887/924/1002 888/925/1003 945/985/1070
f  887/924/1002 945/985/1070 944/984/1069
f  888/925/1003 889/926/1004 946/986/1071
f  888/925/1003 946/986/1071 945/985/1070
f  889/926/1004 890/927/1005 947/987/1072
f  889/926/1004 947/987/1072 946/986/1071
f  890/927/1005 891/928/1006 948/988/1073
f  890/927/1005 948/988/1073 947/987/1072
f  891/928/1006 892/929/1007 949/989/1074
f  891/928/1006 949/989/1074 948/988/1073
f  892/929/1007 893/930/1008 950/990/1075
f  892/929/1007 950/990/1075 949/989/1074
f  893/930/1008 894/931/1009 951/991/1076
f  893/930/1008 951/991/1076 950/990/1075
f  894/931/1009 895/932/1010 952/992/1077
f  894/931/1009 952/992/1077 951/991/1076
f  895/932/1010 896/933/1011 953/993/1078
f  895/932/1010 953/993/1078 952/992/1077
f  896/933/1011 897/934/1012 954/994/1079
f  896/933/1011 954/994/1079 953/993/1078
f  897/934/1012 898/935/1013 955/995/1080
f  897/934/1012 955/995/1080 954/994/1079
f  898/935/1013 899/936/1014 956/996/1081
f  898/935/1013 956/996/1081 955/995/1080
f  899/936/1016 900/937/1015 957/997/1082
f  899/936/1016 957/997/1082 956/996/1083
f  900/937/1018 901/938/1017 958/998/1084
f  900/937/1018 958/998/1084 957/997/1085
f  901/938/1020 787/939/1019 671/999/1086
f  901/938/1020 671/999/1086 958/998/1087
f  787/939/86 729/940/86 729/1000/86
f  787/939/86 729/1000/86 671/999/1088
f  729/940/90 902/941/90 959/1001/89
f  729/940/90 959/1001/89 729/1000/90
f  902/941/1022 903/942/1021 960/1002/1089
f  902/941/1022 960/1002/1089 959/1001/1090
f  903/942/1021 904/943/1023 961/1003/1091
f  903/942/1021 961/1003/1091 960/1002/1089
f  904/943/1023 905/944/1024 962/1004/1092
f  904/943/1023 962/1004/1092 961/1003/1091
f  905/944/1024 906/945/1025 963/1005/1093
f  905/944/1024 963/1005/1093 962/1004/1092
f  906/945/1025 907/946/1026 964/1006/1094
f  906/945/1025 964/1006/1094 963/1005/1093
f  907/946/1026 908/947/1027 965/1007/1095
f  907/946/1026 965/1007/1095 964/1006/1094
f  908/947/1027 909/948/1028 966/1008/1096
f  908/947/1027 966/1008/1096 965/1007/1095
f  909/948/1028 910/949/1029 967/1009/1097
f  909/948/1028 967/1009/1097 966/1008/1096
f  910/949/1029 911/950/1030 968/1010/1098
f  910/949/1029 968/1010/1098 967/1009/1097
f  911/950/1030 912/951/1031 969/1011/1099
f  911/950/1030 969/1011/1099 968/1010/1098
f  912/951/1031 913/952/1032 970/1012/1100
f  912/951/1031 970/1012/1100 969/1011/1099
f  913/952/1032 914/953/1033 971/1013/1101
f  913/952/1032 971/1013/1101 970/1012/1100
f  914/953/1033 915/954/1034 972/1014/1102
f  914/953/1033 972/1014/1102 971/1013/1101
f  915/954/1034 916/955/1035 973/1015/1103
f  915/954/1034 973/1015/1103 972/1014/1102
f  916/955/1035 917/956/1036 974/1016/1104
f  916/955/1035 974/1016/1104 973/1015/1103
f  917/956/1036 918/957/1037 975/1017/1105
f  917/956/1036 975/1017/1105 974/1016/1104
f  918/957/1037 919/958/1038 976/1018/1106
f  918/957/1037 976/1018/1106 975/1017/1105
f  919/958/1040 920/959/1039 977/1019/1107
f  919/958/1040 977/1019/1107 976/1018/1108
f  920/959/1043 865/960/90 922/1020/90
f  920/959/1043 922/1020/90 977/1019/90
f  922/962/1045 921/961/1044 978/1021/1109
f  922/962/1045 978/1021/1109 979/1022/1110
f  921/961/1047 923/963/1046 980/1023/1111
f  921/961/1047 980/1023/1111 978/1021/1112
f  923/963/1046 924/964/1048 981/1024/1113
f  923/963/1046 981/1024/1113 980/1023/1111
f  924/964/1048 925/965/1049 982/1025/1114
f  924/964/1048 982/1025/1114 981/1024/1113
f  925/965/1049 926/966/1050 983/1026/1115
f  925/965/1049 983/1026/1115 982/1025/1114
f  926/966/1050 927/967/1051 984/1027/1116
f  926/966/1050 984/1027/1116 983/1026/1115
f  927/967/1051 928/968/1052 985/1028/1117
f  927/967/1051 985/1028/1117 984/1027/1116
f  928/968/1052 929/969/1053 986/1029/1118
f  928/968/1052 986/1029/1118 985/1028/1117
f  929/969/1053 930/970/1054 987/1030/1119
f  929/969/1053 987/1030/1119 986/1029/1118
f  930/970/1054 931/971/1055 988/1031/1120
f  930/970/1054 988/1031/1120 987/1030/1119
f  931/971/1055 932/972/1056 989/1032/1121
f  931/971/1055 989/1032/1121 988/1031/1120
f  932/972/1056 933/973/1057 990/1033/1122
f  932/972/1056 990/1033/1122 989/1032/1121
f  933/973/1057 934/974/1058 991/1034/1123
f  933/973/1057 991/1034/1123 990/1033/1122
f  934/974/1058 935/975/1059 992/1035/1124
f  934/974/1058 992/1035/1124 991/1034/1123
f  935/975/1059 936/976/1060 993/1036/1125
f  935/975/1059 993/1036/1125 992/1035/1124
f  936/976/1060 937/977/1061 994/1037/1126
f  936/976/1060 994/1037/1126 993/1036/1125
f  937/977/1061 938/978/1062 995/1038/1127
f  937/977/1061 995/1038/1127 994/1037/1126
f  938/978/1062 939/979/1063 996/1039/1128
f  938/978/1062 996/1039/1128 995/1038/1127
f  939/979/1065 940/980/1064 997/1040/1129
f  939/979/1065 997/1040/1129 996/1039/1130
f  940/980/1064 941/981/1066 998/1041/1131
f  940/980/1064 998/1041/1131 997/1040/1129
f  941/981/1066 942/982/1067 999/1042/1132
f  941/981/1066 999/1042/1132 998/1041/1131
f  942/982/1067 943/983/1068 1000/1043/1133
f  942/982/1067 1000/1043/1133 999/1042/1132
f  943/983/1068 944/984/1069 1001/1044/1134
f  943/983/1068 1001/1044/1134 1000/1043/1133
f  944/984/1069 945/985/1070 1002/1045/1135
f  944/984/1069 1002/1045/1135 1001/1044/1134
f  945/985/1070 946/986/1071 1003/1046/1136
f  945/985/1070 1003/1046/1136 1002/1045/1135
f  946/986/1071 947/987/1072 1004/1047/1137
f  946/986/1071 1004/1047/1137 1003/1046/1136
f  947/987/1072 948/988/1073 1005/1048/1138
f  947/987/1072 1005/1048/1138 1004/1047/1137
f  948/988/1073 949/989/1074 1006/1049/1139
f  948/988/1073 1006/1049/1139 1005/1048/1138
f  949/989/1074 950/990/1075 1007/1050/1140
f  949/989/1074 1007/1050/1140 1006/1049/1139
f  950/990/1075 951/991/1076 1008/1051/1141
f  950/990/1075 1008/1051/1141 1007/1050/1140
f  951/991/1076 952/992/1077 1009/1052/1142
f  951/991/1076 1009/1052/1142 1008/1051/1141
f  952/992/1077 953/993/1078 1010/1053/1143
f  952/992/1077 1010/1053/1143 1009/1052/1142
f  953/993/1078 954/994/1079 1011/1054/1144
f  953/993/1078 1011/1054/1144 1010/1053/1143
f  954/994/1079 955/995/1080 1012/1055/1145
f  954/994/1079 1012/1055/1145 1011/1054/1144
f  955/995/1080 956/996/1081 1013/1056/1146
f  955/995/1080 1013/1056/1146 1012/1055/1145
f  956/996/1083 957/997/1082 1014/1057/1147
f  956/996/1083 1014/1057/1147 1013/1056/1148
f  957/997/1085 958/998/1084 1015/1058/1149
f  957/997/1085 1015/1058/1149 1014/1057/1150
f  958/998/1087 671/999/1086 671/1059/1151
f  958/998/1087 671/1059/1151 1015/1058/1152
f  671/999/1088 729/1000/86 729/1060/1088
f  671/999/1088 729/1060/1088 671/1059/86
f  729/1000/90 959/1001/89 1016/1061/90
f  729/1000/90 1016/1061/90 729/1060/1153
f  959/1001/1090 960/1002/1089 1017/1062/1154
f  959/1001/1090 1017/1062/1154 1016/1061/1155
f  960/1002/1089 961/1003/1091 1018/1063/1156
f  960/1002/1089 1018/1063/1156 1017/1062/1154
f  961/1003/1091 962/1004/1092 1019/1064/1157
f  961/1003/1091 1019/1064/1157 1018/1063/1156
f  962/1004/1092 963/1005/1093 1020/1065/1158
f  962/1004/1092 1020/1065/1158 1019/1064/1157
f  963/1005/1093 964/1006/1094 1021/1066/1159
f  963/1005/1093 1021/1066/1159 1020/1065/1158
f  964/1006/1094 965/1007/1095 1022/1067/1160
f  964/1006/1094 1022/1067/1160 1021/1066/1159
f  965/1007/1095 966/1008/1096 1023/1068/1161
f  965/1007/1095 1023/1068/1161 1022/1067/1160
f  966/1008/1096 967/1009/1097 1024/1069/1162
f  966/1008/1096 1024/1069/1162 1023/1068/1161
f  967/1009/1097 968/1010/1098 1025/1070/1163
f  967/1009/1097 1025/1070/1163 1024/1069/1162
f  968/1010/1098 969/1011/1099 1026/1071/1164
f  968/1010/1098 1026/1071/1164 1025/1070/1163
f  969/1011/1099 970/1012/1100 1027/1072/1165
f  969/1011/1099 1027/1072/1165 1026/1071/1164
f  970/1012/1100 971/1013/1101 1028/1073/1166
f  970/1012/1100 1028/1073/1166 1027/1072/1165
f  971/1013/1101 972/1014/1102 1029/1074/1167
f  971/1013/1101 1029/1074/1167 1028/1073/1166
f  972/1014/1102 973/1015/1103 1030/1075/1168
f  972/1014/1102 1030/1075/1168 1029/1074/1167
f  973/1015/1103 974/1016/1104 1031/1076/1169
f  973/1015/1103 1031/1076/1169 1030/1075/1168
f  974/1016/1104 975/1017/1105 1032/1077/1170
f  974/1016/1104 1032/1077/1170 1031/1076/1169
f  975/1017/1105 976/1018/1106 1033/1078/1171
f  975/1017/1105 1033/1078/1171 1032/1077/1170
f  976/1018/1108 977/1019/1107 1034/1079/1172
f  976/1018/1108 1034/1079/1172 1033/1078/1173
f  977/1019/90 922/1020/90 979/1080/90
f  977/1019/90 979/1080/90 1034/1079/1174
f  979/1022/1110 978/1021/1109 1035/1081/1175
f  979/1022/1110 1035/1081/1175 1036/1082/1176
f  978/1021/1112 980/1023/1111 1037/1083/1177
f  978/1021/1112 1037/1083/1177 1035/1081/1178
f  980/1023/1111 981/1024/1113 1038/1084/1179
f  980/1023/1111 1038/1084/1179 1037/1083/1177
f  981/1024/1113 982/1025/1114 1039/1085/1180
f  981/1024/1113 1039/1085/1180 1038/1084/1179
f  982/1025/1114 983/1026/1115 1040/1086/1181
f  982/1025/1114 1040/1086/1181 1039/1085/1180
f  983/1026/1115 984/1027/1116 1041/1087/1182
f  983/1026/1115 1041/1087/1182 1040/1086/1181
f  984/1027/1116 985/1028/1117 1042/1088/1183
f  984/1027/1116 1042/1088/1183 1041/1087/1182
f  985/1028/1117 986/1029/1118 1043/1089/1184
f  985/1028/1117 1043/1089/1184 1042/1088/1183
f  986/1029/1118 987/1030/1119 1044/1090/1185
f  986/1029/1118 1044/1090/1185 1043/1089/1184
f  987/1030/1119 988/1031/1120 1045/1091/1186
f  987/1030/1119 1045/1091/1186 1044/1090/1185
f  988/1031/1120 989/1032/1121 1046/1092/1187
f  988/1031/1120 1046/1092/1187 1045/1091/1186
f  989/1032/1121 990/1033/1122 1047/1093/1188
f  989/1032/1121 1047/1093/1188 1046/1092/1187
f  990/1033/1122 991/1034/1123 1048/1094/1189
f  990/1033/1122 1048/1094/1189 1047/1093/1188
f  991/1034/1123 992/1035/1124 1049/1095/1190
f  991/1034/1123 1049/1095/1190 1048/1094/1189
f  992/1035/1124 993/1036/1125 1050/1096/1191
f  992/1035/1124 1050/1096/1191 1049/1095/1190
f  993/1036/1125 994/1037/1126 1051/1097/1192
f  993/1036/1125 1051/1097/1192 1050/1096/1191
f  994/1037/1126 995/1038/1127 1052/1098/1193
f  994/1037/1126 1052/1098/1193 1051/1097/1192
f  995/1038/1127 996/1039/1128 1053/1099/1194
f  995/1038/1127 1053/1099/1194 1052/1098/1193
f  996/1039/1130 997/1040/1129 1054/1100/1195
f  996/1039/1130 1054/1100/1195 1053/1099/1196
f  997/1040/1129 998/1041/1131 1055/1101/1197
f  997/1040/1129 1055/1101/1197 1054/1100/1195
f  998/1041/1131 999/1042/1132 1056/1102/1198
f  998/1041/1131 1056/1102/1198 1055/1101/1197
f  999/1042/1132 1000/1043/1133 1057/1103/1199
f  999/1042/1132 1057/1103/1199 1056/1102/1198
f  1000/1043/1133 1001/1044/1134 1058/1104/1200
f  1000/1043/1133 1058/1104/1200 1057/1103/1199
f  1001/1044/1134 1002/1045/1135 1059/1105/1201
f  1001/1044/1134 1059/1105/1201 1058/1104/1200
f  1002/1045/1135 1003/1046/1136 1060/1106/1202
f  1002/1045/1135 1060/1106/1202 1059/1105/1201
f  1003/1046/1136 1004/1047/1137 1061/1107/1203
f  1003/1046/1136 1061/1107/1203 1060/1106/1202
f  1004/1047/1137 1005/1048/1138 1062/1108/1204
f  1004/1047/1137 1062/1108/1204 1061/1107/1203
f  1005/1048/1138 1006/1049/1139 1063/1109/1205
f  1005/1048/1138 1063/1109/1205 1062/1108/1204
f  1006/1049/1139 1007/1050/1140 1064/1110/1206
f  1006/1049/1139 1064/1110/1206 1063/1109/1205
f  1007/1050/1140 1008/1051/1141 1065/1111/1207
f  1007/1050/1140 1065/1111/1207 1064/1110/1206
f  1008/1051/1141 1009/1052/1142 1066/1112/1208
f  1008/1051/1141 1066/1112/1208 1065/1111/1207
f  1009/1052/1142 1010/1053/1143 1067/1113/1209
f  1009/1052/1142 1067/1113/1209 1066/1112/1208
f  1010/1053/1143 1011/1054/1144 1068/1114/1210
f  1010/1053/1143 1068/1114/1210 1067/1113/1209
f  1011/1054/1144 1012/1055/1145 1069/1115/1211
f  1011/1054/1144 1069/1115/1211 1068/1114/1210
f  1012/1055/1145 1013/1056/1146 1070/1116/1212
f  1012/1055/1145 1070/1116/1212 1069/1115/1211
f  1013/1056/1148 1014/1057/1147 1071/1117/1213
f  1013/1056/1148 1071/1117/1213 1070/1116/1214
f  1014/1057/1150 1015/1058/1149 1072/1118/1215
f  1014/1057/1150 1072/1118/1215 1071/1117/1216
f  1015/1058/1152 671/1059/1151 671/1119/1217
f  1015/1058/1152 671/1119/1217 1072/1118/1218
f  671/1059/86 729/1060/1088 78/1120/86
f  671/1059/86 78/1120/86 671/1119/86
f  729/1060/1153 1016/1061/90 1073/1121/90
f  729/1060/1153 1073/1121/90 78/1120/1153
f  1016/1061/1155 1017/1062/1154 1074/1122/1219
f  1016/1061/1155 1074/1122/1219 1073/1121/1220
f  1017/1062/1154 1018/1063/1156 1075/1123/1221
f  1017/1062/1154 1075/1123/1221 1074/1122/1219
f  1018/1063/1156 1019/1064/1157 1076/1124/1222
f  1018/1063/1156 1076/1124/1222 1075/1123/1221
f  1019/1064/1157 1020/1065/1158 1077/1125/1223
f  1019/1064/1157 1077/1125/1223 1076/1124/1222
f  1020/1065/1158 1021/1066/1159 1078/1126/1224
f  1020/1065/1158 1078/1126/1224 1077/1125/1223
f  1021/1066/1159 1022/1067/1160 1079/1127/1225
f  1021/1066/1159 1079/1127/1225 1078/1126/1224
f  1022/1067/1160 1023/1068/1161 1080/1128/1226
f  1022/1067/1160 1080/1128/1226 1079/1127/1225
f  1023/1068/1161 1024/1069/1162 1081/1129/1227
f  1023/1068/1161 1081/1129/1227 1080/1128/1226
f  1024/1069/1162 1025/1070/1163 1082/1130/1228
f  1024/1069/1162 1082/1130/1228 1081/1129/1227
f  1025/1070/1163 1026/1071/1164 1083/1131/1229
f  1025/1070/1163 1083/1131/1229 1082/1130/1228
f  1026/1071/1164 1027/1072/1165 1084/1132/1230
f  1026/1071/1164 1084/1132/1230 1083/1131/1229
f  1027/1072/1165 1028/1073/1166 1085/1133/1231
f  1027/1072/1165 1085/1133/1231 1084/1132/1230
f  1028/1073/1166 1029/1074/1167 1086/1134/1232
f  1028/1073/1166 1086/1134/1232 1085/1133/1231
f  1029/1074/1167 1030/1075/1168 1087/1135/1233
f  1029/1074/1167 1087/1135/1233 1086/1134/1232
f  1030/1075/1168 1031/1076/1169 1088/1136/1234
f  1030/1075/1168 1088/1136/1234 1087/1135/1233
f  1031/1076/1169 1032/1077/1170 1089/1137/1235
f  1031/1076/1169 1089/1137/1235 1088/1136/1234
f  1032/1077/1170 1033/1078/1171 1090/1138/1236
f  1032/1077/1170 1090/1138/1236 1089/1137/1235
f  1033/1078/1173 1034/1079/1172 1091/1139/1237
f  1033/1078/1173 1091/1139/1237 1090/1138/1238
f  1034/1079/1174 979/1080/1239 1036/1140/1240
f  1034/1079/1174 1036/1140/1241 1091/1139/1242
f  1036/1082/1176 1035/1081/1175 1092/1141/1243
f  1036/1082/1176 1092/1141/1243 1093/1142/1244
f  1035/1081/1178 1037/1083/1177 1094/1143/1245
f  1035/1081/1178 1094/1143/1245 1092/1141/1246
f  1037/1083/1177 1038/1084/1179 1095/1144/1247
f  1037/1083/1177 1095/1144/1247 1094/1143/1245
f  1038/1084/1179 1039/1085/1180 1096/1145/1248
f  1038/1084/1179 1096/1145/1248 1095/1144/1247
f  1039/1085/1180 1040/1086/1181 1097/1146/1249
f  1039/1085/1180 1097/1146/1249 1096/1145/1248
f  1040/1086/1181 1041/1087/1182 1098/1147/1250
f  1040/1086/1181 1098/1147/1250 1097/1146/1249
f  1041/1087/1182 1042/1088/1183 1099/1148/1251
f  1041/1087/1182 1099/1148/1251 1098/1147/1250
f  1042/1088/1183 1043/1089/1184 1100/1149/1252
f  1042/1088/1183 1100/1149/1252 1099/1148/1251
f  1043/1089/1184 1044/1090/1185 1101/1150/1253
f  1043/1089/1184 1101/1150/1253 1100/1149/1252
f  1044/1090/1185 1045/1091/1186 1102/1151/1254
f  1044/1090/1185 1102/1151/1254 1101/1150/1253
f  1045/1091/1186 1046/1092/1187 1103/1152/1255
f  1045/1091/1186 1103/1152/1255 1102/1151/1254
f  1046/1092/1187 1047/1093/1188 1104/1153/1256
f  1046/1092/1187 1104/1153/1256 1103/1152/1255
f  1047/1093/1188 1048/1094/1189 1105/1154/1257
f  1047/1093/1188 1105/1154/1257 1104/1153/1256
f  1048/1094/1189 1049/1095/1190 1106/1155/1258
f  1048/1094/1189 1106/1155/1258 1105/1154/1257
f  1049/1095/1190 1050/1096/1191 1107/1156/1259
f  1049/1095/1190 1107/1156/1259 1106/1155/1258
f  1050/1096/1191 1051/1097/1192 1108/1157/1260
f  1050/1096/1191 1108/1157/1260 1107/1156/1259
f  1051/1097/1192 1052/1098/1193 1109/1158/1261
f  1051/1097/1192 1109/1158/1261 1108/1157/1260
f  1052/1098/1193 1053/1099/1194 1110/1159/1262
f  1052/1098/1193 1110/1159/1262 1109/1158/1261
f  1053/1099/1196 1054/1100/1195 1111/1160/1263
f  1053/1099/1196 1111/1160/1263 1110/1159/1264
f  1054/1100/1195 1055/1101/1197 1112/1161/1265
f  1054/1100/1195 1112/1161/1265 1111/1160/1263
f  1055/1101/1197 1056/1102/1198 1113/1162/1266
f  1055/1101/1197 1113/1162/1266 1112/1161/1265
f  1056/1102/1198 1057/1103/1199 1114/1163/1267
f  1056/1102/1198 1114/1163/1267 1113/1162/1266
f  1057/1103/1199 1058/1104/1200 1115/1164/1268
f  1057/1103/1199 1115/1164/1268 1114/1163/1267
f  1058/1104/1200 1059/1105/1201 1116/1165/1269
f  1058/1104/1200 1116/1165/1269 1115/1164/1268
f  1059/1105/1201 1060/1106/1202 1117/1166/1270
f  1059/1105/1201 1117/1166/1270 1116/1165/1269
f  1060/1106/1202 1061/1107/1203 1118/1167/1271
f  1060/1106/1202 1118/1167/1271 1117/1166/1270
f  1061/1107/1203 1062/1108/1204 1119/1168/1272
f  1061/1107/1203 1119/1168/1272 1118/1167/1271
f  1062/1108/1204 1063/1109/1205 1120/1169/1273
f  1062/1108/1204 1120/1169/1273 1119/1168/1272
f  1063/1109/1205 1064/1110/1206 1121/1170/1274
f  1063/1109/1205 1121/1170/1274 1120/1169/1273
f  1064/1110/1206 1065/1111/1207 1122/1171/1275
f  1064/1110/1206 1122/1171/1275 1121/1170/1274
f  1065/1111/1207 1066/1112/1208 1123/1172/1276
f  1065/1111/1207 1123/1172/1276 1122/1171/1275
f  1066/1112/1208 1067/1113/1209 1124/1173/1277
f  1066/1112/1208 1124/1173/1277 1123/1172/1276
f  1067/1113/1209 1068/1114/1210 1125/1174/1278
f  1067/1113/1209 1125/1174/1278 1124/1173/1277
f  1068/1114/1210 1069/1115/1211 1126/1175/1279
f  1068/1114/1210 1126/1175/1279 1125/1174/1278
f  1069/1115/1211 1070/1116/1212 1127/1176/1280
f  1069/1115/1211 1127/1176/1280 1126/1175/1279
f  1070/1116/1214 1071/1117/1213 1128/1177/1281
f  1070/1116/1214 1128/1177/1281 1127/1176/1282
f  1071/1117/1216 1072/1118/1215 1129/1178/1283
f  1071/1117/1216 1129/1178/1283 1128/1177/1284
f  1072/1118/1218 671/1119/1217 671/1179/1285
f  1072/1118/1218 671/1179/1285 1129/1178/1286
f  671/1119/86 78/1120/86 78/1180/86
f  671/1119/86 78/1180/86 671/1179/86
f  78/1120/1153 1073/1121/90 1130/1181/90
f  78/1120/1153 1130/1181/90 78/1180/90
f  1073/1121/1220 1074/1122/1219 1131/1182/1287
f  1073/1121/1220 1131/1182/1287 1130/1181/1288
f  1074/1122/1219 1075/1123/1221 1132/1183/1289
f  1074/1122/1219 1132/1183/1289 1131/1182/1287
f  1075/1123/1221 1076/1124/1222 1133/1184/1290
f  1075/1123/1221 1133/1184/1290 1132/1183/1289
f  1076/1124/1222 1077/1125/1223 1134/1185/1291
f  1076/1124/1222 1134/1185/1291 1133/1184/1290
f  1077/1125/1223 1078/1126/1224 1135/1186/1292
f  1077/1125/1223 1135/1186/1292 1134/1185/1291
f  1078/1126/1224 1079/1127/1225 1136/1187/1293
f  1078/1126/1224 1136/1187/1293 1135/1186/1292
f  1079/1127/1225 1080/1128/1226 1137/1188/1294
f  1079/1127/1225 1137/1188/1294 1136/1187/1293
f  1080/1128/1226 1081/1129/1227 1138/1189/1295
f  1080/1128/1226 1138/1189/1295 1137/1188/1294
f  1081/1129/1227 1082/1130/1228 1139/1190/1296
f  1081/1129/1227 1139/1190/1296 1138/1189/1295
f  1082/1130/1228 1083/1131/1229 1140/1191/1297
f  1082/1130/1228 1140/1191/1297 1139/1190/1296
f  1083/1131/1229 1084/1132/1230 1141/1192/1298
f  1083/1131/1229 1141/1192/1298 1140/1191/1297
f  1084/1132/1230 1085/1133/1231 1142/1193/1299
f  1084/1132/1230 1142/1193/1299 1141/1192/1298
f  1085/1133/1231 1086/1134/1232 1143/1194/1300
f  1085/1133/1231 1143/1194/1300 1142/1193/1299
f  1086/1134/1232 1087/1135/1233 1144/1195/1301
f  1086/1134/1232 1144/1195/1301 1143/1194/1300
f  1087/1135/1233 1088/1136/1234 1145/1196/1302
f  1087/1135/1233 1145/1196/1302 1144/1195/1301
f  1088/1136/1234 1089/1137/1235 1146/1197/1303
f  1088/1136/1234 1146/1197/1303 1145/1196/1302
f  1089/1137/1235 1090/1138/1236 1147/1198/1304
f  1089/1137/1235 1147/1198/1304 1146/1197/1303
f  1090/1138/1238 1091/1139/1237 1148/1199/1305
f  1090/1138/1238 1148/1199/1305 1147/1198/1306
f  1091/1139/1242 1036/1140/90 1093/1200/90
f  1091/1139/1242 1093/1200/90 1148/1199/89
f  1093/1142/1244 1092/1141/1243 1149/1201/1307
f  1093/1142/1244 1149/1201/1307 1150/1202/1308
f  1092/1141/1246 1094/1143/1245 1151/1203/1309
f  1092/1141/1246 1151/1203/1309 1149/1201/1310
f  1094/1143/1245 1095/1144/1247 1152/1204/1311
f  1094/1143/1245 1152/1204/1311 1151/1203/1309
f  1095/1144/1247 1096/1145/1248 1153/1205/1312
f  1095/1144/1247 1153/1205/1312 1152/1204/1311
f  1096/1145/1248 1097/1146/1249 1154/1206/1313
f  1096/1145/1248 1154/1206/1313 1153/1205/1312
f  1097/1146/1249 1098/1147/1250 1155/1207/1314
f  1097/1146/1249 1155/1207/1314 1154/1206/1313
f  1098/1147/1250 1099/1148/1251 1156/1208/1315
f  1098/1147/1250 1156/1208/1315 1155/1207/1314
f  1099/1148/1251 1100/1149/1252 1157/1209/1316
f  1099/1148/1251 1157/1209/1316 1156/1208/1315
f  1100/1149/1252 1101/1150/1253 1158/1210/1317
f  1100/1149/1252 1158/1210/1317 1157/1209/1316
f  1101/1150/1253 1102/1151/1254 1159/1211/1318
f  1101/1150/1253 1159/1211/1318 1158/1210/1317
f  1102/1151/1254 1103/1152/1255 1160/1212/1319
f  1102/1151/1254 1160/1212/1319 1159/1211/1318
f  1103/1152/1255 1104/1153/1256 1161/1213/1320
f  1103/1152/1255 1161/1213/1320 1160/1212/1319
f  1104/1153/1256 1105/1154/1257 1162/1214/1321
f  1104/1153/1256 1162/1214/1321 1161/1213/1320
f  1105/1154/1257 1106/1155/1258 1163/1215/1322
f  1105/1154/1257 1163/1215/1322 1162/1214/1321
f  1106/1155/1258 1107/1156/1259 1164/1216/1323
f  1106/1155/1258 1164/1216/1323 1163/1215/1322
f  1107/1156/1259 1108/1157/1260 1165/1217/1324
f  1107/1156/1259 1165/1217/1324 1164/1216/1323
f  1108/1157/1260 1109/1158/1261 1166/1218/1325
f  1108/1157/1260 1166/1218/1325 1165/1217/1324
f  1109/1158/1261 1110/1159/1262 1167/1219/1326
f  1109/1158/1261 1167/1219/1326 1166/1218/1325
f  1110/1159/1264 1111/1160/1263 1168/1220/1327
f  1110/1159/1264 1168/1220/1327 1167/1219/1328
f  1111/1160/1263 1112/1161/1265 1169/1221/1329
f  1111/1160/1263 1169/1221/1329 1168/1220/1327
f  1112/1161/1265 1113/1162/1266 1170/1222/1330
f  1112/1161/1265 1170/1222/1330 1169/1221/1329
f  1113/1162/1266 1114/1163/1267 1171/1223/1331
f  1113/1162/1266 1171/1223/1331 1170/1222/1330
f  1114/1163/1267 1115/1164/1268 1172/1224/1332
f  1114/1163/1267 1172/1224/1332 1171/1223/1331
f  1115/1164/1268 1116/1165/1269 1173/1225/1333
f  1115/1164/1268 1173/1225/1333 1172/1224/1332
f  1116/1165/1269 1117/1166/1270 1174/1226/1334
f  1116/1165/1269 1174/1226/1334 1173/1225/1333
f  1117/1166/1270 1118/1167/1271 1175/1227/1335
f  1117/1166/1270 1175/1227/1335 1174/1226/1334
f  1118/1167/1271 1119/1168/1272 1176/1228/1336
f  1118/1167/1271 1176/1228/1336 1175/1227/1335
f  1119/1168/1272 1120/1169/1273 1177/1229/1337
f  1119/1168/1272 1177/1229/1337 1176/1228/1336
f  1120/1169/1273 1121/1170/1274 1178/1230/1338
f  1120/1169/1273 1178/1230/1338 1177/1229/1337
f  1121/1170/1274 1122/1171/1275 1179/1231/1339
f  1121/1170/1274 1179/1231/1339 1178/1230/1338
f  1122/1171/1275 1123/1172/1276 1180/1232/1340
f  1122/1171/1275 1180/1232/1340 1179/1231/1339
f  1123/1172/1276 1124/1173/1277 1181/1233/1341
f  1123/1172/1276 1181/1233/1341 1180/1232/1340
f  1124/1173/1277 1125/1174/1278 1182/1234/1342
f  1124/1173/1277 1182/1234/1342 1181/1233/1341
f  1125/1174/1278 1126/1175/1279 1183/1235/1343
f  1125/1174/1278 1183/1235/1343 1182/1234/1342
f  1126/1175/1279 1127/1176/1280 1184/1236/1344
f  1126/1175/1279 1184/1236/1344 1183/1235/1343
f  1127/1176/1282 1128/1177/1281 1185/1237/1345
f  1127/1176/1282 1185/1237/1345 1184/1236/1346
f  1128/1177/1284 1129/1178/1283 1186/1238/1347
f  1128/1177/1284 1186/1238/1347 1185/1237/1348
f  1129/1178/1286 671/1179/1285 1187/1239/1349
f  1129/1178/1286 1187/1239/1349 1186/1238/1350
f  671/1179/86 78/1180/86 78/1240/86
f  671/1179/86 78/1240/86 1187/1239/1088
f  78/1180/90 1130/1181/90 1188/1241/90
f  78/1180/90 1188/1241/90 78/1240/90
f  1130/1181/1288 1131/1182/1287 1189/1242/1351
f  1130/1181/1288 1189/1242/1351 1188/1241/1352
f  1131/1182/1287 1132/1183/1289 1190/1243/1353
f  1131/1182/1287 1190/1243/1353 1189/1242/1351
f  1132/1183/1289 1133/1184/1290 1191/1244/1354
f  1132/1183/1289 1191/1244/1354 1190/1243/1353
f  1133/1184/1290 1134/1185/1291 1192/1245/1355
f  1133/1184/1290 1192/1245/1355 1191/1244/1354
f  1134/1185/1291 1135/1186/1292 1193/1246/1356
f  1134/1185/1291 1193/1246/1356 1192/1245/1355
f  1135/1186/1292 1136/1187/1293 1194/1247/1357
f  1135/1186/1292 1194/1247/1357 1193/1246/1356
f  1136/1187/1293 1137/1188/1294 1195/1248/1358
f  1136/1187/1293 1195/1248/1358 1194/1247/1357
f  1137/1188/1294 1138/1189/1295 1196/1249/1359
f  1137/1188/1294 1196/1249/1359 1195/1248/1358
f  1138/1189/1295 1139/1190/1296 1197/1250/1360
f  1138/1189/1295 1197/1250/1360 1196/1249/1359
f  1139/1190/1296 1140/1191/1297 1198/1251/1361
f  1139/1190/1296 1198/1251/1361 1197/1250/1360
f  1140/1191/1297 1141/1192/1298 1199/1252/1362
f  1140/1191/1297 1199/1252/1362 1198/1251/1361
f  1141/1192/1298 1142/1193/1299 1200/1253/1363
f  1141/1192/1298 1200/1253/1363 1199/1252/1362
f  1142/1193/1299 1143/1194/1300 1201/1254/1364
f  1142/1193/1299 1201/1254/1364 1200/1253/1363
f  1143/1194/1300 1144/1195/1301 1202/1255/1365
f  1143/1194/1300 1202/1255/1365 1201/1254/1364
f  1144/1195/1301 1145/1196/1302 1203/1256/1366
f  1144/1195/1301 1203/1256/1366 1202/1255/1365
f  1145/1196/1302 1146/1197/1303 1204/1257/1367
f  1145/1196/1302 1204/1257/1367 1203/1256/1366
f  1146/1197/1303 1147/1198/1304 1205/1258/1368
f  1146/1197/1303 1205/1258/1368 1204/1257/1367
f  1147/1198/1306 1148/1199/1305 1206/1259/1369
f  1147/1198/1306 1206/1259/1369 1205/1258/1370
f  1148/1199/89 1093/1200/90 1150/1260/90
f  1148/1199/89 1150/1260/90 1206/1259/1371
f  1150/1202/1308 1149/1201/1307 1207/1261/1372
f  1150/1202/1308 1207/1261/1372 1208/1262/1373
f  1149/1201/1310 1151/1203/1309 1209/1263/1374
f  1149/1201/1310 1209/1263/1374 1207/1261/1375
f  1151/1203/1309 1152/1204/1311 1210/1264/1376
f  1151/1203/1309 1210/1264/1376 1209/1263/1374
f  1152/1204/1311 1153/1205/1312 1211/1265/1377
f  1152/1204/1311 1211/1265/1377 1210/1264/1376
f  1153/1205/1312 1154/1206/1313 1212/1266/1378
f  1153/1205/1312 1212/1266/1378 1211/1265/1377
f  1154/1206/1313 1155/1207/1314 1213/1267/1379
f  1154/1206/1313 1213/1267/1379 1212/1266/1378
f  1155/1207/1314 1156/1208/1315 1214/1268/1380
f  1155/1207/1314 1214/1268/1380 1213/1267/1379
f  1156/1208/1315 1157/1209/1316 1215/1269/1381
f  1156/1208/1315 1215/1269/1381 1214/1268/1380
f  1157/1209/1316 1158/1210/1317 1216/1270/1382
f  1157/1209/1316 1216/1270/1382 1215/1269/1381
f  1158/1210/1317 1159/1211/1318 1217/1271/1383
f  1158/1210/1317 1217/1271/1383 1216/1270/1382
f  1159/1211/1318 1160/1212/1319 1218/1272/1384
f  1159/1211/1318 1218/1272/1384 1217/1271/1383
f  1160/1212/1319 1161/1213/1320 1219/1273/1385
f  1160/1212/1319 1219/1273/1385 1218/1272/1384
f  1161/1213/1320 1162/1214/1321 1220/1274/1386
f  1161/1213/1320 1220/1274/1386 1219/1273/1385
f  1162/1214/1321 1163/1215/1322 1221/1275/1387
f  1162/1214/1321 1221/1275/1387 1220/1274/1386
f  1163/1215/1322 1164/1216/1323 1222/1276/1388
f  1163/1215/1322 1222/1276/1388 1221/1275/1387
f  1164/1216/1323 1165/1217/1324 1223/1277/1389
f  1164/1216/1323 1223/1277/1389 1222/1276/1388
f  1165/1217/1324 1166/1218/1325 1224/1278/1390
f  1165/1217/1324 1224/1278/1390 1223/1277/1389
f  1166/1218/1325 1167/1219/1326 1225/1279/1391
f  1166/1218/1325 1225/1279/1391 1224/1278/1390
f  1167/1219/1328 1168/1220/1327 1226/1280/1392
f  1167/1219/1328 1226/1280/1392 1225/1279/1393
f  1168/1220/1327 1169/1221/1329 1227/1281/1394
f  1168/1220/1327 1227/1281/1394 1226/1280/1392
f  1169/1221/1329 1170/1222/1330 1228/1282/1395
f  1169/1221/1329 1228/1282/1395 1227/1281/1394
f  1170/1222/1330 1171/1223/1331 1229/1283/1396
f  1170/1222/1330 1229/1283/1396 1228/1282/1395
f  1171/1223/1331 1172/1224/1332 1230/1284/1397
f  1171/1223/1331 1230/1284/1397 1229/1283/1396
f  1172/1224/1332 1173/1225/1333 1231/1285/1398
f  1172/1224/1332 1231/1285/1398 1230/1284/1397
f  1173/1225/1333 1174/1226/1334 1232/1286/1399
f  1173/1225/1333 1232/1286/1399 1231/1285/1398
f  1174/1226/1334 1175/1227/1335 1233/1287/1400
f  1174/1226/1334 1233/1287/1400 1232/1286/1399
f  1175/1227/1335 1176/1228/1336 1234/1288/1401
f  1175/1227/1335 1234/1288/1401 1233/1287/1400
f  1176/1228/1336 1177/1229/1337 1235/1289/1402
f  1176/1228/1336 1235/1289/1402 1234/1288/1401
f  1177/1229/1337 1178/1230/1338 1236/1290/1403
f  1177/1229/1337 1236/1290/1403 1235/1289/1402
f  1178/1230/1338 1179/1231/1339 1237/1291/1404
f  1178/1230/1338 1237/1291/1404 1236/1290/1403
f  1179/1231/1339 1180/1232/1340 1238/1292/1405
f  1179/1231/1339 1238/1292/1405 1237/1291/1404
f  1180/1232/1340 1181/1233/1341 1239/1293/1406
f  1180/1232/1340 1239/1293/1406 1238/1292/1405
f  1181/1233/1341 1182/1234/1342 1240/1294/1407
f  1181/1233/1341 1240/1294/1407 1239/1293/1406
f  1182/1234/1342 1183/1235/1343 1241/1295/1408
f  1182/1234/1342 1241/1295/1408 1240/1294/1407
f  1183/1235/1343 1184/1236/1344 1242/1296/1409
f  1183/1235/1343 1242/1296/1409 1241/1295/1408
f  1184/1236/1346 1185/1237/1345 1243/1297/1410
f  1184/1236/1346 1243/1297/1410 1242/1296/1411
f  1185/1237/1348 1186/1238/1347 1244/1298/1412
f  1185/1237/1348 1244/1298/1412 1243/1297/1413
f  1186/1238/1350 1187/1239/1349 1187/1299/1414
f  1186/1238/1350 1187/1299/1414 1244/1298/1415
f  1187/1239/1088 78/1240/86 78/1300/86
f  1187/1239/1088 78/1300/86 1187/1299/86
f  78/1240/90 1188/1241/90 1245/1301/90
f  78/1240/90 1245/1301/90 78/1300/90
f  1188/1241/1352 1189/1242/1351 1246/1302/1416
f  1188/1241/1352 1246/1302/1416 1245/1301/1417
f  1189/1242/1351 1190/1243/1353 1247/1303/1418
f  1189/1242/1351 1247/1303/1418 1246/1302/1416
f  1190/1243/1353 1191/1244/1354 1248/1304/1419
f  1190/1243/1353 1248/1304/1419 1247/1303/1418
f  1191/1244/1354 1192/1245/1355 1249/1305/1420
f  1191/1244/1354 1249/1305/1420 1248/1304/1419
f  1192/1245/1355 1193/1246/1356 1250/1306/1421
f  1192/1245/1355 1250/1306/1421 1249/1305/1420
f  1193/1246/1356 1194/1247/1357 1251/1307/1422
f  1193/1246/1356 1251/1307/1422 1250/1306/1421
f  1194/1247/1357 1195/1248/1358 1252/1308/1423
f  1194/1247/1357 1252/1308/1423 1251/1307/1422
f  1195/1248/1358 1196/1249/1359 1253/1309/1424
f  1195/1248/1358 1253/1309/1424 1252/1308/1423
f  1196/1249/1359 1197/1250/1360 1254/1310/1425
f  1196/1249/1359 1254/1310/1425 1253/1309/1424
f  1197/1250/1360 1198/1251/1361 1255/1311/1426
f  1197/1250/1360 1255/1311/1426 1254/1310/1425
f  1198/1251/1361 1199/1252/1362 1256/1312/1427
f  1198/1251/1361 1256/1312/1427 1255/1311/1426
f  1199/1252/1362 1200/1253/1363 1257/1313/1428
f  1199/1252/1362 1257/1313/1428 1256/1312/1427
f  1200/1253/1363 1201/1254/1364 1258/1314/1429
f  1200/1253/1363 1258/1314/1429 1257/1313/1428
f  1201/1254/1364 1202/1255/1365 1259/1315/1430
f  1201/1254/1364 1259/1315/1430 1258/1314/1429
f  1202/1255/1365 1203/1256/1366 1260/1316/1431
f  1202/1255/1365 1260/1316/1431 1259/1315/1430
f  1203/1256/1366 1204/1257/1367 1261/1317/1432
f  1203/1256/1366 1261/1317/1432 1260/1316/1431
f  1204/1257/1367 1205/1258/1368 1262/1318/1433
f  1204/1257/1367 1262/1318/1433 1261/1317/1432
f  1205/1258/1370 1206/1259/1369 1263/1319/1434
f  1205/1258/1370 1263/1319/1434 1262/1318/1435
f  1206/1259/1371 1150/1260/1436 1208/1320/1436
f  1206/1259/1371 1208/1320/1437 1263/1319/1438
f  1208/1262/1373 1207/1261/1372 1264/1321/1439
f  1208/1262/1373 1264/1321/1439 1265/1322/1440
f  1207/1261/1375 1209/1263/1374 1266/1323/1441
f  1207/1261/1375 1266/1323/1441 1264/1321/1442
f  1209/1263/1374 1210/1264/1376 1267/1324/1443
f  1209/1263/1374 1267/1324/1443 1266/1323/1441
f  1210/1264/1376 1211/1265/1377 1268/1325/1444
f  1210/1264/1376 1268/1325/1444 1267/1324/1443
f  1211/1265/1377 1212/1266/1378 1269/1326/1445
f  1211/1265/1377 1269/1326/1445 1268/1325/1444
f  1212/1266/1378 1213/1267/1379 1270/1327/1446
f  1212/1266/1378 1270/1327/1446 1269/1326/1445
f  1213/1267/1379 1214/1268/1380 1271/1328/1447
f  1213/1267/1379 1271/1328/1447 1270/1327/1446
f  1214/1268/1380 1215/1269/1381 1272/1329/1448
f  1214/1268/1380 1272/1329/1448 1271/1328/1447
f  1215/1269/1381 1216/1270/1382 1273/1330/1449
f  1215/1269/1381 1273/1330/1449 1272/1329/1448
f  1216/1270/1382 1217/1271/1383 1274/1331/1450
f  1216/1270/1382 1274/1331/1450 1273/1330/1449
f  1217/1271/1383 1218/1272/1384 1275/1332/1451
f  1217/1271/1383 1275/1332/1451 1274/1331/1450
f  1218/1272/1384 1219/1273/1385 1276/1333/1452
f  1218/1272/1384 1276/1333/1452 1275/1332/1451
f  1219/1273/1385 1220/1274/1386 1277/1334/1453
f  1219/1273/1385 1277/1334/1453 1276/1333/1452
f  1220/1274/1386 1221/1275/1387 1278/1335/1454
f  1220/1274/1386 1278/1335/1454 1277/1334/1453
f  1221/1275/1387 1222/1276/1388 1279/1336/1455
f  1221/1275/1387 1279/1336/1455 1278/1335/1454
f  1222/1276/1388 1223/1277/1389 1280/1337/1456
f  1222/1276/1388 1280/1337/1456 1279/1336/1455
f  1223/1277/1389 1224/1278/1390 1281/1338/1457
f  1223/1277/1389 1281/1338/1457 1280/1337/1456
f  1224/1278/1390 1225/1279/1391 1282/1339/1458
f  1224/1278/1390 1282/1339/1458 1281/1338/1457
f  1225/1279/1393 1226/1280/1392 1283/1340/1459
f  1225/1279/1393 1283/1340/1459 1282/1339/1460
f  1226/1280/1392 1227/1281/1394 1284/1341/1461
f  1226/1280/1392 1284/1341/1461 1283/1340/1459
f  1227/1281/1394 1228/1282/1395 1285/1342/1462
f  1227/1281/1394 1285/1342/1462 1284/1341/1461
f  1228/1282/1395 1229/1283/1396 1286/1343/1463
f  1228/1282/1395 1286/1343/1463 1285/1342/1462
f  1229/1283/1396 1230/1284/1397 1287/1344/1464
f  1229/1283/1396 1287/1344/1464 1286/1343/1463
f  1230/1284/1397 1231/1285/1398 1288/1345/1465
f  1230/1284/1397 1288/1345/1465 1287/1344/1464
f  1231/1285/1398 1232/1286/1399 1289/1346/1466
f  1231/1285/1398 1289/1346/1466 1288/1345/1465
f  1232/1286/1399 1233/1287/1400 1290/1347/1467
f  1232/1286/1399 1290/1347/1467 1289/1346/1466
f  1233/1287/1400 1234/1288/1401 1291/1348/1468
f  1233/1287/1400 1291/1348/1468 1290/1347/1467
f  1234/1288/1401 1235/1289/1402 1292/1349/1469
f  1234/1288/1401 1292/1349/1469 1291/1348/1468
f  1235/1289/1402 1236/1290/1403 1293/1350/1470
f  1235/1289/1402 1293/1350/1470 1292/1349/1469
f  1236/1290/1403 1237/1291/1404 1294/1351/1471
f  1236/1290/1403 1294/1351/1471 1293/1350/1470
f  1237/1291/1404 1238/1292/1405 1295/1352/1472
f  1237/1291/1404 1295/1352/1472 1294/1351/1471
f  1238/1292/1405 1239/1293/1406 1296/1353/1473
f  1238/1292/1405 1296/1353/1473 1295/1352/1472
f  1239/1293/1406 1240/1294/1407 1297/1354/1474
f  1239/1293/1406 1297/1354/1474 1296/1353/1473
f  1240/1294/1407 1241/1295/1408 1298/1355/1475
f  1240/1294/1407 1298/1355/1475 1297/1354/1474
f  1241/1295/1408 1242/1296/1409 1299/1356/1476
f  1241/1295/1408 1299/1356/1476 1298/1355/1475
f  1242/1296/1411 1243/1297/1410 1300/1357/1477
f  1242/1296/1411 1300/1357/1477 1299/1356/1478
f  1243/1297/1413 1244/1298/1412 1301/1358/1479
f  1243/1297/1413 1301/1358/1479 1300/1357/1480
f  1244/1298/1415 1187/1299/1414 77/1359/1481
f  1244/1298/1415 77/1359/1481 1301/1358/1482
f  1187/1299/86 78/1300/86 78/1360/86
f  1187/1299/86 78/1360/86 77/1359/86
f  78/1300/90 1245/1301/90 1302/1361/89
f  78/1300/90 1302/1361/89 78/1360/90
f  1245/1301/1417 1246/1302/1416 1303/1362/1483
f  1245/1301/1417 1303/1362/1483 1302/1361/1484
f  1246/1302/1416 1247/1303/1418 1304/1363/1485
f  1246/1302/1416 1304/1363/1485 1303/1362/1483
f  1247/1303/1418 1248/1304/1419 1305/1364/1486
f  1247/1303/1418 1305/1364/1486 1304/1363/1485
f  1248/1304/1419 1249/1305/1420 1306/1365/1487
f  1248/1304/1419 1306/1365/1487 1305/1364/1486
f  1249/1305/1420 1250/1306/1421 1307/1366/1488
f  1249/1305/1420 1307/1366/1488 1306/1365/1487
f  1250/1306/1421 1251/1307/1422 1308/1367/1489
f  1250/1306/1421 1308/1367/1489 1307/1366/1488
f  1251/1307/1422 1252/1308/1423 1309/1368/1490
f  1251/1307/1422 1309/1368/1490 1308/1367/1489
f  1252/1308/1423 1253/1309/1424 1310/1369/1491
f  1252/1308/1423 1310/1369/1491 1309/1368/1490
f  1253/1309/1424 1254/1310/1425 1311/1370/1492
f  1253/1309/1424 1311/1370/1492 1310/1369/1491
f  1254/1310/1425 1255/1311/1426 1312/1371/1493
f  1254/1310/1425 1312/1371/1493 1311/1370/1492
f  1255/1311/1426 1256/1312/1427 1313/1372/1494
f  1255/1311/1426 1313/1372/1494 1312/1371/1493
f  1256/1312/1427 1257/1313/1428 1314/1373/1495
f  1256/1312/1427 1314/1373/1495 1313/1372/1494
f  1257/1313/1428 1258/1314/1429 1315/1374/1496
f  1257/1313/1428 1315/1374/1496 1314/1373/1495
f  1258/1314/1429 1259/1315/1430 1316/1375/1497
f  1258/1314/1429 1316/1375/1497 1315/1374/1496
f  1259/1315/1430 1260/1316/1431 1317/1376/1498
f  1259/1315/1430 1317/1376/1498 1316/1375/1497
f  1260/1316/1431 1261/1317/1432 1318/1377/1499
f  1260/1316/1431 1318/1377/1499 1317/1376/1498
f  1261/1317/1432 1262/1318/1433 1319/1378/1500
f  1261/1317/1432 1319/1378/1500 1318/1377/1499
f  1262/1318/1435 1263/1319/1434 1320/1379/1501
f  1262/1318/1435 1320/1379/1501 1319/1378/1502
f  1263/1319/1438 1208/1320/1503 1265/1380/1504
f  1263/1319/1438 1265/1380/1505 1320/1379/1506
f  1265/1322/1440 1264/1321/1439 1321/1381/1507
f  1265/1322/1440 1321/1381/1507 1322/1382/1508
f  1264/1321/1442 1266/1323/1441 1323/1383/1509
f  1264/1321/1442 1323/1383/1509 1321/1381/1510
f  1266/1323/1441 1267/1324/1443 1324/1384/1511
f  1266/1323/1441 1324/1384/1511 1323/1383/1509
f  1267/1324/1443 1268/1325/1444 1325/1385/1512
f  1267/1324/1443 1325/1385/1512 1324/1384/1511
f  1268/1325/1444 1269/1326/1445 1326/1386/1513
f  1268/1325/1444 1326/1386/1513 1325/1385/1512
f  1269/1326/1445 1270/1327/1446 1327/1387/1514
f  1269/1326/1445 1327/1387/1514 1326/1386/1513
f  1270/1327/1446 1271/1328/1447 1328/1388/1515
f  1270/1327/1446 1328/1388/1515 1327/1387/1514
f  1271/1328/1447 1272/1329/1448 1329/1389/1516
f  1271/1328/1447 1329/1389/1516 1328/1388/1515
f  1272/1329/1448 1273/1330/1449 1330/1390/1517
f  1272/1329/1448 1330/1390/1517 1329/1389/1516
f  1273/1330/1449 1274/1331/1450 1331/1391/1518
f  1273/1330/1449 1331/1391/1518 1330/1390/1517
f  1274/1331/1450 1275/1332/1451 1332/1392/1519
f  1274/1331/1450 1332/1392/1519 1331/1391/1518
f  1275/1332/1451 1276/1333/1452 1333/1393/1520
f  1275/1332/1451 1333/1393/1520 1332/1392/1519
f  1276/1333/1452 1277/1334/1453 1334/1394/1521
f  1276/1333/1452 1334/1394/1521 1333/1393/1520
f  1277/1334/1453 1278/1335/1454 1335/1395/1522
f  1277/1334/1453 1335/1395/1522 1334/1394/1521
f  1278/1335/1454 1279/1336/1455 1336/1396/1523
f  1278/1335/1454 1336/1396/1523 1335/1395/1522
f  1279/1336/1455 1280/1337/1456 1337/1397/1524
f  1279/1336/1455 1337/1397/1524 1336/1396/1523
f  1280/1337/1456 1281/1338/1457 1338/1398/1525
f  1280/1337/1456 1338/1398/1525 1337/1397/1524
f  1281/1338/1457 1282/1339/1458 1339/1399/1526
f  1281/1338/1457 1339/1399/1526 1338/1398/1525
f  1282/1339/1460 1283/1340/1459 1340/1400/1527
f  1282/1339/1460 1340/1400/1527 1339/1399/1528
f  1283/1340/1459 1284/1341/1461 1341/1401/1529
f  1283/1340/1459 1341/1401/1529 1340/1400/1527
f  1284/1341/1461 1285/1342/1462 1342/1402/1530
f  1284/1341/1461 1342/1402/1530 1341/1401/1529
f  1285/1342/1462 1286/1343/1463 1343/1403/1531
f  1285/1342/1462 1343/1403/1531 1342/1402/1530
f  1286/1343/1463 1287/1344/1464 1344/1404/1532
f  1286/1343/1463 1344/1404/1532 1343/1403/1531
f  1287/1344/1464 1288/1345/1465 1345/1405/1533
f  1287/1344/1464 1345/1405/1533 1344/1404/1532
f  1288/1345/1465 1289/1346/1466 1346/1406/1534
f  1288/1345/1465 1346/1406/1534 1345/1405/1533
f  1289/1346/1466 1290/1347/1467 1347/1407/1535
f  1289/1346/1466 1347/1407/1535 1346/1406/1534
f  1290/1347/1467 1291/1348/1468 1348/1408/1536
f  1290/1347/1467 1348/1408/1536 1347/1407/1535
f  1291/1348/1468 1292/1349/1469 1349/1409/1537
f  1291/1348/1468 1349/1409/1537 1348/1408/1536
f  1292/1349/1469 1293/1350/1470 1350/1410/1538
f  1292/1349/1469 1350/1410/1538 1349/1409/1537
f  1293/1350/1470 1294/1351/1471 1351/1411/1539
f  1293/1350/1470 1351/1411/1539 1350/1410/1538
f  1294/1351/1471 1295/1352/1472 1352/1412/1540
f  1294/1351/1471 1352/1412/1540 1351/1411/1539
f  1295/1352/1472 1296/1353/1473 1353/1413/1541
f  1295/1352/1472 1353/1413/1541 1352/1412/1540
f  1296/1353/1473 1297/1354/1474 1354/1414/1542
f  1296/1353/1473 1354/1414/1542 1353/1413/1541
f  1297/1354/1474 1298/1355/1475 1355/1415/1543
f  1297/1354/1474 1355/1415/1543 1354/1414/1542
f  1298/1355/1475 1299/1356/1476 1356/1416/1544
f  1298/1355/1475 1356/1416/1544 1355/1415/1543
f  1299/1356/1478 1300/1357/1477 1357/1417/1545
f  1299/1356/1478 1357/1417/1545 1356/1416/1546
f  1300/1357/1480 1301/1358/1479 1358/1418/1547
f  1300/1357/1480 1358/1418/1547 1357/1417/1548
f  1301/1358/1482 77/1359/1481 77/1419/1549
f  1301/1358/1482 77/1419/1549 1358/1418/1550
f  77/1359/86 78/1360/86 78/1420/86
f  77/1359/86 78/1420/86 77/1419/86
f  78/1360/90 1302/1361/89 1359/1421/90
f  78/1360/90 1359/1421/90 78/1420/90
f  1302/1361/1484 1303/1362/1483 1360/1422/1551
f  1302/1361/1484 1360/1422/1551 1359/1421/1552
f  1303/1362/1483 1304/1363/1485 1361/1423/1553
f  1303/1362/1483 1361/1423/1553 1360/1422/1551
f  1304/1363/1485 1305/1364/1486 1362/1424/1554
f  1304/1363/1485 1362/1424/1554 1361/1423/1553
f  1305/1364/1486 1306/1365/1487 1363/1425/1555
f  1305/1364/1486 1363/1425/1555 1362/1424/1554
f  1306/1365/1487 1307/1366/1488 1364/1426/1556
f  1306/1365/1487 1364/1426/1556 1363/1425/1555
f  1307/1366/1488 1308/1367/1489 1365/1427/1557
f  1307/1366/1488 1365/1427/1557 1364/1426/1556
f  1308/1367/1489 1309/1368/1490 1366/1428/1558
f  1308/1367/1489 1366/1428/1558 1365/1427/1557
f  1309/1368/1490 1310/1369/1491 1367/1429/1559
f  1309/1368/1490 1367/1429/1559 1366/1428/1558
f  1310/1369/1491 1311/1370/1492 1368/1430/1560
f  1310/1369/1491 1368/1430/1560 1367/1429/1559
f  1311/1370/1492 1312/1371/1493 1369/1431/1561
f  1311/1370/1492 1369/1431/1561 1368/1430/1560
f  1312/1371/1493 1313/1372/1494 1370/1432/1562
f  1312/1371/1493 1370/1432/1562 1369/1431/1561
f  1313/1372/1494 1314/1373/1495 1371/1433/1563
f  1313/1372/1494 1371/1433/1563 1370/1432/1562
f  1314/1373/1495 1315/1374/1496 1372/1434/1564
f  1314/1373/1495 1372/1434/1564 1371/1433/1563
f  1315/1374/1496 1316/1375/1497 1373/1435/1565
f  1315/1374/1496 1373/1435/1565 1372/1434/1564
f  1316/1375/1497 1317/1376/1498 1374/1436/1566
f  1316/1375/1497 1374/1436/1566 1373/1435/1565
f  1317/1376/1498 1318/1377/1499 1375/1437/1567
f  1317/1376/1498 1375/1437/1567 1374/1436/1566
f  1318/1377/1499 1319/1378/1500 1376/1438/1568
f  1318/1377/1499 1376/1438/1568 1375/1437/1567
f  1319/1378/1502 1320/1379/1501 1377/1439/1569
f  1319/1378/1502 1377/1439/1569 1376/1438/1570
f  1320/1379/1506 1265/1380/90 1322/1440/90
f  1320/1379/1506 1322/1440/90 1377/1439/90
f  1322/1382/1508 1321/1381/1507 1378/1441/1571
f  1322/1382/1508 1378/1441/1571 1379/1442/1572
f  1321/1381/1510 1323/1383/1509 1380/1443/1573
f  1321/1381/1510 1380/1443/1573 1378/1441/1574
f  1323/1383/1509 1324/1384/1511 1381/1444/1575
f  1323/1383/1509 1381/1444/1575 1380/1443/1573
f  1324/1384/1511 1325/1385/1512 1382/1445/1576
f  1324/1384/1511 1382/1445/1576 1381/1444/1575
f  1325/1385/1512 1326/1386/1513 1383/1446/1577
f  1325/1385/1512 1383/1446/1577 1382/1445/1576
f  1326/1386/1513 1327/1387/1514 1384/1447/1578
f  1326/1386/1513 1384/1447/1578 1383/1446/1577
f  1327/1387/1514 1328/1388/1515 1385/1448/1579
f  1327/1387/1514 1385/1448/1579 1384/1447/1578
f  1328/1388/1515 1329/1389/1516 1386/1449/1580
f  1328/1388/1515 1386/1449/1580 1385/1448/1579
f  1329/1389/1516 1330/1390/1517 1387/1450/1581
f  1329/1389/1516 1387/1450/1581 1386/1449/1580
f  1330/1390/1517 1331/1391/1518 1388/1451/1582
f  1330/1390/1517 1388/1451/1582 1387/1450/1581
f  1331/1391/1518 1332/1392/1519 1389/1452/1583
f  1331/1391/1518 1389/1452/1583 1388/1451/1582
f  1332/1392/1519 1333/1393/1520 1390/1453/1584
f  1332/1392/1519 1390/1453/1584 1389/1452/1583
f  1333/1393/1520 1334/1394/1521 1391/1454/1585
f  1333/1393/1520 1391/1454/1585 1390/1453/1584
f  1334/1394/1521 1335/1395/1522 1392/1455/1586
f  1334/1394/1521 1392/1455/1586 1391/1454/1585
f  1335/1395/1522 1336/1396/1523 1393/1456/1587
f  1335/1395/1522 1393/1456/1587 1392/1455/1586
f  1336/1396/1523 1337/1397/1524 1394/1457/1588
f  1336/1396/1523 1394/1457/1588 1393/1456/1587
f  1337/1397/1524 1338/1398/1525 1395/1458/1589
f  1337/1397/1524 1395/1458/1589 1394/1457/1588
f  1338/1398/1525 1339/1399/1526 1396/1459/1590
f  1338/1398/1525 1396/1459/1590 1395/1458/1589
f  1339/1399/1528 1340/1400/1527 1397/1460/1591
f  1339/1399/1528 1397/1460/1591 1396/1459/1592
f  1340/1400/1527 1341/1401/1529 1398/1461/1593
f  1340/1400/1527 1398/1461/1593 1397/1460/1591
f  1341/1401/1529 1342/1402/1530 1399/1462/1594
f  1341/1401/1529 1399/1462/1594 1398/1461/1593
f  1342/1402/1530 1343/1403/1531 1400/1463/1595
f  1342/1402/1530 1400/1463/1595 1399/1462/1594
f  1343/1403/1531 1344/1404/1532 1401/1464/1596
f  1343/1403/1531 1401/1464/1596 1400/1463/1595
f  1344/1404/1532 1345/1405/1533 1402/1465/1597
f  1344/1404/1532 1402/1465/1597 1401/1464/1596
f  1345/1405/1533 1346/1406/1534 1403/1466/1598
f  1345/1405/1533 1403/1466/1598 1402/1465/1597
f  1346/1406/1534 1347/1407/1535 1404/1467/1599
f  1346/1406/1534 1404/1467/1599 1403/1466/1598
f  1347/1407/1535 1348/1408/1536 1405/1468/1600
f  1347/1407/1535 1405/1468/1600 1404/1467/1599
f  1348/1408/1536 1349/1409/1537 1406/1469/1601
f  1348/1408/1536 1406/1469/1601 1405/1468/1600
f  1349/1409/1537 1350/1410/1538 1407/1470/1602
f  1349/1409/1537 1407/1470/1602 1406/1469/1601
f  1350/1410/1538 1351/1411/1539 1408/1471/1603
f  1350/1410/1538 1408/1471/1603 1407/1470/1602
f  1351/1411/1539 1352/1412/1540 1409/1472/1604
f  1351/1411/1539 1409/1472/1604 1408/1471/1603
f  1352/1412/1540 1353/1413/1541 1410/1473/1605
f  1352/1412/1540 1410/1473/1605 1409/1472/1604
f  1353/1413/1541 1354/1414/1542 1411/1474/1606
f  1353/1413/1541 1411/1474/1606 1410/1473/1605
f  1354/1414/1542 1355/1415/1543 1412/1475/1607
f  1354/1414/1542 1412/1475/1607 1411/1474/1606
f  1355/1415/1543 1356/1416/1544 1413/1476/1608
f  1355/1415/1543 1413/1476/1608 1412/1475/1607
f  1356/1416/1546 1357/1417/1545 1414/1477/1609
f  1356/1416/1546 1414/1477/1609 1413/1476/1610
f  1357/1417/1548 1358/1418/1547 1415/1478/1611
f  1357/1417/1548 1415/1478/1611 1414/1477/1612
f  1358/1418/1550 77/1419/1549 77/1479/1613
f  1358/1418/1550 77/1479/1613 1415/1478/1614
f  77/1419/86 78/1420/86 78/1480/86
f  77/1419/86 78/1480/86 77/1479/86
f  78/1420/90 1359/1421/90 1416/1481/90
f  78/1420/90 1416/1481/90 78/1480/90
f  1359/1421/1552 1360/1422/1551 1417/1482/1615
f  1359/1421/1552 1417/1482/1615 1416/1481/1616
f  1360/1422/1551 1361/1423/1553 1418/1483/1617
f  1360/1422/1551 1418/1483/1617 1417/1482/1615
f  1361/1423/1553 1362/1424/1554 1419/1484/1618
f  1361/1423/1553 1419/1484/1618 1418/1483/1617
f  1362/1424/1554 1363/1425/1555 1420/1485/1619
f  1362/1424/1554 1420/1485/1619 1419/1484/1618
f  1363/1425/1555 1364/1426/1556 1421/1486/1620
f  1363/1425/1555 1421/1486/1620 1420/1485/1619
f  1364/1426/1556 1365/1427/1557 1422/1487/1621
f  1364/1426/1556 1422/1487/1621 1421/1486/1620
f  1365/1427/1557 1366/1428/1558 1423/1488/1622
f  1365/1427/1557 1423/1488/1622 1422/1487/1621
f  1366/1428/1558 1367/1429/1559 1424/1489/1623
f  1366/1428/1558 1424/1489/1623 1423/1488/1622
f  1367/1429/1559 1368/1430/1560 1425/1490/1624
f  1367/1429/1559 1425/1490/1624 1424/1489/1623
f  1368/1430/1560 1369/1431/1561 1426/1491/1625
f  1368/1430/1560 1426/1491/1625 1425/1490/1624
f  1369/1431/1561 1370/1432/1562 1427/1492/1626
f  1369/1431/1561 1427/1492/1626 1426/1491/1625
f  1370/1432/1562 1371/1433/1563 1428/1493/1627
f  1370/1432/1562 1428/1493/1627 1427/1492/1626
f  1371/1433/1563 1372/1434/1564 1429/1494/1628
f  1371/1433/1563 1429/1494/1628 1428/1493/1627
f  1372/1434/1564 1373/1435/1565 1430/1495/1629
f  1372/1434/1564 1430/1495/1629 1429/1494/1628
f  1373/1435/1565 1374/1436/1566 1431/1496/1630
f  1373/1435/1565 1431/1496/1630 1430/1495/1629
f  1374/1436/1566 1375/1437/1567 1432/1497/1631
f  1374/1436/1566 1432/1497/1631 1431/1496/1630
f  1375/1437/1567 1376/1438/1568 1433/1498/1632
f  1375/1437/1567 1433/1498/1632 1432/1497/1631
f  1376/1438/1570 1377/1439/1569 1434/1499/1633
f  1376/1438/1570 1434/1499/1633 1433/1498/1634
f  1377/1439/90 1322/1440/90 1379/1500/90
f  1377/1439/90 1379/1500/89 1434/1499/1635
f  1379/1442/1572 1378/1441/1571 1435/1501/1636
f  1379/1442/1572 1435/1501/1636 1436/1502/1637
f  1378/1441/1574 1380/1443/1573 1437/1503/1638
f  1378/1441/1574 1437/1503/1638 1435/1501/1639
f  1380/1443/1573 1381/1444/1575 1438/1504/1640
f  1380/1443/1573 1438/1504/1640 1437/1503/1638
f  1381/1444/1575 1382/1445/1576 1439/1505/1641
f  1381/1444/1575 1439/1505/1641 1438/1504/1640
f  1382/1445/1576 1383/1446/1577 1440/1506/1642
f  1382/1445/1576 1440/1506/1642 1439/1505/1641
f  1383/1446/1577 1384/1447/1578 1441/1507/1643
f  1383/1446/1577 1441/1507/1643 1440/1506/1642
f  1384/1447/1578 1385/1448/1579 1442/1508/1644
f  1384/1447/1578 1442/1508/1644 1441/1507/1643
f  1385/1448/1579 1386/1449/1580 1443/1509/1645
f  1385/1448/1579 1443/1509/1645 1442/1508/1644
f  1386/1449/1580 1387/1450/1581 1444/1510/1646
f  1386/1449/1580 1444/1510/1646 1443/1509/1645
f  1387/1450/1581 1388/1451/1582 1445/1511/1647
f  1387/1450/1581 1445/1511/1647 1444/1510/1646
f  1388/1451/1582 1389/1452/1583 1446/1512/1648
f  1388/1451/1582 1446/1512/1648 1445/1511/1647
f  1389/1452/1583 1390/1453/1584 1447/1513/1649
f  1389/1452/1583 1447/1513/1649 1446/1512/1648
f  1390/1453/1584 1391/1454/1585 1448/1514/1650
f  1390/1453/1584 1448/1514/1650 1447/1513/1649
f  1391/1454/1585 1392/1455/1586 1449/1515/1651
f  1391/1454/1585 1449/1515/1651 1448/1514/1650
f  1392/1455/1586 1393/1456/1587 1450/1516/1652
f  1392/1455/1586 1450/1516/1652 1449/1515/1651
f  1393/1456/1587 1394/1457/1588 1451/1517/1653
f  1393/1456/1587 1451/1517/1653 1450/1516/1652
f  1394/1457/1588 1395/1458/1589 1452/1518/1654
f  1394/1457/1588 1452/1518/1654 1451/1517/1653
f  1395/1458/1589 1396/1459/1590 1453/1519/1655
f  1395/1458/1589 1453/1519/1655 1452/1518/1654
f  1396/1459/1592 1397/1460/1591 1454/1520/1656
f  1396/1459/1592 1454/1520/1656 1453/1519/1657
f  1397/1460/1591 1398/1461/1593 1455/1521/1658
f  1397/1460/1591 1455/1521/1658 1454/1520/1656
f  1398/1461/1593 1399/1462/1594 1456/1522/1659
f  1398/1461/1593 1456/1522/1659 1455/1521/1658
f  1399/1462/1594 1400/1463/1595 1457/1523/1660
f  1399/1462/1594 1457/1523/1660 1456/1522/1659
f  1400/1463/1595 1401/1464/1596 1458/1524/1661
f  1400/1463/1595 1458/1524/1661 1457/1523/1660
f  1401/1464/1596 1402/1465/1597 1459/1525/1662
f  1401/1464/1596 1459/1525/1662 1458/1524/1661
f  1402/1465/1597 1403/1466/1598 1460/1526/1663
f  1402/1465/1597 1460/1526/1663 1459/1525/1662
f  1403/1466/1598 1404/1467/1599 1461/1527/1664
f  1403/1466/1598 1461/1527/1664 1460/1526/1663
f  1404/1467/1599 1405/1468/1600 1462/1528/1665
f  1404/1467/1599 1462/1528/1665 1461/1527/1664
f  1405/1468/1600 1406/1469/1601 1463/1529/1666
f  1405/1468/1600 1463/1529/1666 1462/1528/1665
f  1406/1469/1601 1407/1470/1602 1464/1530/1667
f  1406/1469/1601 1464/1530/1667 1463/1529/1666
f  1407/1470/1602 1408/1471/1603 1465/1531/1668
f  1407/1470/1602 1465/1531/1668 1464/1530/1667
f  1408/1471/1603 1409/1472/1604 1466/1532/1669
f  1408/1471/1603 1466/1532/1669 1465/1531/1668
f  1409/1472/1604 1410/1473/1605 1467/1533/1670
f  1409/1472/1604 1467/1533/1670 1466/1532/1669
f  1410/1473/1605 1411/1474/1606 1468/1534/1671
f  1410/1473/1605 1468/1534/1671 1467/1533/1670
f  1411/1474/1606 1412/1475/1607 1469/1535/1672
f  1411/1474/1606 1469/1535/1672 1468/1534/1671
f  1412/1475/1607 1413/1476/1608 1470/1536/1673
f  1412/1475/1607 1470/1536/1673 1469/1535/1672
f  1413/1476/1610 1414/1477/1609 1471/1537/1674
f  1413/1476/1610 1471/1537/1674 1470/1536/1675
f  1414/1477/1612 1415/1478/1611 1472/1538/1676
f  1414/1477/1612 1472/1538/1676 1471/1537/1677
f  1415/1478/1614 77/1479/1613 77/1539/1678
f  1415/1478/1614 77/1539/1678 1472/1538/1679
f  77/1479/86 78/1480/86 78/1540/86
f  77/1479/86 78/1540/86 77/1539/86
f  78/1480/90 1416/1481/90 1473/1541/90
f  78/1480/90 1473/1541/90 78/1540/90
f  1416/1481/1616 1417/1482/1615 1474/1542/1680
f  1416/1481/1616 1474/1542/1680 1473/1541/1681
f  1417/1482/1615 1418/1483/1617 1475/1543/1682
f  1417/1482/1615 1475/1543/1682 1474/1542/1680
f  1418/1483/1617 1419/1484/1618 1476/1544/1683
f  1418/1483/1617 1476/1544/1683 1475/1543/1682
f  1419/1484/1618 1420/1485/1619 1477/1545/1684
f  1419/1484/1618 1477/1545/1684 1476/1544/1683
f  1420/1485/1619 1421/1486/1620 1478/1546/1685
f  1420/1485/1619 1478/1546/1685 1477/1545/1684
f  1421/1486/1620 1422/1487/1621 1479/1547/1686
f  1421/1486/1620 1479/1547/1686 1478/1546/1685
f  1422/1487/1621 1423/1488/1622 1480/1548/1687
f  1422/1487/1621 1480/1548/1687 1479/1547/1686
f  1423/1488/1622 1424/1489/1623 1481/1549/1688
f  1423/1488/1622 1481/1549/1688 1480/1548/1687
f  1424/1489/1623 1425/1490/1624 1482/1550/1689
f  1424/1489/1623 1482/1550/1689 1481/1549/1688
f  1425/1490/1624 1426/1491/1625 1483/1551/1690
f  1425/1490/1624 1483/1551/1690 1482/1550/1689
f  1426/1491/1625 1427/1492/1626 1484/1552/1691
f  1426/1491/1625 1484/1552/1691 1483/1551/1690
f  1427/1492/1626 1428/1493/1627 1485/1553/1692
f  1427/1492/1626 1485/1553/1692 1484/1552/1691
f  1428/1493/1627 1429/1494/1628 1486/1554/1693
f  1428/1493/1627 1486/1554/1693 1485/1553/1692
f  1429/1494/1628 1430/1495/1629 1487/1555/1694
f  1429/1494/1628 1487/1555/1694 1486/1554/1693
f  1430/1495/1629 1431/1496/1630 1488/1556/1695
f  1430/1495/1629 1488/1556/1695 1487/1555/1694
f  1431/1496/1630 1432/1497/1631 1489/1557/1696
f  1431/1496/1630 1489/1557/1696 1488/1556/1695
f  1432/1497/1631 1433/1498/1632 1490/1558/1697
f  1432/1497/1631 1490/1558/1697 1489/1557/1696
f  1433/1498/1634 1434/1499/1633 1491/1559/1698
f  1433/1498/1634 1491/1559/1698 1490/1558/1699
f  1434/1499/1635 1379/1500/1700 1436/1560/1700
f  1434/1499/1635 1436/1560/1701 1491/1559/1702
f  1436/1502/1637 1435/1501/1636 1492/1561/1703
f  1436/1502/1637 1492/1561/1703 1493/1562/1704
f  1435/1501/1639 1437/1503/1638 1494/1563/1705
f  1435/1501/1639 1494/1563/1705 1492/1561/1706
f  1437/1503/1638 1438/1504/1640 1495/1564/1707
f  1437/1503/1638 1495/1564/1707 1494/1563/1705
f  1438/1504/1640 1439/1505/1641 1496/1565/1708
f  1438/1504/1640 1496/1565/1708 1495/1564/1707
f  1439/1505/1641 1440/1506/1642 1497/1566/1709
f  1439/1505/1641 1497/1566/1709 1496/1565/1708
f  1440/1506/1642 1441/1507/1643 1498/1567/1710
f  1440/1506/1642 1498/1567/1710 1497/1566/1709
f  1441/1507/1643 1442/1508/1644 1499/1568/1711
f  1441/1507/1643 1499/1568/1711 1498/1567/1710
f  1442/1508/1644 1443/1509/1645 1500/1569/1712
f  1442/1508/1644 1500/1569/1712 1499/1568/1711
f  1443/1509/1645 1444/1510/1646 1501/1570/1713
f  1443/1509/1645 1501/1570/1713 1500/1569/1712
f  1444/1510/1646 1445/1511/1647 1502/1571/1714
f  1444/1510/1646 1502/1571/1714 1501/1570/1713
f  1445/1511/1647 1446/1512/1648 1503/1572/1715
f  1445/1511/1647 1503/1572/1715 1502/1571/1714
f  1446/1512/1648 1447/1513/1649 1504/1573/1716
f  1446/1512/1648 1504/1573/1716 1503/1572/1715
f  1447/1513/1649 1448/1514/1650 1505/1574/1717
f  1447/1513/1649 1505/1574/1717 1504/1573/1716
f  1448/1514/1650 1449/1515/1651 1506/1575/1718
f  1448/1514/1650 1506/1575/1718 1505/1574/1717
f  1449/1515/1651 1450/1516/1652 1507/1576/1719
f  1449/1515/1651 1507/1576/1719 1506/1575/1718
f  1450/1516/1652 1451/1517/1653 1508/1577/1720
f  1450/1516/1652 1508/1577/1720 1507/1576/1719
f  1451/1517/1653 1452/1518/1654 1509/1578/1721
f  1451/1517/1653 1509/1578/1721 1508/1577/1720
f  1452/1518/1654 1453/1519/1655 1510/1579/1722
f  1452/1518/1654 1510/1579/1722 1509/1578/1721
f  1453/1519/1657 1454/1520/1656 1511/1580/1723
f  1453/1519/1657 1511/1580/1723 1510/1579/1724
f  1454/1520/1656 1455/1521/1658 1512/1581/1725
f  1454/1520/1656 1512/1581/1725 1511/1580/1723
f  1455/1521/1658 1456/1522/1659 1513/1582/1726
f  1455/1521/1658 1513/1582/1726 1512/1581/1725
f  1456/1522/1659 1457/1523/1660 1514/1583/1727
f  1456/1522/1659 1514/1583/1727 1513/1582/1726
f  1457/1523/1660 1458/1524/1661 1515/1584/1728
f  1457/1523/1660 1515/1584/1728 1514/1583/1727
f  1458/1524/1661 1459/1525/1662 1516/1585/1729
f  1458/1524/1661 1516/1585/1729 1515/1584/1728
f  1459/1525/1662 1460/1526/1663 1517/1586/1730
f  1459/1525/1662 1517/1586/1730 1516/1585/1729
f  1460/1526/1663 1461/1527/1664 1518/1587/1731
f  1460/1526/1663 1518/1587/1731 1517/1586/1730
f  1461/1527/1664 1462/1528/1665 1519/1588/1732
f  1461/1527/1664 1519/1588/1732 1518/1587/1731
f  1462/1528/1665 1463/1529/1666 1520/1589/1733
f  1462/1528/1665 1520/1589/1733 1519/1588/1732
f  1463/1529/1666 1464/1530/1667 1521/1590/1734
f  1463/1529/1666 1521/1590/1734 1520/1589/1733
f  1464/1530/1667 1465/1531/1668 1522/1591/1735
f  1464/1530/1667 1522/1591/1735 1521/1590/1734
f  1465/1531/1668 1466/1532/1669 1523/1592/1736
f  1465/1531/1668 1523/1592/1736 1522/1591/1735
f  1466/1532/1669 1467/1533/1670 1524/1593/1737
f  1466/1532/1669 1524/1593/1737 1523/1592/1736
f  1467/1533/1670 1468/1534/1671 1525/1594/1738
f  1467/1533/1670 1525/1594/1738 1524/1593/1737
f  1468/1534/1671 1469/1535/1672 1526/1595/1739
f  1468/1534/1671 1526/1595/1739 1525/1594/1738
f  1469/1535/1672 1470/1536/1673 1527/1596/1740
f  1469/1535/1672 1527/1596/1740 1526/1595/1739
f  1470/1536/1675 1471/1537/1674 1528/1597/1741
f  1470/1536/1675 1528/1597/1741 1527/1596/1742
f  1471/1537/1677 1472/1538/1676 1529/1598/1743
f  1471/1537/1677 1529/1598/1743 1528/1597/1744
f  1472/1538/1679 77/1539/1678 77/1599/1745
f  1472/1538/1679 77/1599/1745 1529/1598/1746
f  77/1539/86 78/1540/86 78/1600/86
f  77/1539/86 78/1600/86 77/1599/86
f  78/1540/90 1473/1541/90 1530/1601/90
f  78/1540/90 1530/1601/90 78/1600/90
f  1473/1541/1681 1474/1542/1680 1531/1602/1747
f  1473/1541/1681 1531/1602/1747 1530/1601/1748
f  1474/1542/1680 1475/1543/1682 1532/1603/1749
f  1474/1542/1680 1532/1603/1749 1531/1602/1747
f  1475/1543/1682 1476/1544/1683 1533/1604/1750
f  1475/1543/1682 1533/1604/1750 1532/1603/1749
f  1476/1544/1683 1477/1545/1684 1534/1605/1751
f  1476/1544/1683 1534/1605/1751 1533/1604/1750
f  1477/1545/1684 1478/1546/1685 1535/1606/1752
f  1477/1545/1684 1535/1606/1752 1534/1605/1751
f  1478/1546/1685 1479/1547/1686 1536/1607/1753
f  1478/1546/1685 1536/1607/1753 1535/1606/1752
f  1479/1547/1686 1480/1548/1687 1537/1608/1754
f  1479/1547/1686 1537/1608/1754 1536/1607/1753
f  1480/1548/1687 1481/1549/1688 1538/1609/1755
f  1480/1548/1687 1538/1609/1755 1537/1608/1754
f  1481/1549/1688 1482/1550/1689 1539/1610/1756
f  1481/1549/1688 1539/1610/1756 1538/1609/1755
f  1482/1550/1689 1483/1551/1690 1540/1611/1757
f  1482/1550/1689 1540/1611/1757 1539/1610/1756
f  1483/1551/1690 1484/1552/1691 1541/1612/1758
f  1483/1551/1690 1541/1612/1758 1540/1611/1757
f  1484/1552/1691 1485/1553/1692 1542/1613/1759
f  1484/1552/1691 1542/1613/1759 1541/1612/1758
f  1485/1553/1692 1486/1554/1693 1543/1614/1760
f  1485/1553/1692 1543/1614/1760 1542/1613/1759
f  1486/1554/1693 1487/1555/1694 1544/1615/1761
f  1486/1554/1693 1544/1615/1761 1543/1614/1760
f  1487/1555/1694 1488/1556/1695 1545/1616/1762
f  1487/1555/1694 1545/1616/1762 1544/1615/1761
f  1488/1556/1695 1489/1557/1696 1546/1617/1763
f  1488/1556/1695 1546/1617/1763 1545/1616/1762
f  1489/1557/1696 1490/1558/1697 1547/1618/1764
f  1489/1557/1696 1547/1618/1764 1546/1617/1763
f  1490/1558/1699 1491/1559/1698 1548/1619/1765
f  1490/1558/1699 1548/1619/1765 1547/1618/1766
f  1491/1559/1702 1436/1560/90 1493/1620/90
f  1491/1559/1702 1493/1620/90 1548/1619/1767
f  1493/1562/1704 1492/1561/1703 1549/1621/1768
f  1493/1562/1704 1549/1621/1768 1550/1622/1769
f  1492/1561/1706 1494/1563/1705 1551/1623/1770
f  1492/1561/1706 1551/1623/1770 1549/1621/1771
f  1494/1563/1705 1495/1564/1707 1552/1624/1772
f  1494/1563/1705 1552/1624/1772 1551/1623/1770
f  1495/1564/1707 1496/1565/1708 1553/1625/1773
f  1495/1564/1707 1553/1625/1773 1552/1624/1772
f  1496/1565/1708 1497/1566/1709 1554/1626/1774
f  1496/1565/1708 1554/1626/1774 1553/1625/1773
f  1497/1566/1709 1498/1567/1710 1555/1627/1775
f  1497/1566/1709 1555/1627/1775 1554/1626/1774
f  1498/1567/1710 1499/1568/1711 1556/1628/1776
f  1498/1567/1710 1556/1628/1776 1555/1627/1775
f  1499/1568/1711 1500/1569/1712 1557/1629/1777
f  1499/1568/1711 1557/1629/1777 1556/1628/1776
f  1500/1569/1712 1501/1570/1713 1558/1630/1778
f  1500/1569/1712 1558/1630/1778 1557/1629/1777
f  1501/1570/1713 1502/1571/1714 1559/1631/1779
f  1501/1570/1713 1559/1631/1779 1558/1630/1778
f  1502/1571/1714 1503/1572/1715 1560/1632/1780
f  1502/1571/1714 1560/1632/1780 1559/1631/1779
f  1503/1572/1715 1504/1573/1716 1561/1633/1781
f  1503/1572/1715 1561/1633/1781 1560/1632/1780
f  1504/1573/1716 1505/1574/1717 1562/1634/1782
f  1504/1573/1716 1562/1634/1782 1561/1633/1781
f  1505/1574/1717 1506/1575/1718 1563/1635/1783
f  1505/1574/1717 1563/1635/1783 1562/1634/1782
f  1506/1575/1718 1507/1576/1719 1564/1636/1784
f  1506/1575/1718 1564/1636/1784 1563/1635/1783
f  1507/1576/1719 1508/1577/1720 1565/1637/1785
f  1507/1576/1719 1565/1637/1785 1564/1636/1784
f  1508/1577/1720 1509/1578/1721 1566/1638/1786
f  1508/1577/1720 1566/1638/1786 1565/1637/1785
f  1509/1578/1721 1510/1579/1722 1567/1639/1787
f  1509/1578/1721 1567/1639/1787 1566/1638/1786
f  1510/1579/1724 1511/1580/1723 1568/1640/1788
f  1510/1579/1724 1568/1640/1788 1567/1639/1789
f  1511/1580/1723 1512/1581/1725 1569/1641/1790
f  1511/1580/1723 1569/1641/1790 1568/1640/1788
f  1512/1581/1725 1513/1582/1726 1570/1642/1791
f  1512/1581/1725 1570/1642/1791 1569/1641/1790
f  1513/1582/1726 1514/1583/1727 1571/1643/1792
f  1513/1582/1726 1571/1643/1792 1570/1642/1791
f  1514/1583/1727 1515/1584/1728 1572/1644/1793
f  1514/1583/1727 1572/1644/1793 1571/1643/1792
f  1515/1584/1728 1516/1585/1729 1573/1645/1794
f  1515/1584/1728 1573/1645/1794 1572/1644/1793
f  1516/1585/1729 1517/1586/1730 1574/1646/1795
f  1516/1585/1729 1574/1646/1795 1573/1645/1794
f  1517/1586/1730 1518/1587/1731 1575/1647/1796
f  1517/1586/1730 1575/1647/1796 1574/1646/1795
f  1518/1587/1731 1519/1588/1732 1576/1648/1797
f  1518/1587/1731 1576/1648/1797 1575/1647/1796
f  1519/1588/1732 1520/1589/1733 1577/1649/1798
f  1519/1588/1732 1577/1649/1798 1576/1648/1797
f  1520/1589/1733 1521/1590/1734 1578/1650/1799
f  1520/1589/1733 1578/1650/1799 1577/1649/1798
f  1521/1590/1734 1522/1591/1735 1579/1651/1800
f  1521/1590/1734 1579/1651/1800 1578/1650/1799
f  1522/1591/1735 1523/1592/1736 1580/1652/1801
f  1522/1591/1735 1580/1652/1801 1579/1651/1800
f  1523/1592/1736 1524/1593/1737 1581/1653/1802
f  1523/1592/1736 1581/1653/1802 1580/1652/1801
f  1524/1593/1737 1525/1594/1738 1582/1654/1803
f  1524/1593/1737 1582/1654/1803 1581/1653/1802
f  1525/1594/1738 1526/1595/1739 1583/1655/1804
f  1525/1594/1738 1583/1655/1804 1582/1654/1803
f  1526/1595/1739 1527/1596/1740 1584/1656/1805
f  1526/1595/1739 1584/1656/1805 1583/1655/1804
f  1527/1596/1742 1528/1597/1741 1585/1657/1806
f  1527/1596/1742 1585/1657/1806 1584/1656/1807
f  1528/1597/1744 1529/1598/1743 1586/1658/1808
f  1528/1597/1744 1586/1658/1808 1585/1657/1809
f  1529/1598/1746 77/1599/1745 77/1659/1810
f  1529/1598/1746 77/1659/1810 1586/1658/1811
f  77/1599/86 78/1600/86 78/1660/86
f  77/1599/86 78/1660/86 77/1659/86
f  78/1600/90 1530/1601/90 1587/1661/90
f  78/1600/90 1587/1661/90 78/1660/89
f  1530/1601/1748 1531/1602/1747 1588/1662/1812
f  1530/1601/1748 1588/1662/1812 1587/1661/1813
f  1531/1602/1747 1532/1603/1749 1589/1663/1814
f  1531/1602/1747 1589/1663/1814 1588/1662/1812
f  1532/1603/1749 1533/1604/1750 1590/1664/1815
f  1532/1603/1749 1590/1664/1815 1589/1663/1814
f  1533/1604/1750 1534/1605/1751 1591/1665/1816
f  1533/1604/1750 1591/1665/1816 1590/1664/1815
f  1534/1605/1751 1535/1606/1752 1592/1666/1817
f  1534/1605/1751 1592/1666/1817 1591/1665/1816
f  1535/1606/1752 1536/1607/1753 1593/1667/1818
f  1535/1606/1752 1593/1667/1818 1592/1666/1817
f  1536/1607/1753 1537/1608/1754 1594/1668/1819
f  1536/1607/1753 1594/1668/1819 1593/1667/1818
f  1537/1608/1754 1538/1609/1755 1595/1669/1820
f  1537/1608/1754 1595/1669/1820 1594/1668/1819
f  1538/1609/1755 1539/1610/1756 1596/1670/1821
f  1538/1609/1755 1596/1670/1821 1595/1669/1820
f  1539/1610/1756 1540/1611/1757 1597/1671/1822
f  1539/1610/1756 1597/1671/1822 1596/1670/1821
f  1540/1611/1757 1541/1612/1758 1598/1672/1823
f  1540/1611/1757 1598/1672/1823 1597/1671/1822
f  1541/1612/1758 1542/1613/1759 1599/1673/1824
f  1541/1612/1758 1599/1673/1824 1598/1672/1823
f  1542/1613/1759 1543/1614/1760 1600/1674/1825
f  1542/1613/1759 1600/1674/1825 1599/1673/1824
f  1543/1614/1760 1544/1615/1761 1601/1675/1826
f  1543/1614/1760 1601/1675/1826 1600/1674/1825
f  1544/1615/1761 1545/1616/1762 1602/1676/1827
f  1544/1615/1761 1602/1676/1827 1601/1675/1826
f  1545/1616/1762 1546/1617/1763 1603/1677/1828
f  1545/1616/1762 1603/1677/1828 1602/1676/1827
f  1546/1617/1763 1547/1618/1764 1604/1678/1829
f  1546/1617/1763 1604/1678/1829 1603/1677/1828
f  1547/1618/1766 1548/1619/1765 1605/1679/1830
f  1547/1618/1766 1605/1679/1830 1604/1678/1831
f  1548/1619/1767 1493/1620/1832 1550/1680/1833
f  1548/1619/1767 1550/1680/1834 1605/1679/1835
f  1550/1622/1769 1549/1621/1768 2/1681/1836
f  1550/1622/1769 2/1681/1837 1/1682/1838
f  1549/1621/1771 1551/1623/1770 5/1683/1839
f  1549/1621/1771 5/1683/1840 2/1681/1840
f  1551/1623/1770 1552/1624/1772 7/1684/1841
f  1551/1623/1770 7/1684/1842 5/1683/1843
f  1552/1624/1772 1553/1625/1773 9/1685/1844
f  1552/1624/1772 9/1685/1845 7/1684/1846
f  1553/1625/1773 1554/1626/1774 11/1686/1847
f  1553/1625/1773 11/1686/1848 9/1685/1849
f  1554/1626/1774 1555/1627/1775 13/1687/1850
f  1554/1626/1774 13/1687/1851 11/1686/1852
f  1555/1627/1775 1556/1628/1776 15/1688/1853
f  1555/1627/1775 15/1688/1854 13/1687/1855
f  1556/1628/1776 1557/1629/1777 17/1689/1856
f  1556/1628/1776 17/1689/1857 15/1688/1858
f  1557/1629/1777 1558/1630/1778 19/1690/1859
f  1557/1629/1777 19/1690/1860 17/1689/1860
f  1558/1630/1778 1559/1631/1779 21/1691/1861
f  1558/1630/1778 21/1691/1862 19/1690/1863
f  1559/1631/1779 1560/1632/1780 23/1692/1864
f  1559/1631/1779 23/1692/1865 21/1691/1866
f  1560/1632/1780 1561/1633/1781 25/1693/1867
f  1560/1632/1780 25/1693/1868 23/1692/1869
f  1561/1633/1781 1562/1634/1782 27/1694/1870
f  1561/1633/1781 27/1694/1871 25/1693/1871
f  1562/1634/1782 1563/1635/1783 29/1695/1872
f  1562/1634/1782 29/1695/1873 27/1694/1874
f  1563/1635/1783 1564/1636/1784 31/1696/1875
f  1563/1635/1783 31/1696/1876 29/1695/1877
f  1564/1636/1784 1565/1637/1785 33/1697/1878
f  1564/1636/1784 33/1697/1879 31/1696/1880
f  1565/1637/1785 1566/1638/1786 35/1698/1881
f  1565/1637/1785 35/1698/1882 33/1697/1883
f  1566/1638/1786 1567/1639/1787 37/1699/1884
f  1566/1638/1786 37/1699/1885 35/1698/1886
f  1567/1639/1789 1568/1640/1788 39/1700/1887
f  1567/1639/1789 39/1700/1888 37/1699/1889
f  1568/1640/1788 1569/1641/1790 41/1701/1890
f  1568/1640/1788 41/1701/1891 39/1700/1892
f  1569/1641/1790 1570/1642/1791 43/1702/1893
f  1569/1641/1790 43/1702/1894 41/1701/1895
f  1570/1642/1791 1571/1643/1792 45/1703/1896
f  1570/1642/1791 45/1703/1897 43/1702/1898
f  1571/1643/1792 1572/1644/1793 47/1704/1899
f  1571/1643/1792 47/1704/1900 45/1703/1901
f  1572/1644/1793 1573/1645/1794 49/1705/1902
f  1572/1644/1793 49/1705/1903 47/1704/1903
f  1573/1645/1794 1574/1646/1795 51/1706/1904
f  1573/1645/1794 51/1706/1905 49/1705/1906
f  1574/1646/1795 1575/1647/1796 53/1707/1907
f  1574/1646/1795 53/1707/1908 51/1706/1909
f  1575/1647/1796 1576/1648/1797 55/1708/1910
f  1575/1647/1796 55/1708/1911 53/1707/1912
f  1576/1648/1797 1577/1649/1798 57/1709/1913
f  1576/1648/1797 57/1709/1914 55/1708/1914
f  1577/1649/1798 1578/1650/1799 59/1710/1915
f  1577/1649/1798 59/1710/1916 57/1709/1917
f  1578/1650/1799 1579/1651/1800 61/1711/1918
f  1578/1650/1799 61/1711/1919 59/1710/1920
f  1579/1651/1800 1580/1652/1801 63/1712/1921
f  1579/1651/1800 63/1712/1922 61/1711/1923
f  1580/1652/1801 1581/1653/1802 65/1713/1924
f  1580/1652/1801 65/1713/1925 63/1712/1926
f  1581/1653/1802 1582/1654/1803 67/1714/1927
f  1581/1653/1802 67/1714/1928 65/1713/1928
f  1582/1654/1803 1583/1655/1804 69/1715/1929
f  1582/1654/1803 69/1715/1930 67/1714/1931
f  1583/1655/1804 1584/1656/1805 71/1716/1932
f  1583/1655/1804 71/1716/1933 69/1715/1934
f  1584/1656/1807 1585/1657/1806 73/1717/1935
f  1584/1656/1807 73/1717/1936 71/1716/1937
f  1585/1657/1809 1586/1658/1808 75/1718/1938
f  1585/1657/1809 75/1718/1939 73/1717/1940
f  1586/1658/1811 77/1659/1810 77/1719/86
f  1586/1658/1811 77/1719/1941 75/1718/1942
f  77/1659/86 78/1660/86 78/1720/86
f  77/1659/86 78/1720/86 77/1719/86
f  78/1660/89 1587/1661/90 79/1721/89
f  78/1660/89 79/1721/86 78/1720/86
f  1587/1661/1813 1588/1662/1812 81/1722/1943
f  1587/1661/1813 81/1722/1944 79/1721/1945
f  1588/1662/1812 1589/1663/1814 83/1723/1946
f  1588/1662/1812 83/1723/1947 81/1722/1947
f  1589/1663/1814 1590/1664/1815 85/1724/1948
f  1589/1663/1814 85/1724/1949 83/1723/1950
f  1590/1664/1815 1591/1665/1816 87/1725/1951
f  1590/1664/1815 87/1725/1952 85/1724/1953
f  1591/1665/1816 1592/1666/1817 89/1726/1954
f  1591/1665/1816 89/1726/1955 87/1725/1956
f  1592/1666/1817 1593/1667/1818 91/1727/1957
f  1592/1666/1817 91/1727/1958 89/1726/1959
f  1593/1667/1818 1594/1668/1819 93/1728/1960
f  1593/1667/1818 93/1728/1961 91/1727/1962
f  1594/1668/1819 1595/1669/1820 95/1729/1963
f  1594/1668/1819 95/1729/1964 93/1728/1965
f  1595/1669/1820 1596/1670/1821 97/1730/1966
f  1595/1669/1820 97/1730/1967 95/1729/1968
f  1596/1670/1821 1597/1671/1822 99/1731/1969
f  1596/1670/1821 99/1731/1970 97/1730/1970
f  1597/1671/1822 1598/1672/1823 101/1732/1971
f  1597/1671/1822 101/1732/1972 99/1731/1973
f  1598/1672/1823 1599/1673/1824 103/1733/1974
f  1598/1672/1823 103/1733/1975 101/1732/1976
f  1599/1673/1824 1600/1674/1825 105/1734/1977
f  1599/1673/1824 105/1734/1978 103/1733/1978
f  1600/1674/1825 1601/1675/1826 107/1735/1979
f  1600/1674/1825 107/1735/1980 105/1734/1981
f  1601/1675/1826 1602/1676/1827 109/1736/1982
f  1601/1675/1826 109/1736/1983 107/1735/1984
f  1602/1676/1827 1603/1677/1828 111/1737/1985
f  1602/1676/1827 111/1737/1986 109/1736/1987
f  1603/1677/1828 1604/1678/1829 113/1738/1988
f  1603/1677/1828 113/1738/1989 111/1737/1990
f  1604/1678/1831 1605/1679/1830 115/1739/1991
f  1604/1678/1831 115/1739/1992 113/1738/1992
f  1605/1679/1835 1550/1680/90 1/1740/90
f  1605/1679/1835 1/1740/90 115/1739/90

